--Banking System Project

--Your task is to create a model for bank that still uses 
--Excel databases and facing many problems with running tables.

--So now you have your model but still your tables have no data in it. 
--So fill them with 10000 rows at least it will not be a problem since you have created data model.
--Once you have created the model get ready to find different KPIs for your visuals, 
--bank employees can give you some sort of questions like can you find C or D cards that are being robbed.   

--Get ready…
--•	Top 3 Customers with the Highest Total Balance Across All Accounts 
--•	Customers Who Have More Than One Active Loan
--•	Transactions That Were Flagged as Fraudulent                                                                                                 
--•	Total Loan Amount Issued Per Branch
--•	Customers who made multiple large transactions (above $10,000) within a short time frame (less than 1 hour apart)
--•	Customers who have made transactions from different countries within 10 minutes, a common red flag for fraud.
--Now ask yourself why you have typed that much query.

CREATE DATABASE BankingSystem;
GO

USE BankingSystem;

CREATE TABLE Customers 
   (CustomerID INT PRIMARY KEY,
    FullName VARCHAR(100),
    DOB DATE,
    Email VARCHAR(100),
    PhoneNumber VARCHAR(20),
    Address VARCHAR(200),
    NationalID VARCHAR(20),
    TaxID VARCHAR(20),
    EmploymentStatus VARCHAR(50),
    AnnualIncome DECIMAL(15,2),
    CreatedAt DATETIME,
    UpdatedAt DATETIME);

INSERT INTO Customers VALUES
(1,'Customer 1','1985-01-01','c1@gmail.com','+998901000001','Tashkent','AA0000001','TX1','Employed',1100,'2022-01-01','2023-01-01'),
(2,'Customer 2','1985-01-02','c2@gmail.com','+998901000002','Tashkent','AA0000002','TX2','Employed',1200,'2022-01-01','2023-01-01'),
(3,'Customer 3','1985-01-03','c3@gmail.com','+998901000003','Tashkent','AA0000003','TX3','Employed',1300,'2022-01-01','2023-01-01'),
(4,'Customer 4','1985-01-04','c4@gmail.com','+998901000004','Tashkent','AA0000004','TX4','Employed',1400,'2022-01-01','2023-01-01'),
(5,'Customer 5','1985-01-05','c5@gmail.com','+998901000005','Tashkent','AA0000005','TX5','Employed',1500,'2022-01-01','2023-01-01'),

(6,'Customer 6','1985-01-06','c6@gmail.com','+998901000006','Tashkent','AA0000006','TX6','Employed',1600,'2022-01-01','2023-01-01'),
(7,'Customer 7','1985-01-07','c7@gmail.com','+998901000007','Tashkent','AA0000007','TX7','Employed',1700,'2022-01-01','2023-01-01'),
(8,'Customer 8','1985-01-08','c8@gmail.com','+998901000008','Tashkent','AA0000008','TX8','Employed',1800,'2022-01-01','2023-01-01'),
(9,'Customer 9','1985-01-09','c9@gmail.com','+998901000009','Tashkent','AA0000009','TX9','Employed',1900,'2022-01-01','2023-01-01'),
(10,'Customer 10','1985-01-10','c10@gmail.com','+998901000010','Tashkent','AA0000010','TX10','Employed',2000,'2022-01-01','2023-01-01'),

(11,'Customer 11','1985-01-11','c11@gmail.com','+998901000011','Tashkent','AA0000011','TX11','Employed',2100,'2022-01-01','2023-01-01'),
(12,'Customer 12','1985-01-12','c12@gmail.com','+998901000012','Tashkent','AA0000012','TX12','Employed',2200,'2022-01-01','2023-01-01'),
(13,'Customer 13','1985-01-13','c13@gmail.com','+998901000013','Tashkent','AA0000013','TX13','Employed',2300,'2022-01-01','2023-01-01'),
(14,'Customer 14','1985-01-14','c14@gmail.com','+998901000014','Tashkent','AA0000014','TX14','Employed',2400,'2022-01-01','2023-01-01'),
(15,'Customer 15','1985-01-15','c15@gmail.com','+998901000015','Tashkent','AA0000015','TX15','Employed',2500,'2022-01-01','2023-01-01'),

(16,'Customer 16','1985-01-16','c16@gmail.com','+998901000016','Tashkent','AA0000016','TX16','Employed',2600,'2022-01-01','2023-01-01'),
(17,'Customer 17','1985-01-17','c17@gmail.com','+998901000017','Tashkent','AA0000017','TX17','Employed',2700,'2022-01-01','2023-01-01'),
(18,'Customer 18','1985-01-18','c18@gmail.com','+998901000018','Tashkent','AA0000018','TX18','Employed',2800,'2022-01-01','2023-01-01'),
(19,'Customer 19','1985-01-19','c19@gmail.com','+998901000019','Tashkent','AA0000019','TX19','Employed',2900,'2022-01-01','2023-01-01'),
(20,'Customer 20','1985-01-20','c20@gmail.com','+998901000020','Tashkent','AA0000020','TX20','Employed',3000,'2022-01-01','2023-01-01'),

(21,'Customer 21','1985-01-21','c21@gmail.com','+998901000021','Tashkent','AA0000021','TX21','Employed',3100,'2022-01-01','2023-01-01'),
(22,'Customer 22','1985-01-22','c22@gmail.com','+998901000022','Tashkent','AA0000022','TX22','Employed',3200,'2022-01-01','2023-01-01'),
(23,'Customer 23','1985-01-23','c23@gmail.com','+998901000023','Tashkent','AA0000023','TX23','Employed',3300,'2022-01-01','2023-01-01'),
(24,'Customer 24','1985-01-24','c24@gmail.com','+998901000024','Tashkent','AA0000024','TX24','Employed',3400,'2022-01-01','2023-01-01'),
(25,'Customer 25','1985-01-25','c25@gmail.com','+998901000025','Tashkent','AA0000025','TX25','Employed',3500,'2022-01-01','2023-01-01'),

(26,'Customer 26','1985-01-26','c26@gmail.com','+998901000026','Tashkent','AA0000026','TX26','Employed',3600,'2022-01-01','2023-01-01'),
(27,'Customer 27','1985-01-27','c27@gmail.com','+998901000027','Tashkent','AA0000027','TX27','Employed',3700,'2022-01-01','2023-01-01'),
(28,'Customer 28','1985-01-28','c28@gmail.com','+998901000028','Tashkent','AA0000028','TX28','Employed',3800,'2022-01-01','2023-01-01'),
(29,'Customer 29','1985-01-29','c29@gmail.com','+998901000029','Tashkent','AA0000029','TX29','Employed',3900,'2022-01-01','2023-01-01'),
(30,'Customer 30','1985-01-30','c30@gmail.com','+998901000030','Tashkent','AA0000030','TX30','Employed',4000,'2022-01-01','2023-01-01'),

(31,'Customer 31','1985-01-31','c31@gmail.com','+998901000031','Tashkent','AA0000031','TX31','Employed',4100,'2022-01-01','2023-01-01'),
(32,'Customer 32','1985-02-01','c32@gmail.com','+998901000032','Tashkent','AA0000032','TX32','Employed',4200,'2022-01-01','2023-01-01'),
(33,'Customer 33','1985-02-02','c33@gmail.com','+998901000033','Tashkent','AA0000033','TX33','Employed',4300,'2022-01-01','2023-01-01'),
(34,'Customer 34','1985-02-03','c34@gmail.com','+998901000034','Tashkent','AA0000034','TX34','Employed',4400,'2022-01-01','2023-01-01'),
(35,'Customer 35','1985-02-04','c35@gmail.com','+998901000035','Tashkent','AA0000035','TX35','Employed',4500,'2022-01-01','2023-01-01'),

(36,'Customer 36','1985-02-05','c36@gmail.com','+998901000036','Tashkent','AA0000036','TX36','Employed',4600,'2022-01-01','2023-01-01'),
(37,'Customer 37','1985-02-06','c37@gmail.com','+998901000037','Tashkent','AA0000037','TX37','Employed',4700,'2022-01-01','2023-01-01'),
(38,'Customer 38','1985-02-07','c38@gmail.com','+998901000038','Tashkent','AA0000038','TX38','Employed',4800,'2022-01-01','2023-01-01'),
(39,'Customer 39','1985-02-08','c39@gmail.com','+998901000039','Tashkent','AA0000039','TX39','Employed',4900,'2022-01-01','2023-01-01'),
(40,'Customer 40','1985-02-09','c40@gmail.com','+998901000040','Tashkent','AA0000040','TX40','Employed',5000,'2022-01-01','2023-01-01'),

(41,'Customer 41','1985-02-10','c41@gmail.com','+998901000041','Tashkent','AA0000041','TX41','Employed',5100,'2022-01-01','2023-01-01'),
(42,'Customer 42','1985-02-11','c42@gmail.com','+998901000042','Tashkent','AA0000042','TX42','Employed',5200,'2022-01-01','2023-01-01'),
(43,'Customer 43','1985-02-12','c43@gmail.com','+998901000043','Tashkent','AA0000043','TX43','Employed',5300,'2022-01-01','2023-01-01'),
(44,'Customer 44','1985-02-13','c44@gmail.com','+998901000044','Tashkent','AA0000044','TX44','Employed',5400,'2022-01-01','2023-01-01'),
(45,'Customer 45','1985-02-14','c45@gmail.com','+998901000045','Tashkent','AA0000045','TX45','Employed',5500,'2022-01-01','2023-01-01'),

(46,'Customer 46','1985-02-15','c46@gmail.com','+998901000046','Tashkent','AA0000046','TX46','Employed',5600,'2022-01-01','2023-01-01'),
(47,'Customer 47','1985-02-16','c47@gmail.com','+998901000047','Tashkent','AA0000047','TX47','Employed',5700,'2022-01-01','2023-01-01'),
(48,'Customer 48','1985-02-17','c48@gmail.com','+998901000048','Tashkent','AA0000048','TX48','Employed',5800,'2022-01-01','2023-01-01'),
(49,'Customer 49','1985-02-18','c49@gmail.com','+998901000049','Tashkent','AA0000049','TX49','Employed',5900,'2022-01-01','2023-01-01'),
(50,'Customer 50','1985-02-19','c50@gmail.com','+998901000050','Tashkent','AA0000050','TX50','Employed',6000,'2022-01-01','2023-01-01'),

(51,'Customer 51','1985-02-20','c51@gmail.com','+998901000051','Tashkent','AA0000051','TX51','Employed',6100,'2022-01-01','2023-01-01'),
(52,'Customer 52','1985-02-21','c52@gmail.com','+998901000052','Tashkent','AA0000052','TX52','Employed',6200,'2022-01-01','2023-01-01'),
(53,'Customer 53','1985-02-22','c53@gmail.com','+998901000053','Tashkent','AA0000053','TX53','Employed',6300,'2022-01-01','2023-01-01'),
(54,'Customer 54','1985-02-23','c54@gmail.com','+998901000054','Tashkent','AA0000054','TX54','Employed',6400,'2022-01-01','2023-01-01'),
(55,'Customer 55','1985-02-24','c55@gmail.com','+998901000055','Tashkent','AA0000055','TX55','Employed',6500,'2022-01-01','2023-01-01'),

(56,'Customer 56','1985-02-25','c56@gmail.com','+998901000056','Tashkent','AA0000056','TX56','Employed',6600,'2022-01-01','2023-01-01'),
(57,'Customer 57','1985-02-26','c57@gmail.com','+998901000057','Tashkent','AA0000057','TX57','Employed',6700,'2022-01-01','2023-01-01'),
(58,'Customer 58','1985-02-27','c58@gmail.com','+998901000058','Tashkent','AA0000058','TX58','Employed',6800,'2022-01-01','2023-01-01'),
(59,'Customer 59','1985-02-28','c59@gmail.com','+998901000059','Tashkent','AA0000059','TX59','Employed',6900,'2022-01-01','2023-01-01'),
(60,'Customer 60','1985-03-01','c60@gmail.com','+998901000060','Tashkent','AA0000060','TX60','Employed',7000,'2022-01-01','2023-01-01'),

(61,'Customer 61','1985-03-02','c61@gmail.com','+998901000061','Tashkent','AA0000061','TX61','Employed',7100,'2022-01-01','2023-01-01'),
(62,'Customer 62','1985-03-03','c62@gmail.com','+998901000062','Tashkent','AA0000062','TX62','Employed',7200,'2022-01-01','2023-01-01'),
(63,'Customer 63','1985-03-04','c63@gmail.com','+998901000063','Tashkent','AA0000063','TX63','Employed',7300,'2022-01-01','2023-01-01'),
(64,'Customer 64','1985-03-05','c64@gmail.com','+998901000064','Tashkent','AA0000064','TX64','Employed',7400,'2022-01-01','2023-01-01'),
(65,'Customer 65','1985-03-06','c65@gmail.com','+998901000065','Tashkent','AA0000065','TX65','Employed',7500,'2022-01-01','2023-01-01'),

(66,'Customer 66','1985-03-07','c66@gmail.com','+998901000066','Tashkent','AA0000066','TX66','Employed',7600,'2022-01-01','2023-01-01'),
(67,'Customer 67','1985-03-08','c67@gmail.com','+998901000067','Tashkent','AA0000067','TX67','Employed',7700,'2022-01-01','2023-01-01'),
(68,'Customer 68','1985-03-09','c68@gmail.com','+998901000068','Tashkent','AA0000068','TX68','Employed',7800,'2022-01-01','2023-01-01'),
(69,'Customer 69','1985-03-10','c69@gmail.com','+998901000069','Tashkent','AA0000069','TX69','Employed',7900,'2022-01-01','2023-01-01'),
(70,'Customer 70','1985-03-11','c70@gmail.com','+998901000070','Tashkent','AA0000070','TX70','Employed',8000,'2022-01-01','2023-01-01'),

(71,'Customer 71','1985-03-12','c71@gmail.com','+998901000071','Tashkent','AA0000071','TX71','Employed',8100,'2022-01-01','2023-01-01'),
(72,'Customer 72','1985-03-13','c72@gmail.com','+998901000072','Tashkent','AA0000072','TX72','Employed',8200,'2022-01-01','2023-01-01'),
(73,'Customer 73','1985-03-14','c73@gmail.com','+998901000073','Tashkent','AA0000073','TX73','Employed',8300,'2022-01-01','2023-01-01'),
(74,'Customer 74','1985-03-15','c74@gmail.com','+998901000074','Tashkent','AA0000074','TX74','Employed',8400,'2022-01-01','2023-01-01'),
(75,'Customer 75','1985-03-16','c75@gmail.com','+998901000075','Tashkent','AA0000075','TX75','Employed',8500,'2022-01-01','2023-01-01'),

(76,'Customer 76','1985-03-17','c76@gmail.com','+998901000076','Tashkent','AA0000076','TX76','Employed',8600,'2022-01-01','2023-01-01'),
(77,'Customer 77','1985-03-18','c77@gmail.com','+998901000077','Tashkent','AA0000077','TX77','Employed',8700,'2022-01-01','2023-01-01'),
(78,'Customer 78','1985-03-19','c78@gmail.com','+998901000078','Tashkent','AA0000078','TX78','Employed',8800,'2022-01-01','2023-01-01'),
(79,'Customer 79','1985-03-20','c79@gmail.com','+998901000079','Tashkent','AA0000079','TX79','Employed',8900,'2022-01-01','2023-01-01'),
(80,'Customer 80','1985-03-21','c80@gmail.com','+998901000080','Tashkent','AA0000080','TX80','Employed',9000,'2022-01-01','2023-01-01'),

(81,'Customer 81','1985-03-22','c81@gmail.com','+998901000081','Tashkent','AA0000081','TX81','Employed',9100,'2022-01-01','2023-01-01'),
(82,'Customer 82','1985-03-23','c82@gmail.com','+998901000082','Tashkent','AA0000082','TX82','Employed',9200,'2022-01-01','2023-01-01'),
(83,'Customer 83','1985-03-24','c83@gmail.com','+998901000083','Tashkent','AA0000083','TX83','Employed',9300,'2022-01-01','2023-01-01'),
(84,'Customer 84','1985-03-25','c84@gmail.com','+998901000084','Tashkent','AA0000084','TX84','Employed',9400,'2022-01-01','2023-01-01'),
(85,'Customer 85','1985-03-26','c85@gmail.com','+998901000085','Tashkent','AA0000085','TX85','Employed',9500,'2022-01-01','2023-01-01'),

(86,'Customer 86','1985-03-27','c86@gmail.com','+998901000086','Tashkent','AA0000086','TX86','Employed',9600,'2022-01-01','2023-01-01'),
(87,'Customer 87','1985-03-28','c87@gmail.com','+998901000087','Tashkent','AA0000087','TX87','Employed',9700,'2022-01-01','2023-01-01'),
(88,'Customer 88','1985-03-29','c88@gmail.com','+998901000088','Tashkent','AA0000088','TX88','Employed',9800,'2022-01-01','2023-01-01'),
(89,'Customer 89','1985-03-30','c89@gmail.com','+998901000089','Tashkent','AA0000089','TX89','Employed',9900,'2022-01-01','2023-01-01'),
(90,'Customer 90','1985-03-31','c90@gmail.com','+998901000090','Tashkent','AA0000090','TX90','Employed',10000,'2022-01-01','2023-01-01'),

(91,'Customer 91','1985-04-01','c91@gmail.com','+998901000091','Tashkent','AA0000091','TX91','Employed',10100,'2022-01-01','2023-01-01'),
(92,'Customer 92','1985-04-02','c92@gmail.com','+998901000092','Tashkent','AA0000092','TX92','Employed',10200,'2022-01-01','2023-01-01'),
(93,'Customer 93','1985-04-03','c93@gmail.com','+998901000093','Tashkent','AA0000093','TX93','Employed',10300,'2022-01-01','2023-01-01'),
(94,'Customer 94','1985-04-04','c94@gmail.com','+998901000094','Tashkent','AA0000094','TX94','Employed',10400,'2022-01-01','2023-01-01'),
(95,'Customer 95','1985-04-05','c95@gmail.com','+998901000095','Tashkent','AA0000095','TX95','Employed',10500,'2022-01-01','2023-01-01'),

(96,'Customer 96','1985-04-06','c96@gmail.com','+998901000096','Tashkent','AA0000096','TX96','Employed',10600,'2022-01-01','2023-01-01'),
(97,'Customer 97','1985-04-07','c97@gmail.com','+998901000097','Tashkent','AA0000097','TX97','Employed',10700,'2022-01-01','2023-01-01'),
(98,'Customer 98','1985-04-08','c98@gmail.com','+998901000098','Tashkent','AA0000098','TX98','Employed',10800,'2022-01-01','2023-01-01'),
(99,'Customer 99','1985-04-09','c99@gmail.com','+998901000099','Tashkent','AA0000099','TX99','Employed',10900,'2022-01-01','2023-01-01'),
(100,'Customer 100','1985-04-10','c100@gmail.com','+998901000100','Tashkent','AA0000100','TX100','Employed',11000,'2022-01-01','2023-01-01'),


(101,'Customer 101','1985-04-11','c101@gmail.com','+998901000101','Tashkent','AA0000101','TX101','Employed',11100,'2022-01-01','2023-01-01'),
(102,'Customer 102','1985-04-12','c102@gmail.com','+998901000102','Tashkent','AA0000102','TX102','Employed',11200,'2022-01-01','2023-01-01'),
(103,'Customer 103','1985-04-13','c103@gmail.com','+998901000103','Tashkent','AA0000103','TX103','Employed',11300,'2022-01-01','2023-01-01'),
(104,'Customer 104','1985-04-14','c104@gmail.com','+998901000104','Tashkent','AA0000104','TX104','Employed',11400,'2022-01-01','2023-01-01'),
(105,'Customer 105','1985-04-15','c105@gmail.com','+998901000105','Tashkent','AA0000105','TX105','Employed',11500,'2022-01-01','2023-01-01'),

(106,'Customer 106','1985-04-16','c106@gmail.com','+998901000106','Tashkent','AA0000106','TX106','Employed',11600,'2022-01-01','2023-01-01'),
(107,'Customer 107','1985-04-17','c107@gmail.com','+998901000107','Tashkent','AA0000107','TX107','Employed',11700,'2022-01-01','2023-01-01'),
(108,'Customer 108','1985-04-18','c108@gmail.com','+998901000108','Tashkent','AA0000108','TX108','Employed',11800,'2022-01-01','2023-01-01'),
(109,'Customer 109','1985-04-19','c109@gmail.com','+998901000109','Tashkent','AA0000109','TX109','Employed',11900,'2022-01-01','2023-01-01'),
(110,'Customer 110','1985-04-20','c110@gmail.com','+998901000110','Tashkent','AA0000110','TX110','Employed',12000,'2022-01-01','2023-01-01'),

(111,'Customer 111','1985-04-21','c111@gmail.com','+998901000111','Tashkent','AA0000111','TX111','Employed',12100,'2022-01-01','2023-01-01'),
(112,'Customer 112','1985-04-22','c112@gmail.com','+998901000112','Tashkent','AA0000112','TX112','Employed',12200,'2022-01-01','2023-01-01'),
(113,'Customer 113','1985-04-23','c113@gmail.com','+998901000113','Tashkent','AA0000113','TX113','Employed',12300,'2022-01-01','2023-01-01'),
(114,'Customer 114','1985-04-24','c114@gmail.com','+998901000114','Tashkent','AA0000114','TX114','Employed',12400,'2022-01-01','2023-01-01'),
(115,'Customer 115','1985-04-25','c115@gmail.com','+998901000115','Tashkent','AA0000115','TX115','Employed',12500,'2022-01-01','2023-01-01'),

(116,'Customer 116','1985-04-26','c116@gmail.com','+998901000116','Tashkent','AA0000116','TX116','Employed',12600,'2022-01-01','2023-01-01'),
(117,'Customer 117','1985-04-27','c117@gmail.com','+998901000117','Tashkent','AA0000117','TX117','Employed',12700,'2022-01-01','2023-01-01'),
(118,'Customer 118','1985-04-28','c118@gmail.com','+998901000118','Tashkent','AA0000118','TX118','Employed',12800,'2022-01-01','2023-01-01'),
(119,'Customer 119','1985-04-29','c119@gmail.com','+998901000119','Tashkent','AA0000119','TX119','Employed',12900,'2022-01-01','2023-01-01'),
(120,'Customer 120','1985-04-30','c120@gmail.com','+998901000120','Tashkent','AA0000120','TX120','Employed',13000,'2022-01-01','2023-01-01'),

(121,'Customer 121','1985-05-01','c121@gmail.com','+998901000121','Tashkent','AA0000121','TX121','Employed',13100,'2022-01-01','2023-01-01'),
(122,'Customer 122','1985-05-02','c122@gmail.com','+998901000122','Tashkent','AA0000122','TX122','Employed',13200,'2022-01-01','2023-01-01'),
(123,'Customer 123','1985-05-03','c123@gmail.com','+998901000123','Tashkent','AA0000123','TX123','Employed',13300,'2022-01-01','2023-01-01'),
(124,'Customer 124','1985-05-04','c124@gmail.com','+998901000124','Tashkent','AA0000124','TX124','Employed',13400,'2022-01-01','2023-01-01'),
(125,'Customer 125','1985-05-05','c125@gmail.com','+998901000125','Tashkent','AA0000125','TX125','Employed',13500,'2022-01-01','2023-01-01'),

(126,'Customer 126','1985-05-06','c126@gmail.com','+998901000126','Tashkent','AA0000126','TX126','Employed',13600,'2022-01-01','2023-01-01'),
(127,'Customer 127','1985-05-07','c127@gmail.com','+998901000127','Tashkent','AA0000127','TX127','Employed',13700,'2022-01-01','2023-01-01'),
(128,'Customer 128','1985-05-08','c128@gmail.com','+998901000128','Tashkent','AA0000128','TX128','Employed',13800,'2022-01-01','2023-01-01'),
(129,'Customer 129','1985-05-09','c129@gmail.com','+998901000129','Tashkent','AA0000129','TX129','Employed',13900,'2022-01-01','2023-01-01'),
(130,'Customer 130','1985-05-10','c130@gmail.com','+998901000130','Tashkent','AA0000130','TX130','Employed',14000,'2022-01-01','2023-01-01'),

(131,'Customer 131','1985-05-11','c131@gmail.com','+998901000131','Tashkent','AA0000131','TX131','Employed',14100,'2022-01-01','2023-01-01'),
(132,'Customer 132','1985-05-12','c132@gmail.com','+998901000132','Tashkent','AA0000132','TX132','Employed',14200,'2022-01-01','2023-01-01'),
(133,'Customer 133','1985-05-13','c133@gmail.com','+998901000133','Tashkent','AA0000133','TX133','Employed',14300,'2022-01-01','2023-01-01'),
(134,'Customer 134','1985-05-14','c134@gmail.com','+998901000134','Tashkent','AA0000134','TX134','Employed',14400,'2022-01-01','2023-01-01'),
(135,'Customer 135','1985-05-15','c135@gmail.com','+998901000135','Tashkent','AA0000135','TX135','Employed',14500,'2022-01-01','2023-01-01'),

(136,'Customer 136','1985-05-16','c136@gmail.com','+998901000136','Tashkent','AA0000136','TX136','Employed',14600,'2022-01-01','2023-01-01'),
(137,'Customer 137','1985-05-17','c137@gmail.com','+998901000137','Tashkent','AA0000137','TX137','Employed',14700,'2022-01-01','2023-01-01'),
(138,'Customer 138','1985-05-18','c138@gmail.com','+998901000138','Tashkent','AA0000138','TX138','Employed',14800,'2022-01-01','2023-01-01'),
(139,'Customer 139','1985-05-19','c139@gmail.com','+998901000139','Tashkent','AA0000139','TX139','Employed',14900,'2022-01-01','2023-01-01'),
(140,'Customer 140','1985-05-20','c140@gmail.com','+998901000140','Tashkent','AA0000140','TX140','Employed',15000,'2022-01-01','2023-01-01'),

(141,'Customer 141','1985-05-21','c141@gmail.com','+998901000141','Tashkent','AA0000141','TX141','Employed',15100,'2022-01-01','2023-01-01'),
(142,'Customer 142','1985-05-22','c142@gmail.com','+998901000142','Tashkent','AA0000142','TX142','Employed',15200,'2022-01-01','2023-01-01'),
(143,'Customer 143','1985-05-23','c143@gmail.com','+998901000143','Tashkent','AA0000143','TX143','Employed',15300,'2022-01-01','2023-01-01'),
(144,'Customer 144','1985-05-24','c144@gmail.com','+998901000144','Tashkent','AA0000144','TX144','Employed',15400,'2022-01-01','2023-01-01'),
(145,'Customer 145','1985-05-25','c145@gmail.com','+998901000145','Tashkent','AA0000145','TX145','Employed',15500,'2022-01-01','2023-01-01'),

(146,'Customer 146','1985-05-26','c146@gmail.com','+998901000146','Tashkent','AA0000146','TX146','Employed',15600,'2022-01-01','2023-01-01'),
(147,'Customer 147','1985-05-27','c147@gmail.com','+998901000147','Tashkent','AA0000147','TX147','Employed',15700,'2022-01-01','2023-01-01'),
(148,'Customer 148','1985-05-28','c148@gmail.com','+998901000148','Tashkent','AA0000148','TX148','Employed',15800,'2022-01-01','2023-01-01'),
(149,'Customer 149','1985-05-29','c149@gmail.com','+998901000149','Tashkent','AA0000149','TX149','Employed',15900,'2022-01-01','2023-01-01'),
(150,'Customer 150','1985-05-30','c150@gmail.com','+998901000150','Tashkent','AA0000150','TX150','Employed',16000,'2022-01-01','2023-01-01'),

(151,'Customer 151','1991-02-02','c151@gmail.com','+998900000151','Samarqand','AA000151','TX1151','Self-Employed',9000,'2022-01-01','2023-01-01'),
(152,'Customer 152','1992-03-03','c152@gmail.com','+998900000152','Buxoro','AA000152','TX1152','Student',4000,'2022-01-01','2023-01-01'),
(153,'Customer 153','1993-04-04','c153@gmail.com','+998900000153','Andijon','AA000153','TX1153','Employed',11000,'2022-01-01','2023-01-01'),
(154,'Customer 154','1994-05-05','c154@gmail.com','+998900000154','Namangan','AA000154','TX1154','Employed',12000,'2022-01-01','2023-01-01'),
(155,'Customer 155','1995-06-06','c155@gmail.com','+998900000155','Fargona','AA000155','TX1155','Self-Employed',8000,'2022-01-01','2023-01-01'),
(156,'Customer 156','1990-07-07','c156@gmail.com','+998900000156','Xorazm','AA000156','TX1156','Employed',13000,'2022-01-01','2023-01-01'),
(157,'Customer 157','1991-01-01','c157@gmail.com','+998900000157','Toshkent','AA000157','TX1157','Student',3000,'2022-01-01','2023-01-01'),
(158,'Customer 158','1992-02-02','c158@gmail.com','+998900000158','Samarqand','AA000158','TX1158','Employed',14000,'2022-01-01','2023-01-01'),
(159,'Customer 159','1993-03-03','c159@gmail.com','+998900000159','Buxoro','AA000159','TX1159','Employed',15000,'2022-01-01','2023-01-01'),

(160,'Customer 160','1994-04-04','c160@gmail.com','+998900000160','Andijon','AA000160','TX1160','Self-Employed',7000,'2022-01-01','2023-01-01'),
(161,'Customer 161','1995-05-05','c161@gmail.com','+998900000161','Namangan','AA000161','TX1161','Employed',9000,'2022-01-01','2023-01-01'),
(162,'Customer 162','1990-06-06','c162@gmail.com','+998900000162','Fargona','AA000162','TX1162','Student',3500,'2022-01-01','2023-01-01'),
(163,'Customer 163','1991-07-07','c163@gmail.com','+998900000163','Xorazm','AA000163','TX1163','Employed',10000,'2022-01-01','2023-01-01'),
(164,'Customer 164','1992-01-01','c164@gmail.com','+998900000164','Toshkent','AA000164','TX1164','Employed',12000,'2022-01-01','2023-01-01'),
(165,'Customer 165','1993-02-02','c165@gmail.com','+998900000165','Samarqand','AA000165','TX1165','Self-Employed',8500,'2022-01-01','2023-01-01'),
(166,'Customer 166','1994-03-03','c166@gmail.com','+998900000166','Buxoro','AA000166','TX1166','Employed',11000,'2022-01-01','2023-01-01'),
(167,'Customer 167','1995-04-04','c167@gmail.com','+998900000167','Andijon','AA000167','TX1167','Student',2500,'2022-01-01','2023-01-01'),
(168,'Customer 168','1990-05-05','c168@gmail.com','+998900000168','Namangan','AA000168','TX1168','Employed',13000,'2022-01-01','2023-01-01'),
(169,'Customer 169','1991-06-06','c169@gmail.com','+998900000169','Fargona','AA000169','TX1169','Employed',14000,'2022-01-01','2023-01-01'),

(170,'Customer 170','1992-07-07','c170@gmail.com','+998900000170','Xorazm','AA000170','TX1170','Self-Employed',9000,'2022-01-01','2023-01-01'),
(171,'Customer 171','1993-01-01','c171@gmail.com','+998900000171','Toshkent','AA000171','TX1171','Employed',15000,'2022-01-01','2023-01-01'),
(172,'Customer 172','1994-02-02','c172@gmail.com','+998900000172','Samarqand','AA000172','TX1172','Student',3000,'2022-01-01','2023-01-01'),
(173,'Customer 173','1995-03-03','c173@gmail.com','+998900000173','Buxoro','AA000173','TX1173','Employed',11000,'2022-01-01','2023-01-01'),
(174,'Customer 174','1990-04-04','c174@gmail.com','+998900000174','Andijon','AA000174','TX1174','Employed',12000,'2022-01-01','2023-01-01'),
(175,'Customer 175','1991-05-05','c175@gmail.com','+998900000175','Namangan','AA000175','TX1175','Self-Employed',8000,'2022-01-01','2023-01-01'),
(176,'Customer 176','1992-06-06','c176@gmail.com','+998900000176','Fargona','AA000176','TX1176','Employed',13500,'2022-01-01','2023-01-01'),
(177,'Customer 177','1993-07-07','c177@gmail.com','+998900000177','Xorazm','AA000177','TX1177','Student',2800,'2022-01-01','2023-01-01'),
(178,'Customer 178','1994-01-01','c178@gmail.com','+998900000178','Toshkent','AA000178','TX1178','Employed',14500,'2022-01-01','2023-01-01'),
(179,'Customer 179','1995-02-02','c179@gmail.com','+998900000179','Samarqand','AA000179','TX1179','Employed',15000,'2022-01-01','2023-01-01'),

(180,'Customer 180','1990-03-03','c180@gmail.com','+998900000180','Buxoro','AA000180','TX1180','Self-Employed',9000,'2022-01-01','2023-01-01'),
(181,'Customer 181','1991-04-04','c181@gmail.com','+998900000181','Andijon','AA000181','TX1181','Employed',10000,'2022-01-01','2023-01-01'),
(182,'Customer 182','1992-05-05','c182@gmail.com','+998900000182','Namangan','AA000182','TX1182','Student',3200,'2022-01-01','2023-01-01'),
(183,'Customer 183','1993-06-06','c183@gmail.com','+998900000183','Fargona','AA000183','TX1183','Employed',12500,'2022-01-01','2023-01-01'),
(184,'Customer 184','1994-07-07','c184@gmail.com','+998900000184','Xorazm','AA000184','TX1184','Employed',13800,'2022-01-01','2023-01-01'),
(185,'Customer 185','1995-01-01','c185@gmail.com','+998900000185','Toshkent','AA000185','TX1185','Self-Employed',8200,'2022-01-01','2023-01-01'),
(186,'Customer 186','1990-02-02','c186@gmail.com','+998900000186','Samarqand','AA000186','TX1186','Employed',14200,'2022-01-01','2023-01-01'),
(187,'Customer 187','1991-03-03','c187@gmail.com','+998900000187','Buxoro','AA000187','TX1187','Student',2600,'2022-01-01','2023-01-01'),
(188,'Customer 188','1992-04-04','c188@gmail.com','+998900000188','Andijon','AA000188','TX1188','Employed',15000,'2022-01-01','2023-01-01'),
(189,'Customer 189','1993-05-05','c189@gmail.com','+998900000189','Namangan','AA000189','TX1189','Employed',11000,'2022-01-01','2023-01-01'),

(190,'Customer 190','1994-06-06','c190@gmail.com','+998900000190','Fargona','AA000190','TX1190','Self-Employed',8800,'2022-01-01','2023-01-01'),
(191,'Customer 191','1995-07-07','c191@gmail.com','+998900000191','Xorazm','AA000191','TX1191','Employed',13200,'2022-01-01','2023-01-01'),
(192,'Customer 192','1990-01-01','c192@gmail.com','+998900000192','Toshkent','AA000192','TX1192','Student',2900,'2022-01-01','2023-01-01'),
(193,'Customer 193','1991-02-02','c193@gmail.com','+998900000193','Samarqand','AA000193','TX1193','Employed',14600,'2022-01-01','2023-01-01'),
(194,'Customer 194','1992-03-03','c194@gmail.com','+998900000194','Buxoro','AA000194','TX1194','Employed',15000,'2022-01-01','2023-01-01'),
(195,'Customer 195','1993-04-04','c195@gmail.com','+998900000195','Andijon','AA000195','TX1195','Self-Employed',9100,'2022-01-01','2023-01-01'),
(196,'Customer 196','1994-05-05','c196@gmail.com','+998900000196','Namangan','AA000196','TX1196','Employed',12000,'2022-01-01','2023-01-01'),
(197,'Customer 197','1995-06-06','c197@gmail.com','+998900000197','Fargona','AA000197','TX1197','Student',3100,'2022-01-01','2023-01-01'),
(198,'Customer 198','1990-07-07','c198@gmail.com','+998900000198','Xorazm','AA000198','TX1198','Employed',14800,'2022-01-01','2023-01-01'),
(199,'Customer 199','1991-01-01','c199@gmail.com','+998900000199','Toshkent','AA000199','TX1199','Employed',15000,'2022-01-01','2023-01-01'),
(200,'Customer 200','1992-02-02','c200@gmail.com','+998900000200','Samarqand','AA000200','TX1200','Self-Employed',9500,'2022-01-01','2023-01-01'),


(201,'Customer 201','1990-01-01','c201@gmail.com','+998900000201','Toshkent','AA000201','TX1201','Employed',10000,'2022-01-01','2023-01-01'),
(202,'Customer 202','1991-02-02','c202@gmail.com','+998900000202','Samarqand','AA000202','TX1202','Self-Employed',9000,'2022-01-01','2023-01-01'),
(203,'Customer 203','1992-03-03','c203@gmail.com','+998900000203','Buxoro','AA000203','TX1203','Student',4000,'2022-01-01','2023-01-01'),
(204,'Customer 204','1993-04-04','c204@gmail.com','+998900000204','Andijon','AA000204','TX1204','Employed',11000,'2022-01-01','2023-01-01'),
(205,'Customer 205','1994-05-05','c205@gmail.com','+998900000205','Namangan','AA000205','TX1205','Employed',12000,'2022-01-01','2023-01-01'),
(206,'Customer 206','1995-06-06','c206@gmail.com','+998900000206','Fargona','AA000206','TX1206','Self-Employed',8000,'2022-01-01','2023-01-01'),
(207,'Customer 207','1990-07-07','c207@gmail.com','+998900000207','Xorazm','AA000207','TX1207','Employed',13000,'2022-01-01','2023-01-01'),
(208,'Customer 208','1991-01-01','c208@gmail.com','+998900000208','Toshkent','AA000208','TX1208','Student',3000,'2022-01-01','2023-01-01'),
(209,'Customer 209','1992-02-02','c209@gmail.com','+998900000209','Samarqand','AA000209','TX1209','Employed',14000,'2022-01-01','2023-01-01'),
(210,'Customer 210','1993-03-03','c210@gmail.com','+998900000210','Buxoro','AA000210','TX1210','Employed',15000,'2022-01-01','2023-01-01'),

(211,'Customer 211','1994-04-04','c211@gmail.com','+998900000211','Andijon','AA000211','TX1211','Self-Employed',7000,'2022-01-01','2023-01-01'),
(212,'Customer 212','1995-05-05','c212@gmail.com','+998900000212','Namangan','AA000212','TX1212','Employed',9000,'2022-01-01','2023-01-01'),
(213,'Customer 213','1990-06-06','c213@gmail.com','+998900000213','Fargona','AA000213','TX1213','Student',3500,'2022-01-01','2023-01-01'),
(214,'Customer 214','1991-07-07','c214@gmail.com','+998900000214','Xorazm','AA000214','TX1214','Employed',10000,'2022-01-01','2023-01-01'),
(215,'Customer 215','1992-01-01','c215@gmail.com','+998900000215','Toshkent','AA000215','TX1215','Employed',12000,'2022-01-01','2023-01-01'),
(216,'Customer 216','1993-02-02','c216@gmail.com','+998900000216','Samarqand','AA000216','TX1216','Self-Employed',8500,'2022-01-01','2023-01-01'),
(217,'Customer 217','1994-03-03','c217@gmail.com','+998900000217','Buxoro','AA000217','TX1217','Employed',11000,'2022-01-01','2023-01-01'),
(218,'Customer 218','1995-04-04','c218@gmail.com','+998900000218','Andijon','AA000218','TX1218','Student',2500,'2022-01-01','2023-01-01'),
(219,'Customer 219','1990-05-05','c219@gmail.com','+998900000219','Namangan','AA000219','TX1219','Employed',13000,'2022-01-01','2023-01-01'),
(220,'Customer 220','1991-06-06','c220@gmail.com','+998900000220','Fargona','AA000220','TX1220','Employed',14000,'2022-01-01','2023-01-01'),

(221,'Customer 221','1992-07-07','c221@gmail.com','+998900000221','Xorazm','AA000221','TX1221','Self-Employed',9000,'2022-01-01','2023-01-01'),
(222,'Customer 222','1993-01-01','c222@gmail.com','+998900000222','Toshkent','AA000222','TX1222','Employed',15000,'2022-01-01','2023-01-01'),
(223,'Customer 223','1994-02-02','c223@gmail.com','+998900000223','Samarqand','AA000223','TX1223','Student',3000,'2022-01-01','2023-01-01'),
(224,'Customer 224','1995-03-03','c224@gmail.com','+998900000224','Buxoro','AA000224','TX1224','Employed',11000,'2022-01-01','2023-01-01'),
(225,'Customer 225','1990-04-04','c225@gmail.com','+998900000225','Andijon','AA000225','TX1225','Employed',12000,'2022-01-01','2023-01-01'),
(226,'Customer 226','1991-05-05','c226@gmail.com','+998900000226','Namangan','AA000226','TX1226','Self-Employed',8000,'2022-01-01','2023-01-01'),
(227,'Customer 227','1992-06-06','c227@gmail.com','+998900000227','Fargona','AA000227','TX1227','Employed',13500,'2022-01-01','2023-01-01'),
(228,'Customer 228','1993-07-07','c228@gmail.com','+998900000228','Xorazm','AA000228','TX1228','Student',2800,'2022-01-01','2023-01-01'),
(229,'Customer 229','1994-01-01','c229@gmail.com','+998900000229','Toshkent','AA000229','TX1229','Employed',14500,'2022-01-01','2023-01-01'),
(230,'Customer 230','1995-02-02','c230@gmail.com','+998900000230','Samarqand','AA000230','TX1230','Employed',15000,'2022-01-01','2023-01-01'),

(231,'Customer 231','1990-03-03','c231@gmail.com','+998900000231','Buxoro','AA000231','TX1231','Self-Employed',9000,'2022-01-01','2023-01-01'),
(232,'Customer 232','1991-04-04','c232@gmail.com','+998900000232','Andijon','AA000232','TX1232','Employed',10000,'2022-01-01','2023-01-01'),
(233,'Customer 233','1992-05-05','c233@gmail.com','+998900000233','Namangan','AA000233','TX1233','Student',3200,'2022-01-01','2023-01-01'),
(234,'Customer 234','1993-06-06','c234@gmail.com','+998900000234','Fargona','AA000234','TX1234','Employed',12500,'2022-01-01','2023-01-01'),
(235,'Customer 235','1994-07-07','c235@gmail.com','+998900000235','Xorazm','AA000235','TX1235','Employed',13800,'2022-01-01','2023-01-01'),
(236,'Customer 236','1995-01-01','c236@gmail.com','+998900000236','Toshkent','AA000236','TX1236','Self-Employed',8200,'2022-01-01','2023-01-01'),
(237,'Customer 237','1990-02-02','c237@gmail.com','+998900000237','Samarqand','AA000237','TX1237','Employed',14200,'2022-01-01','2023-01-01'),
(238,'Customer 238','1991-03-03','c238@gmail.com','+998900000238','Buxoro','AA000238','TX1238','Student',2600,'2022-01-01','2023-01-01'),
(239,'Customer 239','1992-04-04','c239@gmail.com','+998900000239','Andijon','AA000239','TX1239','Employed',15000,'2022-01-01','2023-01-01'),
(240,'Customer 240','1993-05-05','c240@gmail.com','+998900000240','Namangan','AA000240','TX1240','Employed',11000,'2022-01-01','2023-01-01'),

(241,'Customer 241','1994-06-06','c241@gmail.com','+998900000241','Fargona','AA000241','TX1241','Self-Employed',8800,'2022-01-01','2023-01-01'),
(242,'Customer 242','1995-07-07','c242@gmail.com','+998900000242','Xorazm','AA000242','TX1242','Employed',13200,'2022-01-01','2023-01-01'),
(243,'Customer 243','1990-01-01','c243@gmail.com','+998900000243','Toshkent','AA000243','TX1243','Student',2900,'2022-01-01','2023-01-01'),
(244,'Customer 244','1991-02-02','c244@gmail.com','+998900000244','Samarqand','AA000244','TX1244','Employed',14600,'2022-01-01','2023-01-01'),
(245,'Customer 245','1992-03-03','c245@gmail.com','+998900000245','Buxoro','AA000245','TX1245','Employed',15000,'2022-01-01','2023-01-01'),
(246,'Customer 246','1993-04-04','c246@gmail.com','+998900000246','Andijon','AA000246','TX1246','Self-Employed',9100,'2022-01-01','2023-01-01'),
(247,'Customer 247','1994-05-05','c247@gmail.com','+998900000247','Namangan','AA000247','TX1247','Employed',12000,'2022-01-01','2023-01-01'),
(248,'Customer 248','1995-06-06','c248@gmail.com','+998900000248','Fargona','AA000248','TX1248','Student',3100,'2022-01-01','2023-01-01'),
(249,'Customer 249','1990-07-07','c249@gmail.com','+998900000249','Xorazm','AA000249','TX1249','Employed',14800,'2022-01-01','2023-01-01'),
(250,'Customer 250','1991-01-01','c250@gmail.com','+998900000250','Toshkent','AA000250','TX1250','Employed',15000,'2022-01-01','2023-01-01'),

(251,'Customer 251','1992-02-02','c251@gmail.com','+998900000251','Samarqand','AA000251','TX1251','Self-Employed',9500,'2022-01-01','2023-01-01'),
(252,'Customer 252','1993-03-03','c252@gmail.com','+998900000252','Buxoro','AA000252','TX1252','Employed',10000,'2022-01-01','2023-01-01'),
(253,'Customer 253','1994-04-04','c253@gmail.com','+998900000253','Andijon','AA000253','TX1253','Student',3200,'2022-01-01','2023-01-01'),
(254,'Customer 254','1995-05-05','c254@gmail.com','+998900000254','Namangan','AA000254','TX1254','Employed',12500,'2022-01-01','2023-01-01'),
(255,'Customer 255','1990-06-06','c255@gmail.com','+998900000255','Fargona','AA000255','TX1255','Employed',13800,'2022-01-01','2023-01-01'),
(256,'Customer 256','1991-07-07','c256@gmail.com','+998900000256','Xorazm','AA000256','TX1256','Self-Employed',8200,'2022-01-01','2023-01-01'),
(257,'Customer 257','1992-01-01','c257@gmail.com','+998900000257','Toshkent','AA000257','TX1257','Employed',14200,'2022-01-01','2023-01-01'),

(258,'Customer 258','1993-02-02','c258@gmail.com','+998900000258','Samarqand','AA000258','TX1258','Student',2600,'2022-01-01','2023-01-01'),
(259,'Customer 259','1994-03-03','c259@gmail.com','+998900000259','Buxoro','AA000259','TX1259','Employed',15000,'2022-01-01','2023-01-01'),
(260,'Customer 260','1995-04-04','c260@gmail.com','+998900000260','Andijon','AA000260','TX1260','Employed',11000,'2022-01-01','2023-01-01'),

(261,'Customer 261','1990-05-05','c261@gmail.com','+998900000261','Namangan','AA000261','TX1261','Self-Employed',8800,'2022-01-01','2023-01-01'),
(262,'Customer 262','1991-06-06','c262@gmail.com','+998900000262','Fargona','AA000262','TX1262','Employed',13200,'2022-01-01','2023-01-01'),
(263,'Customer 263','1992-07-07','c263@gmail.com','+998900000263','Xorazm','AA000263','TX1263','Student',2900,'2022-01-01','2023-01-01'),
(264,'Customer 264','1993-01-01','c264@gmail.com','+998900000264','Toshkent','AA000264','TX1264','Employed',14600,'2022-01-01','2023-01-01'),
(265,'Customer 265','1994-02-02','c265@gmail.com','+998900000265','Samarqand','AA000265','TX1265','Employed',15000,'2022-01-01','2023-01-01'),
(266,'Customer 266','1995-03-03','c266@gmail.com','+998900000266','Buxoro','AA000266','TX1266','Self-Employed',9100,'2022-01-01','2023-01-01'),
(267,'Customer 267','1990-04-04','c267@gmail.com','+998900000267','Andijon','AA000267','TX1267','Employed',12000,'2022-01-01','2023-01-01'),
(268,'Customer 268','1991-05-05','c268@gmail.com','+998900000268','Namangan','AA000268','TX1268','Student',3100,'2022-01-01','2023-01-01'),
(269,'Customer 269','1992-06-06','c269@gmail.com','+998900000269','Fargona','AA000269','TX1269','Employed',14800,'2022-01-01','2023-01-01'),
(270,'Customer 270','1993-07-07','c270@gmail.com','+998900000270','Xorazm','AA000270','TX1270','Employed',15000,'2022-01-01','2023-01-01'),

(271,'Customer 271','1990-01-01','c271@gmail.com','+998900000271','Toshkent','AA000271','TX1271','Self-Employed',9500,'2022-01-01','2023-01-01'),
(272,'Customer 272','1991-02-02','c272@gmail.com','+998900000272','Samarqand','AA000272','TX1272','Employed',10500,'2022-01-01','2023-01-01'),
(273,'Customer 273','1992-03-03','c273@gmail.com','+998900000273','Buxoro','AA000273','TX1273','Student',3200,'2022-01-01','2023-01-01'),
(274,'Customer 274','1993-04-04','c274@gmail.com','+998900000274','Andijon','AA000274','TX1274','Employed',11200,'2022-01-01','2023-01-01'),
(275,'Customer 275','1994-05-05','c275@gmail.com','+998900000275','Namangan','AA000275','TX1275','Employed',12000,'2022-01-01','2023-01-01'),
(276,'Customer 276','1995-06-06','c276@gmail.com','+998900000276','Fargona','AA000276','TX1276','Self-Employed',8700,'2022-01-01','2023-01-01'),
(277,'Customer 277','1990-07-07','c277@gmail.com','+998900000277','Xorazm','AA000277','TX1277','Employed',14000,'2022-01-01','2023-01-01'),
(278,'Customer 278','1991-01-01','c278@gmail.com','+998900000278','Toshkent','AA000278','TX1278','Student',2800,'2022-01-01','2023-01-01'),
(279,'Customer 279','1992-02-02','c279@gmail.com','+998900000279','Samarqand','AA000279','TX1279','Employed',15000,'2022-01-01','2023-01-01'),
(280,'Customer 280','1993-03-03','c280@gmail.com','+998900000280','Buxoro','AA000280','TX1280','Employed',15500,'2022-01-01','2023-01-01'),

(281,'Customer 281','1994-04-04','c281@gmail.com','+998900000281','Andijon','AA000281','TX1281','Self-Employed',9000,'2022-01-01','2023-01-01'),
(282,'Customer 282','1995-05-05','c282@gmail.com','+998900000282','Namangan','AA000282','TX1282','Employed',12500,'2022-01-01','2023-01-01'),
(283,'Customer 283','1990-06-06','c283@gmail.com','+998900000283','Fargona','AA000283','TX1283','Student',3100,'2022-01-01','2023-01-01'),
(284,'Customer 284','1991-07-07','c284@gmail.com','+998900000284','Xorazm','AA000284','TX1284','Employed',14500,'2022-01-01','2023-01-01'),
(285,'Customer 285','1992-01-01','c285@gmail.com','+998900000285','Toshkent','AA000285','TX1285','Employed',15000,'2022-01-01','2023-01-01'),
(286,'Customer 286','1993-02-02','c286@gmail.com','+998900000286','Samarqand','AA000286','TX1286','Self-Employed',9200,'2022-01-01','2023-01-01'),
(287,'Customer 287','1994-03-03','c287@gmail.com','+998900000287','Buxoro','AA000287','TX1287','Employed',13500,'2022-01-01','2023-01-01'),
(288,'Customer 288','1995-04-04','c288@gmail.com','+998900000288','Andijon','AA000288','TX1288','Student',3000,'2022-01-01','2023-01-01'),
(289,'Customer 289','1990-05-05','c289@gmail.com','+998900000289','Namangan','AA000289','TX1289','Employed',14800,'2022-01-01','2023-01-01'),
(290,'Customer 290','1991-06-06','c290@gmail.com','+998900000290','Fargona','AA000290','TX1290','Employed',15000,'2022-01-01','2023-01-01'),

(291,'Customer 291','1992-07-07','c291@gmail.com','+998900000291','Xorazm','AA000291','TX1291','Self-Employed',9500,'2022-01-01','2023-01-01'),
(292,'Customer 292','1993-01-01','c292@gmail.com','+998900000292','Toshkent','AA000292','TX1292','Employed',15500,'2022-01-01','2023-01-01'),
(293,'Customer 293','1994-02-02','c293@gmail.com','+998900000293','Samarqand','AA000293','TX1293','Student',3200,'2022-01-01','2023-01-01'),
(294,'Customer 294','1995-03-03','c294@gmail.com','+998900000294','Buxoro','AA000294','TX1294','Employed',14500,'2022-01-01','2023-01-01'),
(295,'Customer 295','1990-04-04','c295@gmail.com','+998900000295','Andijon','AA000295','TX1295','Employed',15000,'2022-01-01','2023-01-01'),
(296,'Customer 296','1991-05-05','c296@gmail.com','+998900000296','Namangan','AA000296','TX1296','Self-Employed',9700,'2022-01-01','2023-01-01'),
(297,'Customer 297','1992-06-06','c297@gmail.com','+998900000297','Fargona','AA000297','TX1297','Employed',13000,'2022-01-01','2023-01-01'),
(298,'Customer 298','1993-07-07','c298@gmail.com','+998900000298','Xorazm','AA000298','TX1298','Student',2900,'2022-01-01','2023-01-01'),
(299,'Customer 299','1990-01-01','c299@gmail.com','+998900000299','Toshkent','AA000299','TX1299','Employed',15000,'2022-01-01','2023-01-01'),
(300,'Customer 300','1991-02-02','c300@gmail.com','+998900000300','Samarqand','AA000300','TX1300','Employed',15500,'2022-01-01','2023-01-01'),

(301,'Customer 301','1992-03-03','c301@gmail.com','+998900000301','Buxoro','AA000301','TX1301','Employed',12000,'2022-01-01','2023-01-01'),
(302,'Customer 302','1993-04-04','c302@gmail.com','+998900000302','Andijon','AA000302','TX1302','Self-Employed',8500,'2022-01-01','2023-01-01'),
(303,'Customer 303','1994-05-05','c303@gmail.com','+998900000303','Namangan','AA000303','TX1303','Student',3000,'2022-01-01','2023-01-01'),
(304,'Customer 304','1995-06-06','c304@gmail.com','+998900000304','Fargona','AA000304','TX1304','Employed',14000,'2022-01-01','2023-01-01'),
(305,'Customer 305','1990-07-07','c305@gmail.com','+998900000305','Xorazm','AA000305','TX1305','Employed',15000,'2022-01-01','2023-01-01'),
(306,'Customer 306','1991-01-01','c306@gmail.com','+998900000306','Toshkent','AA000306','TX1306','Self-Employed',9000,'2022-01-01','2023-01-01'),
(307,'Customer 307','1992-02-02','c307@gmail.com','+998900000307','Samarqand','AA000307','TX1307','Employed',13000,'2022-01-01','2023-01-01'),
(308,'Customer 308','1993-03-03','c308@gmail.com','+998900000308','Buxoro','AA000308','TX1308','Student',2500,'2022-01-01','2023-01-01'),
(309,'Customer 309','1994-04-04','c309@gmail.com','+998900000309','Andijon','AA000309','TX1309','Employed',13500,'2022-01-01','2023-01-01'),
(310,'Customer 310','1995-05-05','c310@gmail.com','+998900000310','Namangan','AA000310','TX1310','Employed',14000,'2022-01-01','2023-01-01'),

(311,'Customer 311','1990-06-06','c311@gmail.com','+998900000311','Fargona','AA000311','TX1311','Self-Employed',9200,'2022-01-01','2023-01-01'),
(312,'Customer 312','1991-07-07','c312@gmail.com','+998900000312','Xorazm','AA000312','TX1312','Employed',12500,'2022-01-01','2023-01-01'),
(313,'Customer 313','1992-01-01','c313@gmail.com','+998900000313','Toshkent','AA000313','TX1313','Student',3000,'2022-01-01','2023-01-01'),
(314,'Customer 314','1993-02-02','c314@gmail.com','+998900000314','Samarqand','AA000314','TX1314','Employed',14000,'2022-01-01','2023-01-01'),
(315,'Customer 315','1994-03-03','c315@gmail.com','+998900000315','Buxoro','AA000315','TX1315','Employed',15000,'2022-01-01','2023-01-01'),
(316,'Customer 316','1995-04-04','c316@gmail.com','+998900000316','Andijon','AA000316','TX1316','Self-Employed',8800,'2022-01-01','2023-01-01'),
(317,'Customer 317','1990-05-05','c317@gmail.com','+998900000317','Namangan','AA000317','TX1317','Employed',13500,'2022-01-01','2023-01-01'),
(318,'Customer 318','1991-06-06','c318@gmail.com','+998900000318','Fargona','AA000318','TX1318','Student',2900,'2022-01-01','2023-01-01'),
(319,'Customer 319','1992-07-07','c319@gmail.com','+998900000319','Xorazm','AA000319','TX1319','Employed',14500,'2022-01-01','2023-01-01'),
(320,'Customer 320','1993-01-01','c320@gmail.com','+998900000320','Toshkent','AA000320','TX1320','Employed',15000,'2022-01-01','2023-01-01'),

(321,'Customer 321','1994-02-02','c321@gmail.com','+998900000321','Samarqand','AA000321','TX1321','Self-Employed',9500,'2022-01-01','2023-01-01'),
(322,'Customer 322','1995-03-03','c322@gmail.com','+998900000322','Buxoro','AA000322','TX1322','Employed',14000,'2022-01-01','2023-01-01'),
(323,'Customer 323','1990-04-04','c323@gmail.com','+998900000323','Andijon','AA000323','TX1323','Student',3100,'2022-01-01','2023-01-01'),
(324,'Customer 324','1991-05-05','c324@gmail.com','+998900000324','Namangan','AA000324','TX1324','Employed',14800,'2022-01-01','2023-01-01'),
(325,'Customer 325','1992-06-06','c325@gmail.com','+998900000325','Fargona','AA000325','TX1325','Employed',15000,'2022-01-01','2023-01-01'),
(326,'Customer 326','1993-07-07','c326@gmail.com','+998900000326','Xorazm','AA000326','TX1326','Self-Employed',9700,'2022-01-01','2023-01-01'),
(327,'Customer 327','1990-01-01','c327@gmail.com','+998900000327','Toshkent','AA000327','TX1327','Employed',13000,'2022-01-01','2023-01-01'),
(328,'Customer 328','1991-02-02','c328@gmail.com','+998900000328','Samarqand','AA000328','TX1328','Student',3000,'2022-01-01','2023-01-01'),
(329,'Customer 329','1992-03-03','c329@gmail.com','+998900000329','Buxoro','AA000329','TX1329','Employed',14500,'2022-01-01','2023-01-01'),
(330,'Customer 330','1993-04-04','c330@gmail.com','+998900000330','Andijon','AA000330','TX1330','Employed',15000,'2022-01-01','2023-01-01'),

(331,'Customer 331','1994-05-05','c331@gmail.com','+998900000331','Namangan','AA000331','TX1331','Self-Employed',8800,'2022-01-01','2023-01-01'),
(332,'Customer 332','1995-06-06','c332@gmail.com','+998900000332','Fargona','AA000332','TX1332','Employed',13200,'2022-01-01','2023-01-01'),
(333,'Customer 333','1990-07-07','c333@gmail.com','+998900000333','Xorazm','AA000333','TX1333','Student',2900,'2022-01-01','2023-01-01'),
(334,'Customer 334','1991-01-01','c334@gmail.com','+998900000334','Toshkent','AA000334','TX1334','Employed',14600,'2022-01-01','2023-01-01'),
(335,'Customer 335','1992-02-02','c335@gmail.com','+998900000335','Samarqand','AA000335','TX1335','Employed',15000,'2022-01-01','2023-01-01'),
(336,'Customer 336','1993-03-03','c336@gmail.com','+998900000336','Buxoro','AA000336','TX1336','Self-Employed',9100,'2022-01-01','2023-01-01'),
(337,'Customer 337','1994-04-04','c337@gmail.com','+998900000337','Andijon','AA000337','TX1337','Employed',12000,'2022-01-01','2023-01-01'),
(338,'Customer 338','1995-05-05','c338@gmail.com','+998900000338','Namangan','AA000338','TX1338','Student',3100,'2022-01-01','2023-01-01'),
(339,'Customer 339','1990-06-06','c339@gmail.com','+998900000339','Fargona','AA000339','TX1339','Employed',14800,'2022-01-01','2023-01-01'),
(340,'Customer 340','1991-07-07','c340@gmail.com','+998900000340','Xorazm','AA000340','TX1340','Employed',15000,'2022-01-01','2023-01-01'),

(341,'Customer 341','1992-01-01','c341@gmail.com','+998900000341','Toshkent','AA000341','TX1341','Self-Employed',9500,'2022-01-01','2023-01-01'),
(342,'Customer 342','1993-02-02','c342@gmail.com','+998900000342','Samarqand','AA000342','TX1342','Employed',10500,'2022-01-01','2023-01-01'),
(343,'Customer 343','1994-03-03','c343@gmail.com','+998900000343','Buxoro','AA000343','TX1343','Student',3200,'2022-01-01','2023-01-01'),
(344,'Customer 344','1995-04-04','c344@gmail.com','+998900000344','Andijon','AA000344','TX1344','Employed',11200,'2022-01-01','2023-01-01'),
(345,'Customer 345','1990-05-05','c345@gmail.com','+998900000345','Namangan','AA000345','TX1345','Employed',12000,'2022-01-01','2023-01-01'),
(346,'Customer 346','1991-06-06','c346@gmail.com','+998900000346','Fargona','AA000346','TX1346','Self-Employed',8700,'2022-01-01','2023-01-01'),
(347,'Customer 347','1992-07-07','c347@gmail.com','+998900000347','Xorazm','AA000347','TX1347','Employed',14000,'2022-01-01','2023-01-01'),
(348,'Customer 348','1993-01-01','c348@gmail.com','+998900000348','Toshkent','AA000348','TX1348','Student',2800,'2022-01-01','2023-01-01'),
(349,'Customer 349','1994-02-02','c349@gmail.com','+998900000349','Samarqand','AA000349','TX1349','Employed',15000,'2022-01-01','2023-01-01'),
(350,'Customer 350','1995-03-03','c350@gmail.com','+998900000350','Buxoro','AA000350','TX1350','Employed',15500,'2022-01-01','2023-01-01');



CREATE TABLE Branches
   (BranchID INT PRIMARY KEY,
    BranchName VARCHAR(100),
    Address VARCHAR(200),
    City VARCHAR(50),
    State VARCHAR(50),
    Country VARCHAR(50),
    ManagerID INT,
    ContactNumber VARCHAR(20));

INSERT INTO Branches  VALUES
(1, 'Toshkent Main', 'Street 1, Toshkent', 'Toshkent', 'Toshkent', 'Uzbekistan', 1, '+998901234001'),
(2, 'Samarqand Branch', 'Street 2, Samarqand', 'Samarqand', 'Samarqand', 'Uzbekistan', 2, '+998901234002'),
(3, 'Navoiy Branch', 'Street 3, Navoiy', 'Navoiy', 'Navoiy', 'Uzbekistan', 3, '+998901234003'),
(4, 'Buxoro Branch', 'Street 4, Buxoro', 'Buxoro', 'Buxoro', 'Uzbekistan', 4, '+998901234004'),
(5, 'Andijon Branch', 'Street 5, Andijon', 'Andijon', 'Andijon', 'Uzbekistan', 5, '+998901234005'),
(6, 'Namangan Branch', 'Street 6, Namangan', 'Namangan', 'Namangan', 'Uzbekistan', 6, '+998901234006'),
(7, 'Fargona Branch', 'Street 7, Fargona', 'Fargona', 'Fargona', 'Uzbekistan', 7, '+998901234007'),
(8, 'Qarshi Branch', 'Street 8, Qarshi', 'Qarshi', 'Qashqadaryo', 'Uzbekistan', 8, '+998901234008'),
(9, 'Urganch Branch', 'Street 9, Urganch', 'Urganch', 'Xorazm', 'Uzbekistan', 9, '+998901234009'),
(10, 'Guliston Branch', 'Street 10, Guliston', 'Guliston', 'Sirdaryo', 'Uzbekistan', 10, '+998901234010'),
(11, 'Termez Branch', 'Street 11, Termez', 'Termez', 'Surxondaryo', 'Uzbekistan', 11, '+998901234011'),
(12, 'Qoqon Branch', 'Street 12, Qoqon', 'Qoqon', 'Fargona', 'Uzbekistan', 12, '+998901234012'),
(13, 'Jizzax Branch', 'Street 13, Jizzax', 'Jizzax', 'Jizzax', 'Uzbekistan', 13, '+998901234013'),
(14, 'Chirchiq Branch', 'Street 14, Chirchiq', 'Chirchiq', 'Toshkent', 'Uzbekistan', 14, '+998901234014'),
(15, 'Kokand Branch', 'Street 15, Kokand', 'Kokand', 'Fargona', 'Uzbekistan', 15, '+998901234015'),
(16, 'Buhara Branch', 'Street 16, Buhara', 'Buhara', 'Buxoro', 'Uzbekistan', 16, '+998901234016'),
(17, 'Shahrisabz Branch', 'Street 17, Shahrisabz', 'Shahrisabz', 'Qashqadaryo', 'Uzbekistan', 17, '+998901234017'),
(18, 'Gijduvon Branch', 'Street 18, Gijduvon', 'Gijduvon', 'Buxoro', 'Uzbekistan', 18, '+998901234018'),
(19, 'Chust Branch', 'Street 19, Chust', 'Chust', 'Namangan', 'Uzbekistan', 19, '+998901234019'),
(20, 'Bekobod Branch', 'Street 20, Bekobod', 'Bekobod', 'Toshkent', 'Uzbekistan', 20, '+998901234020'),
(21, 'Angren Branch', 'Street 21, Angren', 'Angren', 'Toshkent', 'Uzbekistan', 21, '+998901234021'),
(22, 'Kokand Branch 2', 'Street 22, Kokand', 'Kokand', 'Fargona', 'Uzbekistan', 22, '+998901234022'),
(23, 'Margilan Branch', 'Street 23, Margilan', 'Margilan', 'Fargona', 'Uzbekistan', 23, '+998901234023'),
(24, 'Fergana Branch 2', 'Street 24, Fergana', 'Fergana', 'Fergana', 'Uzbekistan', 24, '+998901234024'),
(25, 'Denov Branch', 'Street 25, Denov', 'Denov', 'Surxondaryo', 'Uzbekistan', 25, '+998901234025'),
(26, 'Shofirkon Branch', 'Street 26, Shofirkon', 'Shofirkon', 'Buxoro', 'Uzbekistan', 26, '+998901234026'),
(27, 'Zarafshan Branch', 'Street 27, Zarafshan', 'Zarafshan', 'Navoiy', 'Uzbekistan', 27, '+998901234027'),
(28, 'Navbahor Branch', 'Street 28, Navbahor', 'Navbahor', 'Namangan', 'Uzbekistan', 28, '+998901234028'),
(29, 'Olmaliq Branch', 'Street 29, Olmaliq', 'Olmaliq', 'Toshkent', 'Uzbekistan', 29, '+998901234029'),
(30, 'Gulbahor Branch', 'Street 30, Gulbahor', 'Gulbahor', 'Sirdaryo', 'Uzbekistan', 30, '+998901234030'),
(31, 'Qo‘qon Branch 3', 'Street 31, Qo‘qon', 'Qo‘qon', 'Fargona', 'Uzbekistan', 31, '+998901234031'),
(32, 'Namangan Branch 2', 'Street 32, Namangan', 'Namangan', 'Namangan', 'Uzbekistan', 32, '+998901234032'),
(33, 'Sirdaryo Branch', 'Street 33, Sirdaryo', 'Sirdaryo', 'Sirdaryo', 'Uzbekistan', 33, '+998901234033'),
(34, 'Jomboy Branch', 'Street 34, Jomboy', 'Jomboy', 'Samarqand', 'Uzbekistan', 34, '+998901234034'),
(35, 'Yangiariq Branch', 'Street 35, Yangiariq', 'Yangiariq', 'Xorazm', 'Uzbekistan', 35, '+998901234035'),
(36, 'Uchtepa Branch', 'Street 36, Uchtepa', 'Uchtepa', 'Toshkent', 'Uzbekistan', 36, '+998901234036'),
(37, 'Qo‘ng‘irot Branch', 'Street 37, Qo‘ng‘irot', 'Qo‘ng‘irot', 'Xorazm', 'Uzbekistan', 37, '+998901234037'),
(38, 'Xiva Branch', 'Street 38, Xiva', 'Xiva', 'Xorazm', 'Uzbekistan', 38, '+998901234038'),

(39, 'Shakhrisabz Branch 2', 'Street 39, Shakhrisabz', 'Shakhrisabz', 'Qashqadaryo', 'Uzbekistan', 39, '+998901234039'),
(40, 'Chirchiq Branch 2', 'Street 40, Chirchiq', 'Chirchiq', 'Toshkent', 'Uzbekistan', 40, '+998901234040'),
(41, 'Kattaqo‘rg‘on Branch', 'Street 41, Kattaqo‘rg‘on', 'Kattaqo‘rg‘on', 'Namangan', 'Uzbekistan', 41, '+998901234041'),
(42, 'Uchqo‘rg‘on Branch', 'Street 42, Uchqo‘rg‘on', 'Uchqo‘rg‘on', 'Namangan', 'Uzbekistan', 42, '+998901234042'),
(43, 'Shofirkon Branch 2', 'Street 43, Shofirkon', 'Shofirkon', 'Buxoro', 'Uzbekistan', 43, '+998901234043'),
(44, 'Nurota Branch', 'Street 44, Nurota', 'Nurota', 'Navoiy', 'Uzbekistan', 44, '+998901234044'),
(45, 'Karmana Branch', 'Street 45, Karmana', 'Karmana', 'Navoiy', 'Uzbekistan', 45, '+998901234045'),
(46, 'Chinoz Branch', 'Street 46, Chinoz', 'Chinoz', 'Toshkent', 'Uzbekistan', 46, '+998901234046'),
(47, 'Parkent Branch', 'Street 47, Parkent', 'Parkent', 'Toshkent', 'Uzbekistan', 47, '+998901234047'),
(48, 'Zomin Branch', 'Street 48, Zomin', 'Zomin', 'Jizzax', 'Uzbekistan', 48, '+998901234048'),
(49, 'G‘ijduvon Branch 2', 'Street 49, G‘ijduvon', 'G‘ijduvon', 'Buxoro', 'Uzbekistan', 49, '+998901234049'),
(50, 'Zomin Branch 2', 'Street 50, Zomin', 'Zomin', 'Jizzax', 'Uzbekistan', 50, '+998901234050');


drop table if exists employees 

CREATE TABLE Employees 
   (EmployeeID INT PRIMARY KEY,
    BranchID INT,
    FullName VARCHAR(100),
    Position VARCHAR(50),
    Department VARCHAR(50),
    Salary DECIMAL(15,2),
    HireDate DATE,
    Status VARCHAR(20));
    --FOREIGN KEY (BranchID) REFERENCES Branches(BranchID));



INSERT INTO Employees  VALUES
(1, 1, 'Ali Raxmonov', 'Manager', 'Management', 5000.00, '2020-01-01', 'Active'),
(2, 2, 'Madina Tursunova', 'Manager', 'Management', 5200.00, '2020-02-01', 'Active'),
(3, 3, 'Bekzod Islomov', 'Manager', 'Management', 5100.00, '2020-03-01', 'Active'),
(4, 4, 'Nilufar Sobirova', 'Manager', 'Management', 5000.00, '2020-04-01', 'Active'),
(5, 5, 'Jahongir Raxmonov', 'Manager', 'Management', 5300.00, '2020-05-01', 'Active'),
(6, 6, 'Shaxlo Abdullayeva', 'Manager', 'Management', 5400.00, '2020-06-01', 'Active'),
(7, 7, 'Rustam Mirzaev', 'Manager', 'Management', 5200.00, '2020-07-01', 'Active'),
(8, 8, 'Malika Karimova', 'Manager', 'Management', 5300.00, '2020-08-01', 'Active'),
(9, 9, 'Bekzod Yuldashev', 'Manager', 'Management', 5100.00, '2020-09-01', 'Active'),
(10, 10, 'Nilufar Tursunova', 'Manager', 'Management', 5000.00, '2020-10-01', 'Active'),
(11, 11, 'Jasur Rahmatov', 'Manager', 'Management', 5200.00, '2020-11-01', 'Active'),
(12, 12, 'Gulnora Karimova', 'Manager', 'Management', 5400.00, '2020-12-01', 'Active'),
(13, 13, 'Otabek Tursunov', 'Manager', 'Management', 5000.00, '2021-01-01', 'Active'),
(14, 14, 'Dilorom Sobirova', 'Manager', 'Management', 5100.00, '2021-02-01', 'Active'),
(15, 15, 'Javlon Islomov', 'Manager', 'Management', 5200.00, '2021-03-01', 'Active'),
(16, 16, 'Feruza Raxmonova', 'Manager', 'Management', 5300.00, '2021-04-01', 'Active'),
(17, 17, 'Azizbek Yo‘ldoshev', 'Manager', 'Management', 5000.00, '2021-05-01', 'Active'),
(18, 18, 'Madina Karimova', 'Manager', 'Management', 5200.00, '2021-06-01', 'Active'),
(19, 19, 'Rustam Qodirov', 'Manager', 'Management', 5100.00, '2021-07-01', 'Active'),
(20, 20, 'Nilufar Tashkentova', 'Manager', 'Management', 5300.00, '2021-08-01', 'Active'),
(21, 21, 'Jasur Sobirov', 'Manager', 'Management', 5000.00, '2021-09-01', 'Active'),
(22, 22, 'Gulbahor Rahmatova', 'Manager', 'Management', 5200.00, '2021-10-01', 'Active'),
(23, 23, 'Otabek Karimov', 'Manager', 'Management', 5400.00, '2021-11-01', 'Active'),
(24, 24, 'Dilorom Tursunova', 'Manager', 'Management', 5000.00, '2021-12-01', 'Active'),
(25, 25, 'Javlon Rahmatov', 'Manager', 'Management', 5100.00, '2022-01-01', 'Active'),
(26, 26, 'Feruza Islomova', 'Manager', 'Management', 5200.00, '2022-02-01', 'Active'),
(27, 27, 'Azizbek Karimov', 'Manager', 'Management', 5300.00, '2022-03-01', 'Active'),
(28, 28, 'Madina Yo‘ldosheva', 'Manager', 'Management', 5000.00, '2022-04-01', 'Active'),
(29, 29, 'Rustam Raxmonov', 'Manager', 'Management', 5200.00, '2022-05-01', 'Active'),
(30, 30, 'Nilufar Islomova', 'Manager', 'Management', 5100.00, '2022-06-01', 'Active'),
(31, 31, 'Jasur Tursunov', 'Manager', 'Management', 5000.00, '2022-07-01', 'Active'),
(32, 32, 'Gulnora Rahmatova', 'Manager', 'Management', 5200.00, '2022-08-01', 'Active'),
(33, 33, 'Otabek Raxmonov', 'Manager', 'Management', 5400.00, '2022-09-01', 'Active'),
(34, 34, 'Dilorom Karimova', 'Manager', 'Management', 5000.00, '2022-10-01', 'Active'),
(35, 35, 'Javlon Tursunov', 'Manager', 'Management', 5100.00, '2022-11-01', 'Active'),
(36, 36, 'Feruza Rahmatova', 'Manager', 'Management', 5200.00, '2022-12-01', 'Active'),
(37, 37, 'Azizbek Islomov', 'Manager', 'Management', 5300.00, '2023-01-01', 'Active'),
(38, 38, 'Madina Raxmonova', 'Manager', 'Management', 5000.00, '2023-02-01', 'Active'),
(39, 39, 'Rustam Tursunov', 'Manager', 'Management', 5200.00, '2023-03-01', 'Active'),
(40, 40, 'Nilufar Rahmatova', 'Manager', 'Management', 5100.00, '2023-04-01', 'Active'),
(41, 41, 'Jasur Karimov', 'Manager', 'Management', 5000.00, '2023-05-01', 'Active'),
(42, 42, 'Gulnora Islomova', 'Manager', 'Management', 5200.00, '2023-06-01', 'Active'),
(43, 43, 'Otabek Tursunov', 'Manager', 'Management', 5300.00, '2023-07-01', 'Active'),
(44, 44, 'Dilorom Raxmonova', 'Manager', 'Management', 5000.00, '2023-08-01', 'Active'),
(45, 45, 'Javlon Islomov', 'Manager', 'Management', 5100.00, '2023-09-01', 'Active'),
(46, 46, 'Feruza Tursunova', 'Manager', 'Management', 5200.00, '2023-10-01', 'Active'),
(47, 47, 'Azizbek Rahmatov', 'Manager', 'Management', 5300.00, '2023-11-01', 'Active'),
(48, 48, 'Madina Karimova', 'Manager', 'Management', 5000.00, '2023-12-01', 'Active'),
(49, 49, 'Rustam Islomov', 'Manager', 'Management', 5200.00, '2024-01-01', 'Active'),
(50, 50, 'Nilufar Tursunova', 'Manager', 'Management', 5100.00, '2024-02-01', 'Active'),
(51, 1, 'Sardor Abdullayev', 'Cashier', 'Operations', 2000.00, '2021-01-15', 'Active'),
(52, 1, 'Gulnora Tursunova', 'Account Officer', 'Operations', 2500.00, '2021-02-01', 'Active'),
(53, 1, 'Javlon Karimov', 'Customer Service', 'Support', 2200.00, '2021-03-01', 'Active'),
(54, 2, 'Nilufar Rahmatova', 'Cashier', 'Operations', 2000.00, '2021-01-20', 'Active'),
(55, 2, 'Bekzod Tursunov', 'Account Officer', 'Operations', 2500.00, '2021-02-05', 'Active'),
(56, 2, 'Madina Karimova', 'Customer Service', 'Support', 2200.00, '2021-03-10', 'Active'),
(57, 3, 'Shaxboz Yo‘ldoshev', 'Cashier', 'Operations', 2000.00, '2021-01-25', 'Active'),
(58, 3, 'Dilorom Islomova', 'Account Officer', 'Operations', 2500.00, '2021-02-10', 'Active'),
(59, 3, 'Feruza Rahmatova', 'Customer Service', 'Support', 2200.00, '2021-03-15', 'Active'),
(60, 4, 'Otabek Raxmonov', 'Cashier', 'Operations', 2000.00, '2021-01-30', 'Active'),
(61, 4, 'Madina Tursunova', 'Account Officer', 'Operations', 2500.00, '2021-02-15', 'Active'),
(62, 4, 'Jasur Islomov', 'Customer Service', 'Support', 2200.00, '2021-03-20', 'Active'),
(63, 5, 'Shahlo Karimova', 'Cashier', 'Operations', 2000.00, '2021-02-01', 'Active'),
(64, 5, 'Rustam Tursunov', 'Account Officer', 'Operations', 2500.00, '2021-02-18', 'Active'),
(65, 5, 'Nilufar Sobirova', 'Customer Service', 'Support', 2200.00, '2021-03-25', 'Active'),
(66, 6, 'Bekzod Rahmatov', 'Cashier', 'Operations', 2000.00, '2021-02-05', 'Active'),
(67, 6, 'Gulbahor Karimova', 'Account Officer', 'Operations', 2500.00, '2021-02-20', 'Active'),
(68, 6, 'Javlon Islomov', 'Customer Service', 'Support', 2200.00, '2021-03-30', 'Active'),
(69, 7, 'Nilufar Karimova', 'Cashier', 'Operations', 2000.00, '2021-02-10', 'Active'),
(70, 7, 'Sardor Tursunov', 'Account Officer', 'Operations', 2500.00, '2021-02-25', 'Active'),
(71, 7, 'Dilorom Rahmatova', 'Customer Service', 'Support', 2200.00, '2021-04-05', 'Active'),
(72, 8, 'Otabek Karimov', 'Cashier', 'Operations', 2000.00, '2021-02-15', 'Active'),
(73, 8, 'Madina Islomova', 'Account Officer', 'Operations', 2500.00, '2021-03-01', 'Active'),
(74, 8, 'Rustam Rahmatov', 'Customer Service', 'Support', 2200.00, '2021-04-10', 'Active'),
(75, 9, 'Shaxboz Karimov', 'Cashier', 'Operations', 2000.00, '2021-02-20', 'Active'),
(76, 9, 'Feruza Tursunova', 'Account Officer', 'Operations', 2500.00, '2021-03-05', 'Active'),
(77, 9, 'Jasur Karimov', 'Customer Service', 'Support', 2200.00, '2021-04-15', 'Active'),
(78, 10, 'Nilufar Tursunova', 'Cashier', 'Operations', 2000.00, '2021-02-25', 'Active'),
(79, 10, 'Bekzod Islomov', 'Account Officer', 'Operations', 2500.00, '2021-03-10', 'Active'),
(80, 10, 'Gulnora Rahmatova', 'Customer Service', 'Support', 2200.00, '2021-04-20', 'Active'),
(81, 11, 'Javlon Rahmatov', 'Cashier', 'Operations', 2000.00, '2021-03-01', 'Active'),
(82, 11, 'Madina Karimova', 'Account Officer', 'Operations', 2500.00, '2021-03-15', 'Active'),
(83, 11, 'Otabek Islomov', 'Customer Service', 'Support', 2200.00, '2021-04-25', 'Active'),
(84, 12, 'Shahlo Tursunova', 'Cashier', 'Operations', 2000.00, '2021-03-05', 'Active'),
(85, 12, 'Rustam Karimov', 'Account Officer', 'Operations', 2500.00, '2021-03-20', 'Active'),
(86, 12, 'Dilorom Islomova', 'Customer Service', 'Support', 2200.00, '2021-04-30', 'Active'),
(87, 13, 'Bekzod Rahmatov', 'Cashier', 'Operations', 2000.00, '2021-03-10', 'Active'),
(88, 13, 'Nilufar Karimova', 'Account Officer', 'Operations', 2500.00, '2021-03-25', 'Active'),
(89, 13, 'Jasur Tursunov', 'Customer Service', 'Support', 2200.00, '2021-05-05', 'Active'),
(90, 14, 'Otabek Rahmatov', 'Cashier', 'Operations', 2000.00, '2021-03-15', 'Active'),
(91, 14, 'Madina Sobirova', 'Account Officer', 'Operations', 2500.00, '2021-03-30', 'Active'),
(92, 14, 'Rustam Tursunov', 'Customer Service', 'Support', 2200.00, '2021-05-10', 'Active'),
(93, 15, 'Shaxboz Raxmonov', 'Cashier', 'Operations', 2000.00, '2021-03-20', 'Active'),
(94, 15, 'Feruza Karimova', 'Account Officer', 'Operations', 2500.00, '2021-04-05', 'Active'),
(95, 15, 'Javlon Tursunov', 'Customer Service', 'Support', 2200.00, '2021-05-15', 'Active'),
(96, 16, 'Nilufar Rahmatova', 'Cashier', 'Operations', 2000.00, '2021-03-25', 'Active'),
(97, 16, 'Bekzod Islomov', 'Account Officer', 'Operations', 2500.00, '2021-04-10', 'Active'),
(98, 16, 'Madina Rahmatova', 'Customer Service', 'Support', 2200.00, '2021-05-20', 'Active'),
(99, 17, 'Jasur Karimov', 'Cashier', 'Operations', 2000.00, '2021-03-30', 'Active'),
(100, 17, 'Gulnora Islomova', 'Account Officer', 'Operations', 2500.00, '2021-04-15', 'Active'),

(101, 18, 'Sardor Karimov', 'Cashier', 'Operations', 2000.00, '2021-05-01', 'Active'),
(102, 18, 'Dilorom Tursunova', 'Account Officer', 'Operations', 2500.00, '2021-05-10', 'Active'),
(103, 18, 'Bekzod Rahmatov', 'Customer Service', 'Support', 2200.00, '2021-05-20', 'Active'),
(104, 19, 'Nilufar Sobirova', 'Cashier', 'Operations', 2000.00, '2021-05-05', 'Active'),
(105, 19, 'Javlon Karimov', 'Account Officer', 'Operations', 2500.00, '2021-05-15', 'Active'),
(106, 19, 'Madina Rahmatova', 'Customer Service', 'Support', 2200.00, '2021-05-25', 'Active'),
(107, 20, 'Rustam Tursunov', 'Cashier', 'Operations', 2000.00, '2021-05-10', 'Active'),
(108, 20, 'Feruza Islomova', 'Account Officer', 'Operations', 2500.00, '2021-05-20', 'Active'),
(109, 20, 'Otabek Karimov', 'Customer Service', 'Support', 2200.00, '2021-05-30', 'Active'),
(110, 21, 'Shaxboz Raxmonov', 'Cashier', 'Operations', 2000.00, '2021-05-15', 'Active'),
(111, 21, 'Nilufar Tursunova', 'Account Officer', 'Operations', 2500.00, '2021-05-25', 'Active'),
(112, 21, 'Jasur Islomov', 'Customer Service', 'Support', 2200.00, '2021-06-05', 'Active'),
(113, 22, 'Madina Karimova', 'Cashier', 'Operations', 2000.00, '2021-05-20', 'Active'),
(114, 22, 'Bekzod Tursunov', 'Account Officer', 'Operations', 2500.00, '2021-05-30', 'Active'),
(115, 22, 'Rustam Rahmatov', 'Customer Service', 'Support', 2200.00, '2021-06-10', 'Active'),
(116, 23, 'Nilufar Karimova', 'Cashier', 'Operations', 2000.00, '2021-05-25', 'Active'),
(117, 23, 'Javlon Tursunov', 'Account Officer', 'Operations', 2500.00, '2021-06-05', 'Active'),
(118, 23, 'Dilorom Rahmatova', 'Customer Service', 'Support', 2200.00, '2021-06-15', 'Active'),
(119, 24, 'Otabek Rahmatov', 'Cashier', 'Operations', 2000.00, '2021-05-30', 'Active'),
(120, 24, 'Feruza Tursunova', 'Account Officer', 'Operations', 2500.00, '2021-06-10', 'Active'),
(121, 24, 'Madina Sobirova', 'Customer Service', 'Support', 2200.00, '2021-06-20', 'Active'),
(122, 25, 'Shaxboz Karimov', 'Cashier', 'Operations', 2000.00, '2021-06-05', 'Active'),
(123, 25, 'Nilufar Islomova', 'Account Officer', 'Operations', 2500.00, '2021-06-15', 'Active'),
(124, 25, 'Jasur Tursunov', 'Customer Service', 'Support', 2200.00, '2021-06-25', 'Active'),
(125, 26, 'Sardor Raxmonov', 'Cashier', 'Operations', 2000.00, '2021-06-10', 'Active'),
(126, 26, 'Dilorom Islomova', 'Account Officer', 'Operations', 2500.00, '2021-06-20', 'Active'),
(127, 26, 'Bekzod Karimov', 'Customer Service', 'Support', 2200.00, '2021-06-30', 'Active'),
(128, 27, 'Nilufar Rahmatova', 'Cashier', 'Operations', 2000.00, '2021-06-15', 'Active'),
(129, 27, 'Javlon Islomov', 'Account Officer', 'Operations', 2500.00, '2021-06-25', 'Active'),
(130, 27, 'Rustam Karimov', 'Customer Service', 'Support', 2200.00, '2021-07-05', 'Active'),
(131, 28, 'Otabek Tursunov', 'Cashier', 'Operations', 2000.00, '2021-06-20', 'Active'),
(132, 28, 'Feruza Rahmatova', 'Account Officer', 'Operations', 2500.00, '2021-06-30', 'Active'),
(133, 28, 'Madina Karimova', 'Customer Service', 'Support', 2200.00, '2021-07-10', 'Active'),
(134, 29, 'Shaxboz Islomov', 'Cashier', 'Operations', 2000.00, '2021-06-25', 'Active'),
(135, 29, 'Nilufar Tursunova', 'Account Officer', 'Operations', 2500.00, '2021-07-05', 'Active'),
(136, 29, 'Jasur Rahmatov', 'Customer Service', 'Support', 2200.00, '2021-07-15', 'Active'),
(137, 30, 'Sardor Karimov', 'Cashier', 'Operations', 2000.00, '2021-06-30', 'Active'),
(138, 30, 'Dilorom Rahmatova', 'Account Officer', 'Operations', 2500.00, '2021-07-10', 'Active'),
(139, 30, 'Bekzod Tursunov', 'Customer Service', 'Support', 2200.00, '2021-07-20', 'Active'),
(140, 31, 'Nilufar Islomova', 'Cashier', 'Operations', 2000.00, '2021-07-05', 'Active'),
(141, 31, 'Javlon Karimov', 'Account Officer', 'Operations', 2500.00, '2021-07-15', 'Active'),
(142, 31, 'Rustam Tursunov', 'Customer Service', 'Support', 2200.00, '2021-07-25', 'Active'),
(143, 32, 'Otabek Karimov', 'Cashier', 'Operations', 2000.00, '2021-07-10', 'Active'),
(144, 32, 'Madina Islomova', 'Account Officer', 'Operations', 2500.00, '2021-07-20', 'Active'),

(145, 32, 'Feruza Tursunova', 'Customer Service', 'Support', 2200.00, '2021-07-30', 'Active'),
(146, 33, 'Shaxboz Rahmatov', 'Cashier', 'Operations', 2000.00, '2021-07-15', 'Active'),
(147, 33, 'Nilufar Karimova', 'Account Officer', 'Operations', 2500.00, '2021-07-25', 'Active'),
(148, 33, 'Jasur Islomov', 'Customer Service', 'Support', 2200.00, '2021-08-05', 'Active'),
(149, 34, 'Sardor Tursunov', 'Cashier', 'Operations', 2000.00, '2021-07-20', 'Active'),
(150, 34, 'Dilorom Karimova', 'Account Officer', 'Operations', 2500.00, '2021-07-30', 'Active'),
(151, 34, 'Bekzod Rahmatov', 'Customer Service', 'Support', 2200.00, '2021-08-10', 'Active'),
(152, 35, 'Nilufar Rahmatova', 'Cashier', 'Operations', 2000.00, '2021-07-25', 'Active'),
(153, 35, 'Javlon Tursunov', 'Account Officer', 'Operations', 2500.00, '2021-08-05', 'Active'),
(154, 35, 'Rustam Karimov', 'Customer Service', 'Support', 2200.00, '2021-08-15', 'Active'),
(155, 36, 'Otabek Islomov', 'Cashier', 'Operations', 2000.00, '2021-07-30', 'Active'),
(156, 36, 'Feruza Rahmatova', 'Account Officer', 'Operations', 2500.00, '2021-08-10', 'Active'),
(157, 36, 'Madina Karimova', 'Customer Service', 'Support', 2200.00, '2021-08-20', 'Active'),
(158, 37, 'Shaxboz Tursunov', 'Cashier', 'Operations', 2000.00, '2021-08-05', 'Active'),
(159, 37, 'Nilufar Islomova', 'Account Officer', 'Operations', 2500.00, '2021-08-15', 'Active'),
(160, 37, 'Jasur Rahmatov', 'Customer Service', 'Support', 2200.00, '2021-08-25', 'Active'),
(161, 38, 'Sardor Karimov', 'Cashier', 'Operations', 2000.00, '2021-08-10', 'Active'),
(162, 38, 'Dilorom Rahmatova', 'Account Officer', 'Operations', 2500.00, '2021-08-20', 'Active'),
(163, 38, 'Bekzod Islomov', 'Customer Service', 'Support', 2200.00, '2021-08-30', 'Active'),
(164, 39, 'Nilufar Karimova', 'Cashier', 'Operations', 2000.00, '2021-08-15', 'Active'),
(165, 39, 'Javlon Islomov', 'Account Officer', 'Operations', 2500.00, '2021-08-25', 'Active'),
(166, 39, 'Rustam Rahmatov', 'Customer Service', 'Support', 2200.00, '2021-09-04', 'Active'),
(167, 40, 'Otabek Tursunov', 'Cashier', 'Operations', 2000.00, '2021-08-20', 'Active'),
(168, 40, 'Feruza Karimova', 'Account Officer', 'Operations', 2500.00, '2021-08-30', 'Active'),
(169, 40, 'Madina Sobirova', 'Customer Service', 'Support', 2200.00, '2021-09-09', 'Active'),
(170, 41, 'Shaxboz Islomov', 'Cashier', 'Operations', 2000.00, '2021-08-25', 'Active'),
(171, 41, 'Nilufar Tursunova', 'Account Officer', 'Operations', 2500.00, '2021-09-04', 'Active'),
(172, 41, 'Jasur Karimov', 'Customer Service', 'Support', 2200.00, '2021-09-14', 'Active'),
(173, 42, 'Sardor Rahmatov', 'Cashier', 'Operations', 2000.00, '2021-08-30', 'Active'),
(174, 42, 'Dilorom Islomova', 'Account Officer', 'Operations', 2500.00, '2021-09-09', 'Active'),
(175, 42, 'Bekzod Karimov', 'Customer Service', 'Support', 2200.00, '2021-09-19', 'Active'),
(176, 43, 'Nilufar Rahmatova', 'Cashier', 'Operations', 2000.00, '2021-09-04', 'Active'),
(177, 43, 'Javlon Tursunov', 'Account Officer', 'Operations', 2500.00, '2021-09-14', 'Active'),
(178, 43, 'Rustam Karimov', 'Customer Service', 'Support', 2200.00, '2021-09-24', 'Active'),
(179, 44, 'Otabek Islomov', 'Cashier', 'Operations', 2000.00, '2021-09-09', 'Active'),
(180, 44, 'Feruza Tursunova', 'Account Officer', 'Operations', 2500.00, '2021-09-19', 'Active'),
(181, 44, 'Madina Karimova', 'Customer Service', 'Support', 2200.00, '2021-09-29', 'Active'),
(182, 45, 'Shaxboz Rahmatov', 'Cashier', 'Operations', 2000.00, '2021-09-14', 'Active'),
(183, 45, 'Nilufar Islomova', 'Account Officer', 'Operations', 2500.00, '2021-09-24', 'Active'),
(184, 45, 'Jasur Rahmatov', 'Customer Service', 'Support', 2200.00, '2021-10-04', 'Active'),
(185, 46, 'Sardor Tursunov', 'Cashier', 'Operations', 2000.00, '2021-09-19', 'Active'),
(186, 46, 'Dilorom Karimova', 'Account Officer', 'Operations', 2500.00, '2021-09-29', 'Active'),
(187, 46, 'Bekzod Islomov', 'Customer Service', 'Support', 2200.00, '2021-10-09', 'Active'),
(188, 47, 'Nilufar Rahmatova', 'Cashier', 'Operations', 2000.00, '2021-09-24', 'Active'),

(189, 47, 'Javlon Karimov', 'Account Officer', 'Operations', 2500.00, '2021-10-04', 'Active'),
(190, 47, 'Rustam Tursunov', 'Customer Service', 'Support', 2200.00, '2021-10-14', 'Active'),
(191, 48, 'Otabek Rahmatov', 'Cashier', 'Operations', 2000.00, '2021-09-29', 'Active'),
(192, 48, 'Feruza Islomova', 'Account Officer', 'Operations', 2500.00, '2021-10-09', 'Active'),
(193, 48, 'Madina Sobirova', 'Customer Service', 'Support', 2200.00, '2021-10-19', 'Active'),
(194, 49, 'Shaxboz Karimov', 'Cashier', 'Operations', 2000.00, '2021-10-04', 'Active'),
(195, 49, 'Nilufar Tursunova', 'Account Officer', 'Operations', 2500.00, '2021-10-14', 'Active'),
(196, 49, 'Jasur Islomov', 'Customer Service', 'Support', 2200.00, '2021-10-24', 'Active'),
(197, 50, 'Sardor Rahmatov', 'Cashier', 'Operations', 2000.00, '2021-10-09', 'Active'),
(198, 50, 'Dilorom Karimova', 'Account Officer', 'Operations', 2500.00, '2021-10-19', 'Active'),
(199, 50, 'Bekzod Karimov', 'Customer Service', 'Support', 2200.00, '2021-10-29', 'Active'),
(200, 50, 'Nilufar Islomova', 'Customer Service', 'Support', 2200.00, '2021-11-01', 'Active'),

(201, 1, 'Shahlo Tursunova', 'Loan Officer', 'Credit', 2700.00, '2021-11-05', 'Active'),
(202, 1, 'Javlon Karimov', 'IT Support', 'IT', 2800.00, '2021-11-10', 'Active'),
(203, 2, 'Dilorom Islomova', 'Loan Officer', 'Credit', 2700.00, '2021-11-15', 'Active'),
(204, 2, 'Bekzod Rahmatov', 'IT Support', 'IT', 2800.00, '2021-11-20', 'Active'),
(205, 3, 'Nilufar Karimova', 'Loan Officer', 'Credit', 2700.00, '2021-11-25', 'Active'),
(206, 3, 'Rustam Tursunov', 'IT Support', 'IT', 2800.00, '2021-11-30', 'Active'),
(207, 4, 'Sardor Rahmatov', 'Loan Officer', 'Credit', 2700.00, '2021-12-05', 'Active'),
(208, 4, 'Feruza Tursunova', 'IT Support', 'IT', 2800.00, '2021-12-10', 'Active'),
(209, 5, 'Madina Karimova', 'Loan Officer', 'Credit', 2700.00, '2021-12-15', 'Active'),
(210, 5, 'Jasur Islomov', 'IT Support', 'IT', 2800.00, '2021-12-20', 'Active'),
(211, 6, 'Otabek Karimov', 'Loan Officer', 'Credit', 2700.00, '2021-12-25', 'Active'),
(212, 6, 'Nilufar Sobirova', 'IT Support', 'IT', 2800.00, '2021-12-30', 'Active'),
(213, 7, 'Shaxboz Karimov', 'Loan Officer', 'Credit', 2700.00, '2022-01-04', 'Active'),
(214, 7, 'Bekzod Tursunov', 'IT Support', 'IT', 2800.00, '2022-01-09', 'Active'),
(215, 8, 'Dilorom Rahmatova', 'Loan Officer', 'Credit', 2700.00, '2022-01-14', 'Active'),
(216, 8, 'Rustam Karimov', 'IT Support', 'IT', 2800.00, '2022-01-19', 'Active'),
(217, 9, 'Nilufar Islomova', 'Loan Officer', 'Credit', 2700.00, '2022-01-24', 'Active'),
(218, 9, 'Javlon Rahmatov', 'IT Support', 'IT', 2800.00, '2022-01-29', 'Active'),
(219, 10, 'Sardor Tursunov', 'Loan Officer', 'Credit', 2700.00, '2022-02-03', 'Active'),
(220, 10, 'Feruza Karimova', 'IT Support', 'IT', 2800.00, '2022-02-08', 'Active'),
(221, 11, 'Madina Tursunova', 'Loan Officer', 'Credit', 2700.00, '2022-02-13', 'Active'),
(222, 11, 'Otabek Rahmatov', 'IT Support', 'IT', 2800.00, '2022-02-18', 'Active'),
(223, 12, 'Shaxboz Islomov', 'Loan Officer', 'Credit', 2700.00, '2022-02-23', 'Active'),
(224, 12, 'Nilufar Karimova', 'IT Support', 'IT', 2800.00, '2022-02-28', 'Active'),
(225, 13, 'Jasur Tursunov', 'Loan Officer', 'Credit', 2700.00, '2022-03-05', 'Active'),
(226, 13, 'Bekzod Rahmatov', 'IT Support', 'IT', 2800.00, '2022-03-10', 'Active'),
(227, 14, 'Nilufar Sobirova', 'Loan Officer', 'Credit', 2700.00, '2022-03-15', 'Active'),
(228, 14, 'Javlon Karimov', 'IT Support', 'IT', 2800.00, '2022-03-20', 'Active'),
(229, 15, 'Sardor Karimov', 'Loan Officer', 'Credit', 2700.00, '2022-03-25', 'Active'),
(230, 15, 'Dilorom Tursunova', 'IT Support', 'IT', 2800.00, '2022-03-30', 'Active'),
(231, 16, 'Rustam Tursunov', 'Loan Officer', 'Credit', 2700.00, '2022-04-04', 'Active'),
(232, 16, 'Feruza Tursunova', 'IT Support', 'IT', 2800.00, '2022-04-09', 'Active'),
(233, 17, 'Madina Karimova', 'Loan Officer', 'Credit', 2700.00, '2022-04-14', 'Active'),
(234, 17, 'Otabek Islomov', 'IT Support', 'IT', 2800.00, '2022-04-19', 'Active'),
(235, 18, 'Shaxboz Rahmatov', 'Loan Officer', 'Credit', 2700.00, '2022-04-24', 'Active'),
(236, 18, 'Nilufar Islomova', 'IT Support', 'IT', 2800.00, '2022-04-29', 'Active'),
(237, 19, 'Sardor Tursunov', 'Loan Officer', 'Credit', 2700.00, '2022-05-04', 'Active'),
(238, 19, 'Dilorom Karimova', 'IT Support', 'IT', 2800.00, '2022-05-09', 'Active'),
(239, 20, 'Bekzod Karimov', 'Loan Officer', 'Credit', 2700.00, '2022-05-14', 'Active'),
(240, 20, 'Madina Rahmatova', 'IT Support', 'IT', 2800.00, '2022-05-19', 'Active'),
(241, 21, 'Otabek Rahmatov', 'Loan Officer', 'Credit', 2700.00, '2022-05-24', 'Active'),
(242, 21, 'Feruza Islomova', 'IT Support', 'IT', 2800.00, '2022-05-29', 'Active'),
(243, 22, 'Shaxboz Karimov', 'Loan Officer', 'Credit', 2700.00, '2022-06-03', 'Active'),
(244, 22, 'Nilufar Tursunova', 'IT Support', 'IT', 2800.00, '2022-06-08', 'Active'),
(245, 23, 'Jasur Tursunov', 'Loan Officer', 'Credit', 2700.00, '2022-06-13', 'Active'),
(246, 23, 'Bekzod Rahmatov', 'IT Support', 'IT', 2800.00, '2022-06-18', 'Active'),
(247, 24, 'Nilufar Sobirova', 'Loan Officer', 'Credit', 2700.00, '2022-06-23', 'Active'),
(248, 24, 'Javlon Karimov', 'IT Support', 'IT', 2800.00, '2022-06-28', 'Active'),
(249, 25, 'Sardor Karimov', 'Loan Officer', 'Credit', 2700.00, '2022-07-03', 'Active'),
(250, 25, 'Dilorom Tursunova', 'IT Support', 'IT', 2800.00, '2022-07-08', 'Active'),
(251, 26, 'Rustam Tursunov', 'Loan Officer', 'Credit', 2700.00, '2022-07-13', 'Active'),
(252, 26, 'Feruza Tursunova', 'IT Support', 'IT', 2800.00, '2022-07-18', 'Active'),
(253, 27, 'Madina Karimova', 'Loan Officer', 'Credit', 2700.00, '2022-07-23', 'Active'),
(254, 27, 'Otabek Islomov', 'IT Support', 'IT', 2800.00, '2022-07-28', 'Active'),
(255, 28, 'Shaxboz Rahmatov', 'Loan Officer', 'Credit', 2700.00, '2022-08-02', 'Active'),
(256, 28, 'Nilufar Islomova', 'IT Support', 'IT', 2800.00, '2022-08-07', 'Active'),
(257, 29, 'Sardor Tursunov', 'Loan Officer', 'Credit', 2700.00, '2022-08-12', 'Active'),
(258, 29, 'Dilorom Karimova', 'IT Support', 'IT', 2800.00, '2022-08-17', 'Active'),
(259, 30, 'Bekzod Karimov', 'Loan Officer', 'Credit', 2700.00, '2022-08-22', 'Active'),
(260, 30, 'Madina Rahmatova', 'IT Support', 'IT', 2800.00, '2022-08-27', 'Active'),
(261, 31, 'Otabek Rahmatov', 'Loan Officer', 'Credit', 2700.00, '2022-09-01', 'Active'),
(262, 31, 'Feruza Islomova', 'IT Support', 'IT', 2800.00, '2022-09-06', 'Active'),
(263, 32, 'Shaxboz Karimov', 'Loan Officer', 'Credit', 2700.00, '2022-09-11', 'Active'),
(264, 32, 'Nilufar Tursunova', 'IT Support', 'IT', 2800.00, '2022-09-16', 'Active'),
(265, 33, 'Jasur Tursunov', 'Loan Officer', 'Credit', 2700.00, '2022-09-21', 'Active'),
(266, 33, 'Bekzod Rahmatov', 'IT Support', 'IT', 2800.00, '2022-09-26', 'Active'),
(267, 34, 'Nilufar Sobirova', 'Loan Officer', 'Credit', 2700.00, '2022-10-01', 'Active'),
(268, 34, 'Javlon Karimov', 'IT Support', 'IT', 2800.00, '2022-10-06', 'Active'),
(269, 35, 'Sardor Karimov', 'Loan Officer', 'Credit', 2700.00, '2022-10-11', 'Active'),
(270, 35, 'Dilorom Tursunova', 'IT Support', 'IT', 2800.00, '2022-10-16', 'Active'),
(271, 36, 'Rustam Tursunov', 'Loan Officer', 'Credit', 2700.00, '2022-10-21', 'Active'),
(272, 36, 'Feruza Tursunova', 'IT Support', 'IT', 2800.00, '2022-10-26', 'Active'),
(273, 37, 'Madina Karimova', 'Loan Officer', 'Credit', 2700.00, '2022-10-31', 'Active'),
(274, 37, 'Otabek Islomov', 'IT Support', 'IT', 2800.00, '2022-11-05', 'Active'),
(275, 38, 'Shaxboz Rahmatov', 'Loan Officer', 'Credit', 2700.00, '2022-11-10', 'Active'),
(276, 38, 'Nilufar Islomova', 'IT Support', 'IT', 2800.00, '2022-11-15', 'Active'),
(277, 39, 'Sardor Tursunov', 'Loan Officer', 'Credit', 2700.00, '2022-11-20', 'Active'),
(278, 39, 'Dilorom Karimova', 'IT Support', 'IT', 2800.00, '2022-11-25', 'Active'),
(279, 40, 'Bekzod Karimov', 'Loan Officer', 'Credit', 2700.00, '2022-11-30', 'Active'),
(280, 40, 'Madina Rahmatova', 'IT Support', 'IT', 2800.00, '2022-12-05', 'Active'),
(281, 41, 'Otabek Rahmatov', 'Loan Officer', 'Credit', 2700.00, '2022-12-10', 'Active'),
(282, 41, 'Feruza Islomova', 'IT Support', 'IT', 2800.00, '2022-12-15', 'Active'),
(283, 42, 'Shaxboz Karimov', 'Loan Officer', 'Credit', 2700.00, '2022-12-20', 'Active'),
(284, 42, 'Nilufar Tursunova', 'IT Support', 'IT', 2800.00, '2022-12-25', 'Active'),
(285, 43, 'Jasur Tursunov', 'Loan Officer', 'Credit', 2700.00, '2023-01-01', 'Active'),
(286, 43, 'Bekzod Rahmatov', 'IT Support', 'IT', 2800.00, '2023-01-06', 'Active'),
(287, 44, 'Nilufar Sobirova', 'Loan Officer', 'Credit', 2700.00, '2023-01-11', 'Active'),
(288, 44, 'Javlon Karimov', 'IT Support', 'IT', 2800.00, '2023-01-16', 'Active'),
(289, 45, 'Sardor Karimov', 'Loan Officer', 'Credit', 2700.00, '2023-01-21', 'Active'),
(290, 45, 'Dilorom Tursunova', 'IT Support', 'IT', 2800.00, '2023-01-26', 'Active'),
(291, 46, 'Rustam Tursunov', 'Loan Officer', 'Credit', 2700.00, '2023-01-31', 'Active'),
(292, 46, 'Feruza Tursunova', 'IT Support', 'IT', 2800.00, '2023-02-05', 'Active'),
(293, 47, 'Madina Karimova', 'Loan Officer', 'Credit', 2700.00, '2023-02-10', 'Active'),
(294, 47, 'Otabek Islomov', 'IT Support', 'IT', 2800.00, '2023-02-15', 'Active'),
(295, 48, 'Shaxboz Rahmatov', 'Loan Officer', 'Credit', 2700.00, '2023-02-20', 'Active'),


(296, 48, 'Nilufar Islomova', 'IT Support', 'IT', 2800.00, '2023-02-25', 'Active'),
(297, 49, 'Sardor Tursunov', 'Loan Officer', 'Credit', 2700.00, '2023-03-02', 'Active'),
(298, 49, 'Dilorom Karimova', 'IT Support', 'IT', 2800.00, '2023-03-07', 'Active'),
(299, 50, 'Bekzod Karimov', 'Loan Officer', 'Credit', 2700.00, '2023-03-12', 'Active'),
(300, 50, 'Madina Rahmatova', 'IT Support', 'IT', 2800.00, '2023-03-17', 'Active'),
(301, 1, 'Otabek Islomov', 'Security Officer', 'Security', 2300.00, '2023-03-22', 'Active'),
(302, 2, 'Feruza Karimova', 'Security Officer', 'Security', 2300.00, '2023-03-27', 'Active'),
(303, 3, 'Shaxboz Rahmatov', 'Security Officer', 'Security', 2300.00, '2023-04-01', 'Active'),
(304, 4, 'Nilufar Sobirova', 'Security Officer', 'Security', 2300.00, '2023-04-06', 'Active'),
(305, 5, 'Sardor Karimov', 'Security Officer', 'Security', 2300.00, '2023-04-11', 'Active'),
(306, 6, 'Dilorom Tursunova', 'Security Officer', 'Security', 2300.00, '2023-04-16', 'Active'),
(307, 7, 'Rustam Tursunov', 'Security Officer', 'Security', 2300.00, '2023-04-21', 'Active'),
(308, 8, 'Bekzod Rahmatov', 'Security Officer', 'Security', 2300.00, '2023-04-26', 'Active'),
(309, 9, 'Madina Karimova', 'Security Officer', 'Security', 2300.00, '2023-05-01', 'Active'),
(310, 10, 'Otabek Rahmatov', 'Security Officer', 'Security', 2300.00, '2023-05-06', 'Active'),
(311, 11, 'Shaxboz Karimov', 'Security Officer', 'Security', 2300.00, '2023-05-11', 'Active'),
(312, 12, 'Nilufar Islomova', 'Security Officer', 'Security', 2300.00, '2023-05-16', 'Active'),
(313, 13, 'Sardor Tursunov', 'Security Officer', 'Security', 2300.00, '2023-05-21', 'Active'),
(314, 14, 'Dilorom Karimova', 'Security Officer', 'Security', 2300.00, '2023-05-26', 'Active'),
(315, 15, 'Bekzod Karimov', 'Security Officer', 'Security', 2300.00, '2023-05-31', 'Active'),
(316, 16, 'Madina Rahmatova', 'Security Officer', 'Security', 2300.00, '2023-06-05', 'Active'),
(317, 17, 'Otabek Islomov', 'Security Officer', 'Security', 2300.00, '2023-06-10', 'Active'),
(318, 18, 'Feruza Karimova', 'Security Officer', 'Security', 2300.00, '2023-06-15', 'Active'),
(319, 19, 'Shaxboz Rahmatov', 'Security Officer', 'Security', 2300.00, '2023-06-20', 'Active'),
(320, 20, 'Nilufar Sobirova', 'Security Officer', 'Security', 2300.00, '2023-06-25', 'Active'),
(321, 21, 'Sardor Karimov', 'Security Officer', 'Security', 2300.00, '2023-06-30', 'Active'),
(322, 22, 'Dilorom Tursunova', 'Security Officer', 'Security', 2300.00, '2023-07-05', 'Active'),
(323, 23, 'Rustam Tursunov', 'Security Officer', 'Security', 2300.00, '2023-07-10', 'Active'),
(324, 24, 'Bekzod Rahmatov', 'Security Officer', 'Security', 2300.00, '2023-07-15', 'Active'),
(325, 25, 'Madina Karimova', 'Security Officer', 'Security', 2300.00, '2023-07-20', 'Active'),
(326, 26, 'Otabek Rahmatov', 'Security Officer', 'Security', 2300.00, '2023-07-25', 'Active'),
(327, 27, 'Shaxboz Karimov', 'Security Officer', 'Security', 2300.00, '2023-07-30', 'Active'),
(328, 28, 'Nilufar Islomova', 'Security Officer', 'Security', 2300.00, '2023-08-04', 'Active'),
(329, 29, 'Sardor Tursunov', 'Security Officer', 'Security', 2300.00, '2023-08-09', 'Active'),
(330, 30, 'Dilorom Karimova', 'Security Officer', 'Security', 2300.00, '2023-08-14', 'Active'),
(331, 31, 'Bekzod Karimov', 'Security Officer', 'Security', 2300.00, '2023-08-19', 'Active'),
(332, 32, 'Madina Rahmatova', 'Security Officer', 'Security', 2300.00, '2023-08-24', 'Active'),
(333, 33, 'Otabek Islomov', 'Security Officer', 'Security', 2300.00, '2023-08-29', 'Active'),
(334, 34, 'Feruza Karimova', 'Security Officer', 'Security', 2300.00, '2023-09-03', 'Active'),
(335, 35, 'Shaxboz Rahmatov', 'Security Officer', 'Security', 2300.00, '2023-09-08', 'Active'),
(336, 36, 'Nilufar Sobirova', 'Security Officer', 'Security', 2300.00, '2023-09-13', 'Active'),
(337, 37, 'Sardor Karimov', 'Security Officer', 'Security', 2300.00, '2023-09-18', 'Active'),
(338, 38, 'Dilorom Tursunova', 'Security Officer', 'Security', 2300.00, '2023-09-23', 'Active'),


(339, 39, 'Bekzod Karimov', 'Security Officer', 'Security', 2300.00, '2023-09-28', 'Active'),
(340, 40, 'Madina Rahmatova', 'Security Officer', 'Security', 2300.00, '2023-10-03', 'Active'),
(341, 41, 'Otabek Rahmatov', 'Security Officer', 'Security', 2300.00, '2023-10-08', 'Active'),
(342, 42, 'Shaxboz Karimov', 'Security Officer', 'Security', 2300.00, '2023-10-13', 'Active'),
(343, 43, 'Nilufar Islomova', 'Security Officer', 'Security', 2300.00, '2023-10-18', 'Active'),
(344, 44, 'Sardor Tursunov', 'Security Officer', 'Security', 2300.00, '2023-10-23', 'Active'),
(345, 45, 'Dilorom Karimova', 'Security Officer', 'Security', 2300.00, '2023-10-28', 'Active'),
(346, 46, 'Bekzod Karimov', 'Security Officer', 'Security', 2300.00, '2023-11-02', 'Active'),
(347, 47, 'Madina Rahmatova', 'Security Officer', 'Security', 2300.00, '2023-11-07', 'Active'),
(348, 48, 'Otabek Islomov', 'Security Officer', 'Security', 2300.00, '2023-11-12', 'Active'),
(349, 49, 'Shaxboz Rahmatov', 'Security Officer', 'Security', 2300.00, '2023-11-17', 'Active'),
(350, 50, 'Nilufar Sobirova', 'Security Officer', 'Security', 2300.00, '2023-11-22', 'Active');


drop table if exists accounts

CREATE TABLE Accounts 
   (AccountID INT PRIMARY KEY,
    CustomerID INT,
    AccountType VARCHAR(20),
    Balance DECIMAL(15,2),
    Currency VARCHAR(10),
    Status VARCHAR(20),
    BranchID INT,
    CreatedDate DATETIME,
    FOREIGN KEY (CustomerID) REFERENCES Customers(CustomerID),
    FOREIGN KEY (BranchID) REFERENCES Branches(BranchID));

INSERT INTO Accounts VALUES
(1, 1, 'Savings', 12000.00, 'USD', 'Active', 1, '2022-01-01'),
(2, 2, 'Checking', 18000.00, 'USD', 'Active', 2, '2022-02-01'),
(3, 3, 'Business', 15000.00, 'USD', 'Active', 3, '2022-03-01'),
(4, 4, 'Savings', 5000.00, 'USD', 'Active', 4, '2022-04-01'),
(5, 5, 'Checking', 0.00, 'USD', 'Inactive', 5, '2022-05-01'),
(6,6,'Savings',9500.00,'USD','Active',1,'2022-06-01'),
(7,7,'Business',14000.00,'USD','Active',2,'2022-07-01'),
(8,8,'Checking',7000.00,'USD','Active',3,'2022-08-01'),
(9,9,'Savings',3000.00,'USD','Active',4,'2022-09-01'),
(10,10,'Business',12500.00,'USD','Active',5,'2022-10-01'),
(11,11,'Savings',11000.00,'USD','Active',1,'2022-11-01'),
(12,12,'Checking',9000.00,'USD','Active',2,'2022-12-01'),
(13,13,'Business',15500.00,'USD','Active',3,'2023-01-01'),
(14,14,'Savings',4000.00,'USD','Active',4,'2023-02-01'),
(15,15,'Checking',13500.00,'USD','Active',5,'2023-03-01'),
(16,16,'Savings',12500.00,'USD','Active',1,'2022-01-15'),
(17,17,'Business',16000.00,'USD','Active',2,'2022-02-15'),
(18,18,'Checking',8000.00,'USD','Active',3,'2022-03-15'),
(19,19,'Savings',4500.00,'USD','Active',4,'2022-04-15'),
(20,20,'Business',13800.00,'USD','Active',5,'2022-05-15'),
(21,21,'Savings',10000.00,'USD','Active',1,'2022-06-15'),
(22,22,'Checking',12000.00,'USD','Active',2,'2022-07-15'),
(23,23,'Business',14200.00,'USD','Active',3,'2022-08-15'),
(24,24,'Savings',6000.00,'USD','Active',4,'2022-09-15'),
(25,25,'Checking',13000.00,'USD','Active',5,'2022-10-15'),
(26,26,'Savings',9500.00,'USD','Active',1,'2022-11-15'),
(27,27,'Business',14500.00,'USD','Active',2,'2022-12-15'),
(28,28,'Checking',7500.00,'USD','Active',3,'2023-01-15'),
(29,29,'Savings',5200.00,'USD','Active',4,'2023-02-15'),
(30,30,'Business',13700.00,'USD','Active',5,'2023-03-15'),
(31,31,'Savings',11000.00,'USD','Active',1,'2022-01-20'),
(32,32,'Checking',12500.00,'USD','Active',2,'2022-02-20'),
(33,33,'Business',15000.00,'USD','Active',3,'2022-03-20'),
(34,34,'Savings',4800.00,'USD','Active',4,'2022-04-20'),
(35,35,'Checking',14000.00,'USD','Active',5,'2022-05-20'),
(36,36,'Savings',9700.00,'USD','Active',1,'2022-06-20'),
(37,37,'Business',15500.00,'USD','Active',2,'2022-07-20'),
(38,38,'Checking',8200.00,'USD','Active',3,'2022-08-20'),
(39,39,'Savings',5100.00,'USD','Active',4,'2022-09-20'),
(40,40,'Business',13900.00,'USD','Active',5,'2022-10-20'),
(41,41,'Savings',10800.00,'USD','Active',1,'2022-11-20'),
(42,42,'Checking',11800.00,'USD','Active',2,'2022-12-20'),
(43,43,'Business',15200.00,'USD','Active',3,'2023-01-20'),
(44,44,'Savings',4700.00,'USD','Active',4,'2023-02-20'),
(45,45,'Checking',13200.00,'USD','Active',5,'2023-03-20'),
(46,46,'Savings',9600.00,'USD','Active',1,'2022-01-25'),
(47,47,'Business',14700.00,'USD','Active',2,'2022-02-25'),
(48,48,'Checking',7800.00,'USD','Active',3,'2022-03-25'),
(49,49,'Savings',5300.00,'USD','Active',4,'2022-04-25'),
(50,50,'Business',13600.00,'USD','Active',5,'2022-05-25'),

(51,51,'Checking',12500.00,'USD','Active',1,'2022-06-01'),
(52,52,'Savings',9800.00,'USD','Active',2,'2022-06-02'),
(53,53,'Business',14200.00,'USD','Active',3,'2022-06-03'),
(54,54,'Savings',4700.00,'USD','Active',4,'2022-06-04'),
(55,55,'Checking',13000.00,'USD','Active',5,'2022-06-05'),
(56,56,'Business',15500.00,'USD','Active',1,'2022-06-06'),
(57,57,'Savings',10200.00,'USD','Active',2,'2022-06-07'),
(58,58,'Checking',8700.00,'USD','Active',3,'2022-06-08'),
(59,59,'Business',14000.00,'USD','Active',4,'2022-06-09'),
(60,60,'Savings',5000.00,'USD','Active',5,'2022-06-10'),
(61,61,'Checking',11800.00,'USD','Active',1,'2022-06-11'),
(62,62,'Business',14700.00,'USD','Active',2,'2022-06-12'),
(63,63,'Savings',4900.00,'USD','Active',3,'2022-06-13'),
(64,64,'Checking',13500.00,'USD','Active',4,'2022-06-14'),
(65,65,'Business',15000.00,'USD','Active',5,'2022-06-15'),
(66,66,'Savings',9600.00,'USD','Active',1,'2022-06-16'),
(67,67,'Checking',8800.00,'USD','Active',2,'2022-06-17'),
(68,68,'Business',13800.00,'USD','Active',3,'2022-06-18'),
(69,69,'Savings',5200.00,'USD','Active',4,'2022-06-19'),
(70,70,'Checking',14500.00,'USD','Active',5,'2022-06-20'),
(71,71,'Business',15000.00,'USD','Active',1,'2022-06-21'),
(72,72,'Savings',9700.00,'USD','Active',2,'2022-06-22'),
(73,73,'Checking',8100.00,'USD','Active',3,'2022-06-23'),
(74,74,'Business',14200.00,'USD','Active',4,'2022-06-24'),
(75,75,'Savings',4600.00,'USD','Active',5,'2022-06-25'),
(76,76,'Checking',13200.00,'USD','Active',1,'2022-06-26'),
(77,77,'Business',15500.00,'USD','Active',2,'2022-06-27'),
(78,78,'Savings',10300.00,'USD','Active',3,'2022-06-28'),
(79,79,'Checking',8900.00,'USD','Active',4,'2022-06-29'),
(80,80,'Business',14000.00,'USD','Active',5,'2022-06-30'),
(81,81,'Savings',4800.00,'USD','Active',1,'2022-07-01'),
(82,82,'Checking',12500.00,'USD','Active',2,'2022-07-02'),
(83,83,'Business',14500.00,'USD','Active',3,'2022-07-03'),
(84,84,'Savings',5000.00,'USD','Active',4,'2022-07-04'),
(85,85,'Checking',13800.00,'USD','Active',5,'2022-07-05'),
(86,86,'Business',15200.00,'USD','Active',1,'2022-07-06'),
(87,87,'Savings',9600.00,'USD','Active',2,'2022-07-07'),
(88,88,'Checking',8700.00,'USD','Active',3,'2022-07-08'),
(89,89,'Business',14000.00,'USD','Active',4,'2022-07-09'),
(90,90,'Savings',5100.00,'USD','Active',5,'2022-07-10'),
(91,91,'Checking',11800.00,'USD','Active',1,'2022-07-11'),
(92,92,'Business',14700.00,'USD','Active',2,'2022-07-12'),
(93,93,'Savings',4900.00,'USD','Active',3,'2022-07-13'),
(94,94,'Checking',13500.00,'USD','Active',4,'2022-07-14'),
(95,95,'Business',15000.00,'USD','Active',5,'2022-07-15'),
(96,96,'Savings',9600.00,'USD','Active',1,'2022-07-16'),
(97,97,'Checking',8800.00,'USD','Active',2,'2022-07-17'),
(98,98,'Business',13800.00,'USD','Active',3,'2022-07-18'),
(99,99,'Savings',5200.00,'USD','Active',4,'2022-07-19'),
(100,100,'Checking',14500.00,'USD','Active',5,'2022-07-20'),

(101,101,'Savings',10500.00,'USD','Active',1,'2022-07-21'),
(102,102,'Checking',13200.00,'USD','Active',2,'2022-07-22'),
(103,103,'Business',15800.00,'USD','Active',3,'2022-07-23'),
(104,104,'Savings',5400.00,'USD','Active',4,'2022-07-24'),
(105,105,'Checking',14100.00,'USD','Active',5,'2022-07-25'),
(106,106,'Business',16500.00,'USD','Active',1,'2022-07-26'),
(107,107,'Savings',9900.00,'USD','Active',2,'2022-07-27'),
(108,108,'Checking',8700.00,'USD','Active',3,'2022-07-28'),
(109,109,'Business',14900.00,'USD','Active',4,'2022-07-29'),
(110,110,'Savings',6100.00,'USD','Active',5,'2022-07-30'),

(111,111,'Checking',12800.00,'USD','Active',1,'2022-08-01'),
(112,112,'Business',15200.00,'USD','Active',2,'2022-08-02'),
(113,113,'Savings',4800.00,'USD','Active',3,'2022-08-03'),
(114,114,'Checking',13700.00,'USD','Active',4,'2022-08-04'),
(115,115,'Business',16000.00,'USD','Active',5,'2022-08-05'),
(116,116,'Savings',9300.00,'USD','Active',1,'2022-08-06'),
(117,117,'Checking',8200.00,'USD','Active',2,'2022-08-07'),
(118,118,'Business',14300.00,'USD','Active',3,'2022-08-08'),
(119,119,'Savings',5600.00,'USD','Active',4,'2022-08-09'),
(120,120,'Checking',14600.00,'USD','Active',5,'2022-08-10'),

(121,121,'Business',17000.00,'USD','Active',1,'2022-08-11'),
(122,122,'Savings',10100.00,'USD','Active',2,'2022-08-12'),
(123,123,'Checking',8900.00,'USD','Active',3,'2022-08-13'),
(124,124,'Business',15500.00,'USD','Active',4,'2022-08-14'),
(125,125,'Savings',6200.00,'USD','Active',5,'2022-08-15'),
(126,126,'Checking',13900.00,'USD','Active',1,'2022-08-16'),
(127,127,'Business',16200.00,'USD','Active',2,'2022-08-17'),
(128,128,'Savings',9700.00,'USD','Active',3,'2022-08-18'),
(129,129,'Checking',9100.00,'USD','Active',4,'2022-08-19'),
(130,130,'Business',14800.00,'USD','Active',5,'2022-08-20'),

(131,131,'Savings',5300.00,'USD','Active',1,'2022-08-21'),
(132,132,'Checking',13300.00,'USD','Active',2,'2022-08-22'),
(133,133,'Business',15700.00,'USD','Active',3,'2022-08-23'),
(134,134,'Savings',6900.00,'USD','Active',4,'2022-08-24'),
(135,135,'Checking',14400.00,'USD','Active',5,'2022-08-25'),
(136,136,'Business',16800.00,'USD','Active',1,'2022-08-26'),
(137,137,'Savings',9500.00,'USD','Active',2,'2022-08-27'),
(138,138,'Checking',8600.00,'USD','Active',3,'2022-08-28'),
(139,139,'Business',15100.00,'USD','Active',4,'2022-08-29'),
(140,140,'Savings',5800.00,'USD','Active',5,'2022-08-30'),

(141,141,'Checking',12700.00,'USD','Active',1,'2022-09-01'),
(142,142,'Business',15300.00,'USD','Active',2,'2022-09-02'),
(143,143,'Savings',4700.00,'USD','Active',3,'2022-09-03'),
(144,144,'Checking',13600.00,'USD','Active',4,'2022-09-04'),
(145,145,'Business',16100.00,'USD','Active',5,'2022-09-05'),
(146,146,'Savings',9200.00,'USD','Active',1,'2022-09-06'),
(147,147,'Checking',8400.00,'USD','Active',2,'2022-09-07'),
(148,148,'Business',14500.00,'USD','Active',3,'2022-09-08'),
(149,149,'Savings',6000.00,'USD','Active',4,'2022-09-09'),
(150,150,'Checking',14900.00,'USD','Active',5,'2022-09-10'),

(151,151,'Business',17200.00,'USD','Active',1,'2022-09-11'),
(152,152,'Savings',10400.00,'USD','Active',2,'2022-09-12'),
(153,153,'Checking',8800.00,'USD','Active',3,'2022-09-13'),
(154,154,'Business',15600.00,'USD','Active',4,'2022-09-14'),
(155,155,'Savings',6400.00,'USD','Active',5,'2022-09-15'),
(156,156,'Checking',14100.00,'USD','Active',1,'2022-09-16'),
(157,157,'Business',16500.00,'USD','Active',2,'2022-09-17'),
(158,158,'Savings',9800.00,'USD','Active',3,'2022-09-18'),
(159,159,'Checking',9300.00,'USD','Active',4,'2022-09-19'),
(160,160,'Business',15000.00,'USD','Active',5,'2022-09-20'),

(161,161,'Savings',5200.00,'USD','Active',1,'2022-09-21'),
(162,162,'Checking',13400.00,'USD','Active',2,'2022-09-22'),
(163,163,'Business',15800.00,'USD','Active',3,'2022-09-23'),
(164,164,'Savings',7100.00,'USD','Active',4,'2022-09-24'),
(165,165,'Checking',14600.00,'USD','Active',5,'2022-09-25'),
(166,166,'Business',16900.00,'USD','Active',1,'2022-09-26'),
(167,167,'Savings',9600.00,'USD','Active',2,'2022-09-27'),
(168,168,'Checking',8700.00,'USD','Active',3,'2022-09-28'),
(169,169,'Business',15200.00,'USD','Active',4,'2022-09-29'),
(170,170,'Savings',5900.00,'USD','Active',5,'2022-09-30'),

(171,171,'Checking',12900.00,'USD','Active',1,'2022-10-01'),
(172,172,'Business',15400.00,'USD','Active',2,'2022-10-02'),
(173,173,'Savings',4800.00,'USD','Active',3,'2022-10-03'),
(174,174,'Checking',13700.00,'USD','Active',4,'2022-10-04'),
(175,175,'Business',16200.00,'USD','Active',5,'2022-10-05'),
(176,176,'Savings',9400.00,'USD','Active',1,'2022-10-06'),
(177,177,'Checking',8500.00,'USD','Active',2,'2022-10-07'),
(178,178,'Business',14600.00,'USD','Active',3,'2022-10-08'),
(179,179,'Savings',6100.00,'USD','Active',4,'2022-10-09'),
(180,180,'Checking',15000.00,'USD','Active',5,'2022-10-10'),

(181,181,'Business',17300.00,'USD','Active',1,'2022-10-11'),
(182,182,'Savings',10500.00,'USD','Active',2,'2022-10-12'),
(183,183,'Checking',9000.00,'USD','Active',3,'2022-10-13'),
(184,184,'Business',15700.00,'USD','Active',4,'2022-10-14'),
(185,185,'Savings',6500.00,'USD','Active',5,'2022-10-15'),
(186,186,'Checking',14200.00,'USD','Active',1,'2022-10-16'),
(187,187,'Business',16600.00,'USD','Active',2,'2022-10-17'),
(188,188,'Savings',9900.00,'USD','Active',3,'2022-10-18'),
(189,189,'Checking',9400.00,'USD','Active',4,'2022-10-19'),
(190,190,'Business',15100.00,'USD','Active',5,'2022-10-20'),

(191,191,'Savings',5400.00,'USD','Active',1,'2022-10-21'),
(192,192,'Checking',13500.00,'USD','Active',2,'2022-10-22'),
(193,193,'Business',15900.00,'USD','Active',3,'2022-10-23'),
(194,194,'Savings',7200.00,'USD','Active',4,'2022-10-24'),
(195,195,'Checking',14700.00,'USD','Active',5,'2022-10-25'),
(196,196,'Business',17000.00,'USD','Active',1,'2022-10-26'),
(197,197,'Savings',9700.00,'USD','Active',2,'2022-10-27'),
(198,198,'Checking',8800.00,'USD','Active',3,'2022-10-28'),
(199,199,'Business',15300.00,'USD','Active',4,'2022-10-29'),
(200,200,'Savings',6000.00,'USD','Active',5,'2022-10-30'),

(201,201,'Checking',14200.00,'USD','Active',1,'2022-11-01'),
(202,202,'Savings',10300.00,'USD','Active',2,'2022-11-02'),
(203,203,'Business',16000.00,'USD','Active',3,'2022-11-03'),
(204,204,'Savings',5500.00,'USD','Active',4,'2022-11-04'),
(205,205,'Checking',14800.00,'USD','Active',5,'2022-11-05'),
(206,206,'Business',17200.00,'USD','Active',1,'2022-11-06'),
(207,207,'Savings',10000.00,'USD','Active',2,'2022-11-07'),
(208,208,'Checking',9100.00,'USD','Active',3,'2022-11-08'),
(209,209,'Business',15500.00,'USD','Active',4,'2022-11-09'),
(210,210,'Savings',6200.00,'USD','Active',5,'2022-11-10'),

(211,211,'Checking',14000.00,'USD','Active',1,'2022-11-11'),
(212,212,'Business',16300.00,'USD','Active',2,'2022-11-12'),
(213,213,'Savings',5000.00,'USD','Active',3,'2022-11-13'),
(214,214,'Checking',13800.00,'USD','Active',4,'2022-11-14'),
(215,215,'Business',16500.00,'USD','Active',5,'2022-11-15'),
(216,216,'Savings',9700.00,'USD','Active',1,'2022-11-16'),
(217,217,'Checking',8800.00,'USD','Active',2,'2022-11-17'),
(218,218,'Business',15000.00,'USD','Active',3,'2022-11-18'),
(219,219,'Savings',6300.00,'USD','Active',4,'2022-11-19'),
(220,220,'Checking',14700.00,'USD','Active',5,'2022-11-20'),

(221,221,'Business',17300.00,'USD','Active',1,'2022-11-21'),
(222,222,'Savings',10600.00,'USD','Active',2,'2022-11-22'),
(223,223,'Checking',9000.00,'USD','Active',3,'2022-11-23'),
(224,224,'Business',15800.00,'USD','Active',4,'2022-11-24'),
(225,225,'Savings',6500.00,'USD','Active',5,'2022-11-25'),
(226,226,'Checking',14200.00,'USD','Active',1,'2022-11-26'),
(227,227,'Business',16600.00,'USD','Active',2,'2022-11-27'),
(228,228,'Savings',9900.00,'USD','Active',3,'2022-11-28'),
(229,229,'Checking',9400.00,'USD','Active',4,'2022-11-29'),
(230,230,'Business',15200.00,'USD','Active',5,'2022-11-30'),

(231,231,'Savings',5400.00,'USD','Active',1,'2022-12-01'),
(232,232,'Checking',13600.00,'USD','Active',2,'2022-12-02'),
(233,233,'Business',15900.00,'USD','Active',3,'2022-12-03'),
(234,234,'Savings',7300.00,'USD','Active',4,'2022-12-04'),
(235,235,'Checking',14800.00,'USD','Active',5,'2022-12-05'),
(236,236,'Business',17100.00,'USD','Active',1,'2022-12-06'),
(237,237,'Savings',9800.00,'USD','Active',2,'2022-12-07'),
(238,238,'Checking',8900.00,'USD','Active',3,'2022-12-08'),
(239,239,'Business',15300.00,'USD','Active',4,'2022-12-09'),
(240,240,'Savings',6100.00,'USD','Active',5,'2022-12-10'),

(241,241,'Checking',13000.00,'USD','Active',1,'2022-12-11'),
(242,242,'Business',15500.00,'USD','Active',2,'2022-12-12'),
(243,243,'Savings',5200.00,'USD','Active',3,'2022-12-13'),
(244,244,'Checking',13900.00,'USD','Active',4,'2022-12-14'),
(245,245,'Business',16700.00,'USD','Active',5,'2022-12-15'),
(246,246,'Savings',9500.00,'USD','Active',1,'2022-12-16'),
(247,247,'Checking',8600.00,'USD','Active',2,'2022-12-17'),
(248,248,'Business',14700.00,'USD','Active',3,'2022-12-18'),
(249,249,'Savings',6200.00,'USD','Active',4,'2022-12-19'),
(250,250,'Checking',15100.00,'USD','Active',5,'2022-12-20'),

(251,251,'Business',17400.00,'USD','Active',1,'2022-12-21'),
(252,252,'Savings',10700.00,'USD','Active',2,'2022-12-22'),
(253,253,'Checking',9200.00,'USD','Active',3,'2022-12-23'),
(254,254,'Business',15900.00,'USD','Active',4,'2022-12-24'),
(255,255,'Savings',6600.00,'USD','Active',5,'2022-12-25'),
(256,256,'Checking',14300.00,'USD','Active',1,'2022-12-26'),
(257,257,'Business',16700.00,'USD','Active',2,'2022-12-27'),
(258,258,'Savings',10000.00,'USD','Active',3,'2022-12-28'),
(259,259,'Checking',9500.00,'USD','Active',4,'2022-12-29'),
(260,260,'Business',15400.00,'USD','Active',5,'2022-12-30'),

(261,261,'Savings',5500.00,'USD','Active',1,'2023-01-01'),
(262,262,'Checking',13700.00,'USD','Active',2,'2023-01-02'),
(263,263,'Business',16100.00,'USD','Active',3,'2023-01-03'),
(264,264,'Savings',7400.00,'USD','Active',4,'2023-01-04'),
(265,265,'Checking',14900.00,'USD','Active',5,'2023-01-05'),
(266,266,'Business',17200.00,'USD','Active',1,'2023-01-06'),
(267,267,'Savings',9900.00,'USD','Active',2,'2023-01-07'),
(268,268,'Checking',9000.00,'USD','Active',3,'2023-01-08'),
(269,269,'Business',15500.00,'USD','Active',4,'2023-01-09'),
(270,270,'Savings',6200.00,'USD','Active',5,'2023-01-10'),

(271,271,'Checking',13200.00,'USD','Active',1,'2023-01-11'),
(272,272,'Business',15600.00,'USD','Active',2,'2023-01-12'),
(273,273,'Savings',5300.00,'USD','Active',3,'2023-01-13'),
(274,274,'Checking',14000.00,'USD','Active',4,'2023-01-14'),
(275,275,'Business',16800.00,'USD','Active',5,'2023-01-15'),
(276,276,'Savings',9600.00,'USD','Active',1,'2023-01-16'),
(277,277,'Checking',8700.00,'USD','Active',2,'2023-01-17'),
(278,278,'Business',14800.00,'USD','Active',3,'2023-01-18'),
(279,279,'Savings',6300.00,'USD','Active',4,'2023-01-19'),
(280,280,'Checking',15200.00,'USD','Active',5,'2023-01-20'),

(281,281,'Business',17500.00,'USD','Active',1,'2023-01-21'),
(282,282,'Savings',10800.00,'USD','Active',2,'2023-01-22'),
(283,283,'Checking',9400.00,'USD','Active',3,'2023-01-23'),
(284,284,'Business',16000.00,'USD','Active',4,'2023-01-24'),
(285,285,'Savings',6700.00,'USD','Active',5,'2023-01-25'),
(286,286,'Checking',14400.00,'USD','Active',1,'2023-01-26'),
(287,287,'Business',16800.00,'USD','Active',2,'2023-01-27'),
(288,288,'Savings',10100.00,'USD','Active',3,'2023-01-28'),
(289,289,'Checking',9600.00,'USD','Active',4,'2023-01-29'),
(290,290,'Business',15500.00,'USD','Active',5,'2023-01-30'),

(291,291,'Savings',5600.00,'USD','Active',1,'2023-01-31'),
(292,292,'Checking',13800.00,'USD','Active',2,'2023-02-01'),
(293,293,'Business',16200.00,'USD','Active',3,'2023-02-02'),
(294,294,'Savings',7500.00,'USD','Active',4,'2023-02-03'),
(295,295,'Checking',15000.00,'USD','Active',5,'2023-02-04'),
(296,296,'Business',17300.00,'USD','Active',1,'2023-02-05'),
(297,297,'Savings',10000.00,'USD','Active',2,'2023-02-06'),
(298,298,'Checking',9100.00,'USD','Active',3,'2023-02-07'),
(299,299,'Business',15600.00,'USD','Active',4,'2023-02-08'),
(300,300,'Savings',6400.00,'USD','Active',5,'2023-02-09'),

(301,301,'Checking',14500.00,'USD','Active',1,'2023-02-10'),
(302,302,'Business',16500.00,'USD','Active',2,'2023-02-11'),
(303,303,'Savings',10500.00,'USD','Active',3,'2023-02-12'),
(304,304,'Checking',9500.00,'USD','Active',4,'2023-02-13'),
(305,305,'Business',15800.00,'USD','Active',5,'2023-02-14'),
(306,306,'Savings',6700.00,'USD','Active',1,'2023-02-15'),
(307,307,'Checking',14600.00,'USD','Active',2,'2023-02-16'),
(308,308,'Business',17000.00,'USD','Active',3,'2023-02-17'),
(309,309,'Savings',10200.00,'USD','Active',4,'2023-02-18'),
(310,310,'Checking',9700.00,'USD','Active',5,'2023-02-19'),

(311,311,'Business',16000.00,'USD','Active',1,'2023-02-20'),
(312,312,'Savings',6800.00,'USD','Active',2,'2023-02-21'),
(313,313,'Checking',14700.00,'USD','Active',3,'2023-02-22'),
(314,314,'Business',17200.00,'USD','Active',4,'2023-02-23'),
(315,315,'Savings',10300.00,'USD','Active',5,'2023-02-24'),
(316,316,'Checking',9800.00,'USD','Active',1,'2023-02-25'),
(317,317,'Business',16200.00,'USD','Active',2,'2023-02-26'),
(318,318,'Savings',6900.00,'USD','Active',3,'2023-02-27'),
(319,319,'Checking',14800.00,'USD','Active',4,'2023-02-28'),
(320,320,'Business',17500.00,'USD','Active',5,'2023-03-01'),

(321,321,'Savings',10500.00,'USD','Active',1,'2023-03-02'),
(322,322,'Checking',9900.00,'USD','Active',2,'2023-03-03'),
(323,323,'Business',16400.00,'USD','Active',3,'2023-03-04'),
(324,324,'Savings',7000.00,'USD','Active',4,'2023-03-05'),
(325,325,'Checking',14900.00,'USD','Active',5,'2023-03-06'),
(326,326,'Business',17600.00,'USD','Active',1,'2023-03-07'),
(327,327,'Savings',10600.00,'USD','Active',2,'2023-03-08'),
(328,328,'Checking',10000.00,'USD','Active',3,'2023-03-09'),
(329,329,'Business',16500.00,'USD','Active',4,'2023-03-10'),
(330,330,'Savings',7100.00,'USD','Active',5,'2023-03-11'),

(331,331,'Checking',15000.00,'USD','Active',1,'2023-03-12'),
(332,332,'Business',17700.00,'USD','Active',2,'2023-03-13'),
(333,333,'Savings',10700.00,'USD','Active',3,'2023-03-14'),
(334,334,'Checking',10100.00,'USD','Active',4,'2023-03-15'),
(335,335,'Business',16600.00,'USD','Active',5,'2023-03-16'),
(336,336,'Savings',7200.00,'USD','Active',1,'2023-03-17'),
(337,337,'Checking',15100.00,'USD','Active',2,'2023-03-18'),
(338,338,'Business',17800.00,'USD','Active',3,'2023-03-19'),
(339,339,'Savings',10800.00,'USD','Active',4,'2023-03-20'),
(340,340,'Checking',10200.00,'USD','Active',5,'2023-03-21'),

(341,341,'Business',16700.00,'USD','Active',1,'2023-03-22'),
(342,342,'Savings',7300.00,'USD','Active',2,'2023-03-23'),
(343,343,'Checking',15200.00,'USD','Active',3,'2023-03-24'),
(344,344,'Business',17900.00,'USD','Active',4,'2023-03-25'),
(345,345,'Savings',10900.00,'USD','Active',5,'2023-03-26'),
(346,346,'Checking',10300.00,'USD','Active',1,'2023-03-27'),
(347,347,'Business',16800.00,'USD','Active',2,'2023-03-28'),
(348,348,'Savings',7400.00,'USD','Active',3,'2023-03-29'),
(349,349,'Checking',15300.00,'USD','Active',4,'2023-03-30'),
(350,350,'Business',18000.00,'USD','Active',5,'2023-03-31');




CREATE TABLE Transactionss 
   (TransactionID INT PRIMARY KEY,
    AccountID INT,
    TransactionType VARCHAR(20),
    Amount DECIMAL(15,2),
    Currency VARCHAR(10),
    Date DATETIME,
    Status VARCHAR(20),
    ReferenceNo VARCHAR(50));

INSERT INTO Transactionss  VALUES
(1, 1, 'Deposit', 5000.00, 'USD', '2023-01-01 09:00:00', 'Completed', 'TXN0001'),
(2, 1, 'Withdrawal', 2000.00, 'USD', '2023-01-02 11:30:00', 'Completed', 'TXN0002'),
(3, 2, 'Deposit', 10000.00, 'USD', '2023-01-01 10:15:00', 'Completed', 'TXN0003'),
(4, 2, 'Transfer', 5000.00, 'USD', '2023-01-03 12:00:00', 'Completed', 'TXN0004'),
(5, 3, 'Payment', 1500.00, 'USD', '2023-01-04 14:45:00', 'Completed', 'TXN0005'),
(6, 3, 'Deposit', 7000.00, 'USD', '2023-01-05 09:30:00', 'Completed', 'TXN0006'),
(7, 4, 'Withdrawal', 1000.00, 'USD', '2023-01-06 10:00:00', 'Completed', 'TXN0007'),
(8, 4, 'Deposit', 4000.00, 'USD', '2023-01-07 11:15:00', 'Completed', 'TXN0008'),
(9, 5, 'Transfer', 500.00, 'USD', '2023-01-08 13:00:00', 'Completed', 'TXN0009'),
(10, 5, 'Deposit', 3000.00, 'USD', '2023-01-09 15:30:00', 'Completed', 'TXN0010'),
(11, 6, 'Deposit', 6000.00, 'USD', '2023-01-10 09:00:00', 'Completed', 'TXN0011'),
(12, 6, 'Withdrawal', 2000.00, 'USD', '2023-01-11 11:00:00', 'Completed', 'TXN0012'),
(13, 7, 'Transfer', 3500.00, 'USD', '2023-01-12 10:30:00', 'Completed', 'TXN0013'),
(14, 7, 'Payment', 1200.00, 'USD', '2023-01-13 12:45:00', 'Completed', 'TXN0014'),
(15, 8, 'Deposit', 8000.00, 'USD', '2023-01-14 09:15:00', 'Completed', 'TXN0015'),
(16, 8, 'Withdrawal', 3000.00, 'USD', '2023-01-15 11:00:00', 'Completed', 'TXN0016'),
(17, 9, 'Deposit', 4500.00, 'USD', '2023-01-16 10:45:00', 'Completed', 'TXN0017'),
(18, 9, 'Transfer', 2000.00, 'USD', '2023-01-17 13:30:00', 'Completed', 'TXN0018'),
(19, 10, 'Payment', 1500.00, 'USD', '2023-01-18 14:00:00', 'Completed', 'TXN0019'),
(20, 10, 'Deposit', 7000.00, 'USD', '2023-01-19 09:30:00', 'Completed', 'TXN0020'),
(21, 11, 'Deposit', 3000.00, 'USD', '2023-01-20 10:00:00', 'Completed', 'TXN0021'),
(22, 11, 'Withdrawal', 1000.00, 'USD', '2023-01-21 11:30:00', 'Completed', 'TXN0022'),
(23, 12, 'Transfer', 500.00, 'USD', '2023-01-22 12:15:00', 'Completed', 'TXN0023'),
(24, 12, 'Payment', 1200.00, 'USD', '2023-01-23 14:45:00', 'Completed', 'TXN0024'),
(25, 13, 'Deposit', 6000.00, 'USD', '2023-01-24 09:00:00', 'Completed', 'TXN0025'),
(26, 13, 'Withdrawal', 2500.00, 'USD', '2023-01-25 10:30:00', 'Completed', 'TXN0026'),
(27, 14, 'Deposit', 4000.00, 'USD', '2023-01-26 11:00:00', 'Completed', 'TXN0027'),
(28, 14, 'Transfer', 1500.00, 'USD', '2023-01-27 12:15:00', 'Completed', 'TXN0028'),
(29, 15, 'Payment', 1000.00, 'USD', '2023-01-28 13:30:00', 'Completed', 'TXN0029'),
(30, 15, 'Deposit', 5000.00, 'USD', '2023-01-29 14:45:00', 'Completed', 'TXN0030'),
(31, 16, 'Deposit', 7000.00, 'USD', '2023-01-30 09:15:00', 'Completed', 'TXN0031'),
(32, 16, 'Withdrawal', 2000.00, 'USD', '2023-01-31 10:30:00', 'Completed', 'TXN0032'),
(33, 17, 'Transfer', 3000.00, 'USD', '2023-02-01 11:45:00', 'Completed', 'TXN0033'),
(34, 17, 'Payment', 1200.00, 'USD', '2023-02-02 13:00:00', 'Completed', 'TXN0034'),
(35, 18, 'Deposit', 8000.00, 'USD', '2023-02-03 09:30:00', 'Completed', 'TXN0035'),
(36, 18, 'Withdrawal', 3500.00, 'USD', '2023-02-04 11:15:00', 'Completed', 'TXN0036'),
(37, 19, 'Deposit', 4500.00, 'USD', '2023-02-05 10:45:00', 'Completed', 'TXN0037'),
(38, 19, 'Transfer', 2000.00, 'USD', '2023-02-06 12:30:00', 'Completed', 'TXN0038'),
(39, 20, 'Payment', 1500.00, 'USD', '2023-02-07 14:00:00', 'Completed', 'TXN0039'),
(40, 20, 'Deposit', 7000.00, 'USD', '2023-02-08 09:30:00', 'Completed', 'TXN0040'),
(41, 21, 'Deposit', 3000.00, 'USD', '2023-02-09 10:00:00', 'Completed', 'TXN0041'),
(42, 21, 'Withdrawal', 1000.00, 'USD', '2023-02-10 11:30:00', 'Completed', 'TXN0042'),
(43, 22, 'Transfer', 500.00, 'USD', '2023-02-11 12:15:00', 'Completed', 'TXN0043'),
(44, 22, 'Payment', 1200.00, 'USD', '2023-02-12 14:45:00', 'Completed', 'TXN0044'),
(45, 23, 'Deposit', 6000.00, 'USD', '2023-02-13 09:00:00', 'Completed', 'TXN0045'),
(46, 23, 'Withdrawal', 2500.00, 'USD', '2023-02-14 10:30:00', 'Completed', 'TXN0046'),
(47, 24, 'Deposit', 4000.00, 'USD', '2023-02-15 11:00:00', 'Completed', 'TXN0047'),

(48, 24, 'Transfer', 1500.00, 'USD', '2023-02-16 12:15:00', 'Completed', 'TXN0048'),
(49, 25, 'Payment', 1000.00, 'USD', '2023-02-17 13:30:00', 'Completed', 'TXN0049'),
(50, 25, 'Deposit', 5000.00, 'USD', '2023-02-18 14:45:00', 'Completed', 'TXN0050'),

(51, 26, 'Deposit', 6200.00, 'USD', '2023-02-19 09:00:00', 'Completed', 'TXN0051'),
(52, 26, 'Withdrawal', 1200.00, 'USD', '2023-02-19 12:00:00', 'Completed', 'TXN0052'),
(53, 27, 'Deposit', 9100.00, 'USD', '2023-02-20 10:00:00', 'Completed', 'TXN0053'),
(54, 27, 'Transfer', 2100.00, 'USD', '2023-02-20 13:30:00', 'Completed', 'TXN0054'),
(55, 28, 'Payment', 800.00, 'USD', '2023-02-21 11:15:00', 'Completed', 'TXN0055'),
(56, 28, 'Deposit', 3400.00, 'USD', '2023-02-21 15:00:00', 'Completed', 'TXN0056'),
(57, 29, 'Deposit', 7600.00, 'USD', '2023-02-22 09:40:00', 'Completed', 'TXN0057'),
(58, 29, 'Withdrawal', 1600.00, 'USD', '2023-02-22 12:10:00', 'Completed', 'TXN0058'),
(59, 30, 'Transfer', 2500.00, 'USD', '2023-02-23 10:20:00', 'Completed', 'TXN0059'),
(60, 30, 'Deposit', 4700.00, 'USD', '2023-02-23 14:00:00', 'Completed', 'TXN0060'),

(61, 31, 'Deposit', 5300.00, 'USD', '2023-02-24 09:10:00', 'Completed', 'TXN0061'),
(62, 31, 'Payment', 900.00, 'USD', '2023-02-24 13:25:00', 'Completed', 'TXN0062'),
(63, 32, 'Deposit', 8800.00, 'USD', '2023-02-25 10:00:00', 'Completed', 'TXN0063'),
(64, 32, 'Withdrawal', 1800.00, 'USD', '2023-02-25 12:40:00', 'Completed', 'TXN0064'),
(65, 33, 'Transfer', 2200.00, 'USD', '2023-02-26 11:05:00', 'Completed', 'TXN0065'),
(66, 33, 'Deposit', 3900.00, 'USD', '2023-02-26 15:10:00', 'Completed', 'TXN0066'),
(67, 34, 'Deposit', 6400.00, 'USD', '2023-02-27 09:00:00', 'Completed', 'TXN0067'),
(68, 34, 'Payment', 700.00, 'USD', '2023-02-27 11:50:00', 'Completed', 'TXN0068'),
(69, 35, 'Deposit', 7200.00, 'USD', '2023-02-28 10:30:00', 'Completed', 'TXN0069'),
(70, 35, 'Withdrawal', 2000.00, 'USD', '2023-02-28 13:00:00', 'Completed', 'TXN0070'),

(71, 36, 'Deposit', 8100.00, 'USD', '2023-03-01 09:15:00', 'Completed', 'TXN0071'),
(72, 36, 'Transfer', 3100.00, 'USD', '2023-03-01 14:10:00', 'Completed', 'TXN0072'),
(73, 37, 'Deposit', 5600.00, 'USD', '2023-03-02 10:05:00', 'Completed', 'TXN0073'),
(74, 37, 'Payment', 950.00, 'USD', '2023-03-02 12:45:00', 'Completed', 'TXN0074'),
(75, 38, 'Deposit', 9900.00, 'USD', '2023-03-03 09:50:00', 'Completed', 'TXN0075'),
(76, 38, 'Withdrawal', 2900.00, 'USD', '2023-03-03 13:30:00', 'Completed', 'TXN0076'),
(77, 39, 'Transfer', 2700.00, 'USD', '2023-03-04 11:00:00', 'Completed', 'TXN0077'),
(78, 39, 'Deposit', 4300.00, 'USD', '2023-03-04 15:00:00', 'Completed', 'TXN0078'),
(79, 40, 'Deposit', 6100.00, 'USD', '2023-03-05 09:25:00', 'Completed', 'TXN0079'),
(80, 40, 'Payment', 1200.00, 'USD', '2023-03-05 12:10:00', 'Completed', 'TXN0080'),

(81, 41, 'Deposit', 7500.00, 'USD', '2023-03-06 10:00:00', 'Completed', 'TXN0081'),
(82, 41, 'Withdrawal', 1700.00, 'USD', '2023-03-06 13:00:00', 'Completed', 'TXN0082'),
(83, 42, 'Deposit', 6800.00, 'USD', '2023-03-07 09:45:00', 'Completed', 'TXN0083'),
(84, 42, 'Transfer', 2400.00, 'USD', '2023-03-07 14:20:00', 'Completed', 'TXN0084'),
(85, 43, 'Payment', 650.00, 'USD', '2023-03-08 11:10:00', 'Completed', 'TXN0085'),
(86, 43, 'Deposit', 3700.00, 'USD', '2023-03-08 15:30:00', 'Completed', 'TXN0086'),
(87, 44, 'Deposit', 8200.00, 'USD', '2023-03-09 09:05:00', 'Completed', 'TXN0087'),
(88, 44, 'Withdrawal', 2100.00, 'USD', '2023-03-09 12:35:00', 'Completed', 'TXN0088'),
(89, 45, 'Transfer', 2600.00, 'USD', '2023-03-10 10:40:00', 'Completed', 'TXN0089'),
(90, 45, 'Deposit', 5400.00, 'USD', '2023-03-10 14:10:00', 'Completed', 'TXN0090'),

(91, 46, 'Deposit', 6000.00, 'USD', '2023-03-11 09:00:00', 'Completed', 'TXN0091'),
(92, 46, 'Payment', 1100.00, 'USD', '2023-03-11 11:40:00', 'Completed', 'TXN0092'),
(93, 47, 'Deposit', 9700.00, 'USD', '2023-03-12 10:10:00', 'Completed', 'TXN0093'),
(94, 47, 'Withdrawal', 3200.00, 'USD', '2023-03-12 13:50:00', 'Completed', 'TXN0094'),
(95, 48, 'Transfer', 2800.00, 'USD', '2023-03-13 11:30:00', 'Completed', 'TXN0095'),
(96, 48, 'Deposit', 4100.00, 'USD', '2023-03-13 15:00:00', 'Completed', 'TXN0096'),
(97, 49, 'Deposit', 7300.00, 'USD', '2023-03-14 09:20:00', 'Completed', 'TXN0097'),
(98, 49, 'Payment', 900.00, 'USD', '2023-03-14 12:00:00', 'Completed', 'TXN0098'),
(99, 50, 'Deposit', 8800.00, 'USD', '2023-03-15 10:00:00', 'Completed', 'TXN0099'),
(100, 50, 'Withdrawal', 1500.00, 'USD', '2023-03-15 13:10:00', 'Completed', 'TXN0100'),


(101, 51, 'Deposit', 5200.00, 'USD', '2023-03-16 09:00:00', 'Completed', 'TXN0101'),
(102, 51, 'Withdrawal', 1200.00, 'USD', '2023-03-16 12:30:00', 'Completed', 'TXN0102'),
(103, 52, 'Deposit', 8100.00, 'USD', '2023-03-17 10:15:00', 'Completed', 'TXN0103'),
(104, 52, 'Transfer', 2500.00, 'USD', '2023-03-17 14:00:00', 'Completed', 'TXN0104'),
(105, 53, 'Payment', 900.00, 'USD', '2023-03-18 11:00:00', 'Completed', 'TXN0105'),
(106, 53, 'Deposit', 4300.00, 'USD', '2023-03-18 15:15:00', 'Completed', 'TXN0106'),
(107, 54, 'Deposit', 7800.00, 'USD', '2023-03-19 09:40:00', 'Completed', 'TXN0107'),
(108, 54, 'Withdrawal', 1800.00, 'USD', '2023-03-19 12:10:00', 'Completed', 'TXN0108'),
(109, 55, 'Transfer', 2200.00, 'USD', '2023-03-20 10:20:00', 'Completed', 'TXN0109'),
(110, 55, 'Deposit', 5100.00, 'USD', '2023-03-20 14:05:00', 'Completed', 'TXN0110'),

(111, 56, 'Deposit', 6000.00, 'USD', '2023-03-21 09:10:00', 'Completed', 'TXN0111'),
(112, 56, 'Payment', 1000.00, 'USD', '2023-03-21 12:30:00', 'Completed', 'TXN0112'),
(113, 57, 'Deposit', 9400.00, 'USD', '2023-03-22 10:00:00', 'Completed', 'TXN0113'),
(114, 57, 'Withdrawal', 2100.00, 'USD', '2023-03-22 13:45:00', 'Completed', 'TXN0114'),
(115, 58, 'Transfer', 2500.00, 'USD', '2023-03-23 11:15:00', 'Completed', 'TXN0115'),
(116, 58, 'Deposit', 3600.00, 'USD', '2023-03-23 15:00:00', 'Completed', 'TXN0116'),
(117, 59, 'Deposit', 6400.00, 'USD', '2023-03-24 09:00:00', 'Completed', 'TXN0117'),
(118, 59, 'Payment', 700.00, 'USD', '2023-03-24 12:35:00', 'Completed', 'TXN0118'),
(119, 60, 'Deposit', 7100.00, 'USD', '2023-03-25 10:25:00', 'Completed', 'TXN0119'),
(120, 60, 'Withdrawal', 2000.00, 'USD', '2023-03-25 13:50:00', 'Completed', 'TXN0120'),

(121, 61, 'Deposit', 8200.00, 'USD', '2023-03-26 09:15:00', 'Completed', 'TXN0121'),
(122, 61, 'Transfer', 3100.00, 'USD', '2023-03-26 14:10:00', 'Completed', 'TXN0122'),
(123, 62, 'Deposit', 5700.00, 'USD', '2023-03-27 10:05:00', 'Completed', 'TXN0123'),
(124, 62, 'Payment', 950.00, 'USD', '2023-03-27 12:45:00', 'Completed', 'TXN0124'),
(125, 63, 'Deposit', 9900.00, 'USD', '2023-03-28 09:50:00', 'Completed', 'TXN0125'),
(126, 63, 'Withdrawal', 2900.00, 'USD', '2023-03-28 13:30:00', 'Completed', 'TXN0126'),
(127, 64, 'Transfer', 2700.00, 'USD', '2023-03-29 11:00:00', 'Completed', 'TXN0127'),
(128, 64, 'Deposit', 4300.00, 'USD', '2023-03-29 15:00:00', 'Completed', 'TXN0128'),
(129, 65, 'Deposit', 6100.00, 'USD', '2023-03-30 09:25:00', 'Completed', 'TXN0129'),
(130, 65, 'Payment', 1200.00, 'USD', '2023-03-30 12:10:00', 'Completed', 'TXN0130'),

(131, 66, 'Deposit', 7500.00, 'USD', '2023-03-31 10:00:00', 'Completed', 'TXN0131'),
(132, 66, 'Withdrawal', 1700.00, 'USD', '2023-03-31 13:00:00', 'Completed', 'TXN0132'),
(133, 67, 'Deposit', 6800.00, 'USD', '2023-04-01 09:45:00', 'Completed', 'TXN0133'),
(134, 67, 'Transfer', 2400.00, 'USD', '2023-04-01 14:20:00', 'Completed', 'TXN0134'),
(135, 68, 'Payment', 650.00, 'USD', '2023-04-02 11:10:00', 'Completed', 'TXN0135'),
(136, 68, 'Deposit', 3700.00, 'USD', '2023-04-02 15:30:00', 'Completed', 'TXN0136'),
(137, 69, 'Deposit', 8200.00, 'USD', '2023-04-03 09:05:00', 'Completed', 'TXN0137'),
(138, 69, 'Withdrawal', 2100.00, 'USD', '2023-04-03 12:35:00', 'Completed', 'TXN0138'),
(139, 70, 'Transfer', 2600.00, 'USD', '2023-04-04 10:40:00', 'Completed', 'TXN0139'),
(140, 70, 'Deposit', 5400.00, 'USD', '2023-04-04 14:10:00', 'Completed', 'TXN0140'),

(141, 71, 'Deposit', 6000.00, 'USD', '2023-04-05 09:00:00', 'Completed', 'TXN0141'),
(142, 71, 'Payment', 1100.00, 'USD', '2023-04-05 11:40:00', 'Completed', 'TXN0142'),
(143, 72, 'Deposit', 9700.00, 'USD', '2023-04-06 10:10:00', 'Completed', 'TXN0143'),
(144, 72, 'Withdrawal', 3200.00, 'USD', '2023-04-06 13:50:00', 'Completed', 'TXN0144'),
(145, 73, 'Transfer', 2800.00, 'USD', '2023-04-07 11:30:00', 'Completed', 'TXN0145'),
(146, 73, 'Deposit', 4100.00, 'USD', '2023-04-07 15:00:00', 'Completed', 'TXN0146'),
(147, 74, 'Deposit', 7300.00, 'USD', '2023-04-08 09:20:00', 'Completed', 'TXN0147'),
(148, 74, 'Payment', 900.00, 'USD', '2023-04-08 12:00:00', 'Completed', 'TXN0148'),
(149, 75, 'Deposit', 8800.00, 'USD', '2023-04-09 10:00:00', 'Completed', 'TXN0149'),
(150, 75, 'Withdrawal', 1500.00, 'USD', '2023-04-09 13:10:00', 'Completed', 'TXN0150'),

(151, 76, 'Deposit', 5600.00, 'USD', '2023-04-10 09:05:00', 'Completed', 'TXN0151'),
(152, 76, 'Transfer', 2300.00, 'USD', '2023-04-10 12:45:00', 'Completed', 'TXN0152'),
(153, 77, 'Deposit', 7900.00, 'USD', '2023-04-11 10:20:00', 'Completed', 'TXN0153'),
(154, 77, 'Withdrawal', 2700.00, 'USD', '2023-04-11 13:15:00', 'Completed', 'TXN0154'),
(155, 78, 'Transfer', 3000.00, 'USD', '2023-04-12 11:00:00', 'Completed', 'TXN0155'),
(156, 78, 'Deposit', 4200.00, 'USD', '2023-04-12 15:00:00', 'Completed', 'TXN0156'),
(157, 79, 'Deposit', 6400.00, 'USD', '2023-04-13 09:25:00', 'Completed', 'TXN0157'),
(158, 79, 'Payment', 1100.00, 'USD', '2023-04-13 12:10:00', 'Completed', 'TXN0158'),
(159, 80, 'Deposit', 7500.00, 'USD', '2023-04-14 09:00:00', 'Completed', 'TXN0159'),
(160, 80, 'Withdrawal', 1800.00, 'USD', '2023-04-14 13:00:00', 'Completed', 'TXN0160'),

(161, 81, 'Deposit', 8200.00, 'USD', '2023-04-15 09:15:00', 'Completed', 'TXN0161'),
(162, 81, 'Transfer', 3100.00, 'USD', '2023-04-15 14:10:00', 'Completed', 'TXN0162'),
(163, 82, 'Deposit', 5600.00, 'USD', '2023-04-16 10:05:00', 'Completed', 'TXN0163'),
(164, 82, 'Payment', 950.00, 'USD', '2023-04-16 12:45:00', 'Completed', 'TXN0164'),
(165, 83, 'Deposit', 9900.00, 'USD', '2023-04-17 09:50:00', 'Completed', 'TXN0165'),
(166, 83, 'Withdrawal', 2900.00, 'USD', '2023-04-17 13:30:00', 'Completed', 'TXN0166'),
(167, 84, 'Transfer', 2700.00, 'USD', '2023-04-18 11:00:00', 'Completed', 'TXN0167'),
(168, 84, 'Deposit', 4300.00, 'USD', '2023-04-18 15:00:00', 'Completed', 'TXN0168'),
(169, 85, 'Deposit', 6100.00, 'USD', '2023-04-19 09:25:00', 'Completed', 'TXN0169'),
(170, 85, 'Payment', 1200.00, 'USD', '2023-04-19 12:10:00', 'Completed', 'TXN0170'),

(171, 86, 'Deposit', 7500.00, 'USD', '2023-04-20 10:00:00', 'Completed', 'TXN0171'),
(172, 86, 'Withdrawal', 1700.00, 'USD', '2023-04-20 13:00:00', 'Completed', 'TXN0172'),
(173, 87, 'Deposit', 6800.00, 'USD', '2023-04-21 09:45:00', 'Completed', 'TXN0173'),
(174, 87, 'Transfer', 2400.00, 'USD', '2023-04-21 14:20:00', 'Completed', 'TXN0174'),
(175, 88, 'Payment', 650.00, 'USD', '2023-04-22 11:10:00', 'Completed', 'TXN0175'),
(176, 88, 'Deposit', 3700.00, 'USD', '2023-04-22 15:30:00', 'Completed', 'TXN0176'),
(177, 89, 'Deposit', 8200.00, 'USD', '2023-04-23 09:05:00', 'Completed', 'TXN0177'),
(178, 89, 'Withdrawal', 2100.00, 'USD', '2023-04-23 12:35:00', 'Completed', 'TXN0178'),
(179, 90, 'Transfer', 2600.00, 'USD', '2023-04-24 10:40:00', 'Completed', 'TXN0179'),
(180, 90, 'Deposit', 5400.00, 'USD', '2023-04-24 14:10:00', 'Completed', 'TXN0180'),

(181, 91, 'Deposit', 6000.00, 'USD', '2023-04-25 09:00:00', 'Completed', 'TXN0181'),
(182, 91, 'Payment', 1100.00, 'USD', '2023-04-25 11:40:00', 'Completed', 'TXN0182'),
(183, 92, 'Deposit', 9700.00, 'USD', '2023-04-26 10:10:00', 'Completed', 'TXN0183'),
(184, 92, 'Withdrawal', 3200.00, 'USD', '2023-04-26 13:50:00', 'Completed', 'TXN0184'),
(185, 93, 'Transfer', 2800.00, 'USD', '2023-04-27 11:30:00', 'Completed', 'TXN0185'),
(186, 93, 'Deposit', 4100.00, 'USD', '2023-04-27 15:00:00', 'Completed', 'TXN0186'),
(187, 94, 'Deposit', 7300.00, 'USD', '2023-04-28 09:20:00', 'Completed', 'TXN0187'),
(188, 94, 'Payment', 900.00, 'USD', '2023-04-28 12:00:00', 'Completed', 'TXN0188'),
(189, 95, 'Deposit', 8800.00, 'USD', '2023-04-29 10:00:00', 'Completed', 'TXN0189'),
(190, 95, 'Withdrawal', 1500.00, 'USD', '2023-04-29 13:10:00', 'Completed', 'TXN0190'),

(191, 96, 'Deposit', 5600.00, 'USD', '2023-04-30 09:05:00', 'Completed', 'TXN0191'),
(192, 96, 'Transfer', 2300.00, 'USD', '2023-04-30 12:45:00', 'Completed', 'TXN0192'),
(193, 97, 'Deposit', 7900.00, 'USD', '2023-05-01 10:20:00', 'Completed', 'TXN0193'),
(194, 97, 'Withdrawal', 2700.00, 'USD', '2023-05-01 13:15:00', 'Completed', 'TXN0194'),
(195, 98, 'Transfer', 3000.00, 'USD', '2023-05-02 11:00:00', 'Completed', 'TXN0195'),

(196, 98, 'Deposit', 4200.00, 'USD', '2023-05-02 15:00:00', 'Completed', 'TXN0196'),
(197, 99, 'Deposit', 6400.00, 'USD', '2023-05-03 09:25:00', 'Completed', 'TXN0197'),
(198, 99, 'Payment', 1100.00, 'USD', '2023-05-03 12:10:00', 'Completed', 'TXN0198'),
(199, 100, 'Deposit', 7500.00, 'USD', '2023-05-04 09:00:00', 'Completed', 'TXN0199'),
(200, 100, 'Withdrawal', 1800.00, 'USD', '2023-05-04 13:00:00', 'Completed', 'TXN0200'),

(201,101,'Deposit',6200.00,'USD','2023-05-05 09:00:00','Completed','TXN0201'),
(202,101,'Payment',900.00,'USD','2023-05-05 12:00:00','Completed','TXN0202'),
(203,102,'Deposit',8400.00,'USD','2023-05-06 10:10:00','Completed','TXN0203'),
(204,102,'Withdrawal',2100.00,'USD','2023-05-06 13:40:00','Completed','TXN0204'),
(205,103,'Transfer',2600.00,'USD','2023-05-07 11:00:00','Completed','TXN0205'),
(206,103,'Deposit',3900.00,'USD','2023-05-07 15:10:00','Completed','TXN0206'),
(207,104,'Deposit',7100.00,'USD','2023-05-08 09:20:00','Completed','TXN0207'),
(208,104,'Payment',800.00,'USD','2023-05-08 12:15:00','Completed','TXN0208'),
(209,105,'Deposit',9300.00,'USD','2023-05-09 10:00:00','Completed','TXN0209'),
(210,105,'Withdrawal',1700.00,'USD','2023-05-09 13:00:00','Completed','TXN0210'),

(211,106,'Deposit',5600.00,'USD','2023-05-10 09:05:00','Completed','TXN0211'),
(212,106,'Transfer',2400.00,'USD','2023-05-10 12:45:00','Completed','TXN0212'),
(213,107,'Deposit',7700.00,'USD','2023-05-11 10:15:00','Completed','TXN0213'),
(214,107,'Withdrawal',2500.00,'USD','2023-05-11 13:20:00','Completed','TXN0214'),
(215,108,'Transfer',3100.00,'USD','2023-05-12 11:30:00','Completed','TXN0215'),
(216,108,'Deposit',4200.00,'USD','2023-05-12 15:00:00','Completed','TXN0216'),
(217,109,'Deposit',6500.00,'USD','2023-05-13 09:25:00','Completed','TXN0217'),
(218,109,'Payment',1200.00,'USD','2023-05-13 12:10:00','Completed','TXN0218'),
(219,110,'Deposit',8800.00,'USD','2023-05-14 10:00:00','Completed','TXN0219'),
(220,110,'Withdrawal',1900.00,'USD','2023-05-14 13:00:00','Completed','TXN0220'),

(221,111,'Deposit',6000.00,'USD','2023-05-15 09:00:00','Completed','TXN0221'),
(222,111,'Payment',1000.00,'USD','2023-05-15 11:40:00','Completed','TXN0222'),
(223,112,'Deposit',9700.00,'USD','2023-05-16 10:10:00','Completed','TXN0223'),
(224,112,'Withdrawal',3000.00,'USD','2023-05-16 13:50:00','Completed','TXN0224'),
(225,113,'Transfer',2800.00,'USD','2023-05-17 11:30:00','Completed','TXN0225'),
(226,113,'Deposit',4100.00,'USD','2023-05-17 15:00:00','Completed','TXN0226'),
(227,114,'Deposit',7300.00,'USD','2023-05-18 09:20:00','Completed','TXN0227'),
(228,114,'Payment',900.00,'USD','2023-05-18 12:00:00','Completed','TXN0228'),
(229,115,'Deposit',8900.00,'USD','2023-05-19 10:00:00','Completed','TXN0229'),
(230,115,'Withdrawal',1500.00,'USD','2023-05-19 13:10:00','Completed','TXN0230'),

(231,116,'Deposit',5400.00,'USD','2023-05-20 09:05:00','Completed','TXN0231'),
(232,116,'Transfer',2200.00,'USD','2023-05-20 12:45:00','Completed','TXN0232'),
(233,117,'Deposit',7600.00,'USD','2023-05-21 10:20:00','Completed','TXN0233'),
(234,117,'Withdrawal',2600.00,'USD','2023-05-21 13:15:00','Completed','TXN0234'),
(235,118,'Transfer',3000.00,'USD','2023-05-22 11:00:00','Completed','TXN0235'),
(236,118,'Deposit',4300.00,'USD','2023-05-22 15:00:00','Completed','TXN0236'),
(237,119,'Deposit',6400.00,'USD','2023-05-23 09:25:00','Completed','TXN0237'),
(238,119,'Payment',1100.00,'USD','2023-05-23 12:10:00','Completed','TXN0238'),
(239,120,'Deposit',7500.00,'USD','2023-05-24 09:00:00','Completed','TXN0239'),
(240,120,'Withdrawal',1800.00,'USD','2023-05-24 13:00:00','Completed','TXN0240'),

(241,121,'Deposit',8200.00,'USD','2023-05-25 09:15:00','Completed','TXN0241'),
(242,121,'Transfer',3100.00,'USD','2023-05-25 14:10:00','Completed','TXN0242'),
(243,122,'Deposit',5600.00,'USD','2023-05-26 10:05:00','Completed','TXN0243'),
(244,122,'Payment',950.00,'USD','2023-05-26 12:45:00','Completed','TXN0244'),
(245,123,'Deposit',9900.00,'USD','2023-05-27 09:50:00','Completed','TXN0245'),
(246,123,'Withdrawal',2900.00,'USD','2023-05-27 13:30:00','Completed','TXN0246'),
(247,124,'Transfer',2700.00,'USD','2023-05-28 11:00:00','Completed','TXN0247'),
(248,124,'Deposit',4300.00,'USD','2023-05-28 15:00:00','Completed','TXN0248'),
(249,125,'Deposit',6100.00,'USD','2023-05-29 09:25:00','Completed','TXN0249'),
(250,125,'Payment',1200.00,'USD','2023-05-29 12:10:00','Completed','TXN0250'),

(251,126,'Deposit',7500.00,'USD','2023-05-30 10:00:00','Completed','TXN0251'),
(252,126,'Withdrawal',1700.00,'USD','2023-05-30 13:00:00','Completed','TXN0252'),
(253,127,'Deposit',6800.00,'USD','2023-05-31 09:45:00','Completed','TXN0253'),
(254,127,'Transfer',2400.00,'USD','2023-05-31 14:20:00','Completed','TXN0254'),
(255,128,'Payment',650.00,'USD','2023-06-01 11:10:00','Completed','TXN0255'),
(256,128,'Deposit',3700.00,'USD','2023-06-01 15:30:00','Completed','TXN0256'),
(257,129,'Deposit',8200.00,'USD','2023-06-02 09:05:00','Completed','TXN0257'),
(258,129,'Withdrawal',2100.00,'USD','2023-06-02 12:35:00','Completed','TXN0258'),
(259,130,'Transfer',2600.00,'USD','2023-06-03 10:40:00','Completed','TXN0259'),
(260,130,'Deposit',5400.00,'USD','2023-06-03 14:10:00','Completed','TXN0260'),

(261,131,'Deposit',6000.00,'USD','2023-06-04 09:00:00','Completed','TXN0261'),
(262,131,'Payment',1100.00,'USD','2023-06-04 11:40:00','Completed','TXN0262'),
(263,132,'Deposit',9700.00,'USD','2023-06-05 10:10:00','Completed','TXN0263'),
(264,132,'Withdrawal',3200.00,'USD','2023-06-05 13:50:00','Completed','TXN0264'),
(265,133,'Transfer',2800.00,'USD','2023-06-06 11:30:00','Completed','TXN0265'),
(266,133,'Deposit',4100.00,'USD','2023-06-06 15:00:00','Completed','TXN0266'),
(267,134,'Deposit',7300.00,'USD','2023-06-07 09:20:00','Completed','TXN0267'),
(268,134,'Payment',900.00,'USD','2023-06-07 12:00:00','Completed','TXN0268'),
(269,135,'Deposit',8800.00,'USD','2023-06-08 10:00:00','Completed','TXN0269'),
(270,135,'Withdrawal',1500.00,'USD','2023-06-08 13:10:00','Completed','TXN0270'),

(271,136,'Deposit',5600.00,'USD','2023-06-09 09:05:00','Completed','TXN0271'),
(272,136,'Transfer',2300.00,'USD','2023-06-09 12:45:00','Completed','TXN0272'),
(273,137,'Deposit',7900.00,'USD','2023-06-10 10:20:00','Completed','TXN0273'),
(274,137,'Withdrawal',2700.00,'USD','2023-06-10 13:15:00','Completed','TXN0274'),
(275,138,'Transfer',3000.00,'USD','2023-06-11 11:00:00','Completed','TXN0275'),
(276,138,'Deposit',4200.00,'USD','2023-06-11 15:00:00','Completed','TXN0276'),
(277,139,'Deposit',6400.00,'USD','2023-06-12 09:25:00','Completed','TXN0277'),
(278,139,'Payment',1100.00,'USD','2023-06-12 12:10:00','Completed','TXN0278'),
(279,140,'Deposit',7500.00,'USD','2023-06-13 09:00:00','Completed','TXN0279'),
(280,140,'Withdrawal',1800.00,'USD','2023-06-13 13:00:00','Completed','TXN0280'),

(281,141,'Deposit',8200.00,'USD','2023-06-14 09:15:00','Completed','TXN0281'),
(282,141,'Transfer',3100.00,'USD','2023-06-14 14:10:00','Completed','TXN0282'),
(283,142,'Deposit',5600.00,'USD','2023-06-15 10:05:00','Completed','TXN0283'),
(284,142,'Payment',950.00,'USD','2023-06-15 12:45:00','Completed','TXN0284'),
(285,143,'Deposit',9900.00,'USD','2023-06-16 09:50:00','Completed','TXN0285'),
(286,143,'Withdrawal',2900.00,'USD','2023-06-16 13:30:00','Completed','TXN0286'),
(287,144,'Transfer',2700.00,'USD','2023-06-17 11:00:00','Completed','TXN0287'),
(288,144,'Deposit',4300.00,'USD','2023-06-17 15:00:00','Completed','TXN0288'),
(289,145,'Deposit',6100.00,'USD','2023-06-18 09:25:00','Completed','TXN0289'),
(290,145,'Payment',1200.00,'USD','2023-06-18 12:10:00','Completed','TXN0290'),

(291,146,'Deposit',7500.00,'USD','2023-06-19 10:00:00','Completed','TXN0291'),
(292,146,'Withdrawal',1700.00,'USD','2023-06-19 13:00:00','Completed','TXN0292'),
(293,147,'Deposit',6800.00,'USD','2023-06-20 09:45:00','Completed','TXN0293'),
(294,147,'Transfer',2400.00,'USD','2023-06-20 14:20:00','Completed','TXN0294'),
(295,148,'Payment',650.00,'USD','2023-06-21 11:10:00','Completed','TXN0295'),
(296,148,'Deposit',3700.00,'USD','2023-06-21 15:30:00','Completed','TXN0296'),
(297,149,'Deposit',8200.00,'USD','2023-06-22 09:05:00','Completed','TXN0297'),
(298,149,'Withdrawal',2100.00,'USD','2023-06-22 12:35:00','Completed','TXN0298'),
(299,150,'Transfer',2600.00,'USD','2023-06-23 10:40:00','Completed','TXN0299'),
(300,150,'Deposit',5400.00,'USD','2023-06-23 14:10:00','Completed','TXN0300'),

(301,151,'Deposit',6000.00,'USD','2023-06-24 09:00:00','Completed','TXN0301'),
(302,151,'Payment',1100.00,'USD','2023-06-24 11:40:00','Completed','TXN0302'),
(303,152,'Deposit',9700.00,'USD','2023-06-25 10:10:00','Completed','TXN0303'),
(304,152,'Withdrawal',3200.00,'USD','2023-06-25 13:50:00','Completed','TXN0304'),
(305,153,'Transfer',2800.00,'USD','2023-06-26 11:30:00','Completed','TXN0305'),
(306,153,'Deposit',4100.00,'USD','2023-06-26 15:00:00','Completed','TXN0306'),
(307,154,'Deposit',7300.00,'USD','2023-06-27 09:20:00','Completed','TXN0307'),
(308,154,'Payment',900.00,'USD','2023-06-27 12:00:00','Completed','TXN0308'),
(309,155,'Deposit',8800.00,'USD','2023-06-28 10:00:00','Completed','TXN0309'),
(310,155,'Withdrawal',1500.00,'USD','2023-06-28 13:10:00','Completed','TXN0310'),

(311,156,'Deposit',5600.00,'USD','2023-06-29 09:05:00','Completed','TXN0311'),
(312,156,'Transfer',2300.00,'USD','2023-06-29 12:45:00','Completed','TXN0312'),
(313,157,'Deposit',7900.00,'USD','2023-06-30 10:20:00','Completed','TXN0313'),
(314,157,'Withdrawal',2700.00,'USD','2023-06-30 13:15:00','Completed','TXN0314'),
(315,158,'Transfer',3000.00,'USD','2023-07-01 11:00:00','Completed','TXN0315'),
(316,158,'Deposit',4200.00,'USD','2023-07-01 15:00:00','Completed','TXN0316'),
(317,159,'Deposit',6400.00,'USD','2023-07-02 09:25:00','Completed','TXN0317'),
(318,159,'Payment',1100.00,'USD','2023-07-02 12:10:00','Completed','TXN0318'),
(319,160,'Deposit',7500.00,'USD','2023-07-03 09:00:00','Completed','TXN0319'),
(320,160,'Withdrawal',1800.00,'USD','2023-07-03 13:00:00','Completed','TXN0320'),

(321,161,'Deposit',8200.00,'USD','2023-07-04 09:15:00','Completed','TXN0321'),
(322,161,'Transfer',3100.00,'USD','2023-07-04 14:10:00','Completed','TXN0322'),
(323,162,'Deposit',5600.00,'USD','2023-07-05 10:05:00','Completed','TXN0323'),
(324,162,'Payment',950.00,'USD','2023-07-05 12:45:00','Completed','TXN0324'),
(325,163,'Deposit',9900.00,'USD','2023-07-06 09:50:00','Completed','TXN0325'),
(326,163,'Withdrawal',2900.00,'USD','2023-07-06 13:30:00','Completed','TXN0326'),
(327,164,'Transfer',2700.00,'USD','2023-07-07 11:00:00','Completed','TXN0327'),
(328,164,'Deposit',4300.00,'USD','2023-07-07 15:00:00','Completed','TXN0328'),
(329,165,'Deposit',6100.00,'USD','2023-07-08 09:25:00','Completed','TXN0329'),
(330,165,'Payment',1200.00,'USD','2023-07-08 12:10:00','Completed','TXN0330'),

(331,166,'Deposit',7500.00,'USD','2023-07-09 10:00:00','Completed','TXN0331'),
(332,166,'Withdrawal',1700.00,'USD','2023-07-09 13:00:00','Completed','TXN0332'),
(333,167,'Deposit',6800.00,'USD','2023-07-10 09:45:00','Completed','TXN0333'),
(334,167,'Transfer',2400.00,'USD','2023-07-10 14:20:00','Completed','TXN0334'),
(335,168,'Payment',650.00,'USD','2023-07-11 11:10:00','Completed','TXN0335'),
(336,168,'Deposit',3700.00,'USD','2023-07-11 15:30:00','Completed','TXN0336'),
(337,169,'Deposit',8200.00,'USD','2023-07-12 09:05:00','Completed','TXN0337'),
(338,169,'Withdrawal',2100.00,'USD','2023-07-12 12:35:00','Completed','TXN0338'),
(339,170,'Transfer',2600.00,'USD','2023-07-13 10:40:00','Completed','TXN0339'),
(340,170,'Deposit',5400.00,'USD','2023-07-13 14:10:00','Completed','TXN0340'),

(341,171,'Deposit',6000.00,'USD','2023-07-14 09:00:00','Completed','TXN0341'),
(342,171,'Payment',1100.00,'USD','2023-07-14 11:40:00','Completed','TXN0342'),
(343,172,'Deposit',9700.00,'USD','2023-07-15 10:10:00','Completed','TXN0343'),
(344,172,'Withdrawal',3200.00,'USD','2023-07-15 13:50:00','Completed','TXN0344'),
(345,173,'Transfer',2800.00,'USD','2023-07-16 11:30:00','Completed','TXN0345'),
(346,173,'Deposit',4100.00,'USD','2023-07-16 15:00:00','Completed','TXN0346'),
(347,174,'Deposit',7300.00,'USD','2023-07-17 09:20:00','Completed','TXN0347'),
(348,174,'Payment',900.00,'USD','2023-07-17 12:00:00','Completed','TXN0348'),
(349,175,'Deposit',8800.00,'USD','2023-07-18 10:00:00','Completed','TXN0349'),
(350,175,'Withdrawal',1500.00,'USD','2023-07-18 13:10:00','Completed','TXN0350');


drop table if exists CreditCards

CREATE TABLE CreditCards 
   (CardID INT PRIMARY KEY,
    CustomerID INT,
    CardNumber VARCHAR(20),
    CardType VARCHAR(20),
    CVV VARCHAR(12),
    ExpiryDate DATE,
    Limit DECIMAL(15,2),
    Status VARCHAR(20),
    ReferenceNo varchar (50));



INSERT INTO CreditCards VALUES
(1,1,1,'4532010000000001','Visa','2027-01-01','123','Active','2024-01-01'),
(2,2,2,'4532010000000002','MasterCard','2027-02-01','234','Active','2024-01-02'),
(3,3,3,'4532010000000003','Visa','2027-03-01','345','Active','2024-01-03'),
(4,4,4,'4532010000000004','Visa','2027-04-01','456','Blocked','2024-01-04'),
(5,5,5,'4532010000000005','MasterCard','2027-05-01','567','Active','2024-01-05'),

(6,6,6,'4532010000000006','Visa','2027-06-01','111','Active','2024-01-06'),
(7,7,7,'4532010000000007','MasterCard','2027-07-01','222','Active','2024-01-07'),
(8,8,8,'4532010000000008','Visa','2027-08-01','333','Active','2024-01-08'),
(9,9,9,'4532010000000009','Visa','2027-09-01','444','Active','2024-01-09'),
(10,10,10,'4532010000000010','MasterCard','2027-10-01','555','Active','2024-01-10'),

(11,11,11,'4532010000000011','Visa','2027-11-01','666','Active','2024-01-11'),
(12,12,12,'4532010000000012','MasterCard','2027-12-01','777','Active','2024-01-12'),
(13,13,13,'4532010000000013','Visa','2028-01-01','888','Active','2024-01-13'),
(14,14,14,'4532010000000014','Visa','2028-02-01','999','Active','2024-01-14'),
(15,15,15,'4532010000000015','MasterCard','2028-03-01','101','Active','2024-01-15'),

(16,16,16,'4532010000000016','Visa','2028-04-01','202','Active','2024-01-16'),
(17,17,17,'4532010000000017','MasterCard','2028-05-01','303','Active','2024-01-17'),
(18,18,18,'4532010000000018','Visa','2028-06-01','404','Active','2024-01-18'),
(19,19,19,'4532010000000019','Visa','2028-07-01','505','Blocked','2024-01-19'),
(20,20,20,'4532010000000020','MasterCard','2028-08-01','606','Active','2024-01-20'),

(21,21,21,'4532010000000021','Visa','2028-09-01','707','Active','2024-01-21'),
(22,22,22,'4532010000000022','MasterCard','2028-10-01','808','Active','2024-01-22'),
(23,23,23,'4532010000000023','Visa','2028-11-01','909','Active','2024-01-23'),
(24,24,24,'4532010000000024','Visa','2028-12-01','112','Active','2024-01-24'),
(25,25,25,'4532010000000025','MasterCard','2029-01-01','223','Active','2024-01-25'),

(26,26,26,'4532010000000026','Visa','2029-02-01','334','Active','2024-01-26'),
(27,27,27,'4532010000000027','MasterCard','2029-03-01','445','Active','2024-01-27'),
(28,28,28,'4532010000000028','Visa','2029-04-01','556','Active','2024-01-28'),
(29,29,29,'4532010000000029','Visa','2029-05-01','667','Active','2024-01-29'),
(30,30,30,'4532010000000030','MasterCard','2029-06-01','778','Active','2024-01-30'),

(31,31,31,'4532010000000031','Visa','2027-07-01','231','Active','2024-02-01'),
(32,32,32,'4532010000000032','MasterCard','2027-08-01','232','Active','2024-02-02'),
(33,33,33,'4532010000000033','Visa','2027-09-01','233','Active','2024-02-03'),
(34,34,34,'4532010000000034','MasterCard','2027-10-01','234','Active','2024-02-04'),
(35,35,35,'4532010000000035','Visa','2027-11-01','235','Active','2024-02-05'),
(36,36,36,'4532010000000036','MasterCard','2027-12-01','236','Active','2024-02-06'),
(37,37,37,'4532010000000037','Visa','2028-01-01','237','Active','2024-02-07'),
(38,38,38,'4532010000000038','MasterCard','2028-02-01','238','Active','2024-02-08'),
(39,39,39,'4532010000000039','Visa','2028-03-01','239','Active','2024-02-09'),
(40,40,40,'4532010000000040','MasterCard','2028-04-01','240','Blocked','2024-02-10'),

(41,41,41,'4532010000000041','Visa','2028-05-01','241','Active','2024-02-11'),
(42,42,42,'4532010000000042','MasterCard','2028-06-01','242','Active','2024-02-12'),
(43,43,43,'4532010000000043','Visa','2028-07-01','243','Active','2024-02-13'),
(44,44,44,'4532010000000044','MasterCard','2028-08-01','244','Active','2024-02-14'),
(45,45,45,'4532010000000045','Visa','2028-09-01','245','Active','2024-02-15'),
(46,46,46,'4532010000000046','MasterCard','2028-10-01','246','Active','2024-02-16'),
(47,47,47,'4532010000000047','Visa','2028-11-01','247','Active','2024-02-17'),
(48,48,48,'4532010000000048','MasterCard','2028-12-01','248','Active','2024-02-18'),
(49,49,49,'4532010000000049','Visa','2029-01-01','249','Active','2024-02-19'),
(50,50,50,'4532010000000050','MasterCard','2029-02-01','250','Blocked','2024-02-20'),

(51,51,51,'4532010000000051','Visa','2029-03-01','251','Active','2024-02-21'),
(52,52,52,'4532010000000052','MasterCard','2029-04-01','252','Active','2024-02-22'),
(53,53,53,'4532010000000053','Visa','2029-05-01','253','Active','2024-02-23'),
(54,54,54,'4532010000000054','MasterCard','2029-06-01','254','Active','2024-02-24'),
(55,55,55,'4532010000000055','Visa','2029-07-01','255','Active','2024-02-25'),
(56,56,56,'4532010000000056','MasterCard','2029-08-01','256','Active','2024-02-26'),
(57,57,57,'4532010000000057','Visa','2029-09-01','257','Active','2024-02-27'),
(58,58,58,'4532010000000058','MasterCard','2029-10-01','258','Active','2024-02-28'),
(59,59,59,'4532010000000059','Visa','2029-11-01','259','Active','2024-03-01'),
(60,60,60,'4532010000000060','MasterCard','2029-12-01','260','Blocked','2024-03-02'),

(61,61,61,'4532010000000061','Visa','2030-01-01','261','Active','2024-03-03'),
(62,62,62,'4532010000000062','MasterCard','2030-02-01','262','Active','2024-03-04'),
(63,63,63,'4532010000000063','Visa','2030-03-01','263','Active','2024-03-05'),
(64,64,64,'4532010000000064','MasterCard','2030-04-01','264','Active','2024-03-06'),
(65,65,65,'4532010000000065','Visa','2030-05-01','265','Active','2024-03-07'),
(66,66,66,'4532010000000066','MasterCard','2030-06-01','266','Active','2024-03-08'),
(67,67,67,'4532010000000067','Visa','2030-07-01','267','Active','2024-03-09'),
(68,68,68,'4532010000000068','MasterCard','2030-08-01','268','Active','2024-03-10'),
(69,69,69,'4532010000000069','Visa','2030-09-01','269','Active','2024-03-11'),
(70,70,70,'4532010000000070','MasterCard','2030-10-01','270','Blocked','2024-03-12'),

(71,71,71,'4532010000000071','Visa','2030-11-01','271','Active','2024-03-13'),
(72,72,72,'4532010000000072','MasterCard','2030-12-01','272','Active','2024-03-14'),
(73,73,73,'4532010000000073','Visa','2031-01-01','273','Active','2024-03-15'),
(74,74,74,'4532010000000074','MasterCard','2031-02-01','274','Active','2024-03-16'),
(75,75,75,'4532010000000075','Visa','2031-03-01','275','Active','2024-03-17'),
(76,76,76,'4532010000000076','MasterCard','2031-04-01','276','Active','2024-03-18'),
(77,77,77,'4532010000000077','Visa','2031-05-01','277','Active','2024-03-19'),
(78,78,78,'4532010000000078','MasterCard','2031-06-01','278','Active','2024-03-20'),
(79,79,79,'4532010000000079','Visa','2031-07-01','279','Active','2024-03-21'),
(80,80,80,'4532010000000080','MasterCard','2031-08-01','280','Blocked','2024-03-22'),

(81,81,81,'4532010000000081','Visa','2031-09-01','281','Active','2024-03-23'),
(82,82,82,'4532010000000082','MasterCard','2031-10-01','282','Active','2024-03-24'),
(83,83,83,'4532010000000083','Visa','2031-11-01','283','Active','2024-03-25'),
(84,84,84,'4532010000000084','MasterCard','2031-12-01','284','Active','2024-03-26'),
(85,85,85,'4532010000000085','Visa','2032-01-01','285','Active','2024-03-27'),
(86,86,86,'4532010000000086','MasterCard','2032-02-01','286','Active','2024-03-28'),
(87,87,87,'4532010000000087','Visa','2032-03-01','287','Active','2024-03-29'),
(88,88,88,'4532010000000088','MasterCard','2032-04-01','288','Active','2024-03-30'),
(89,89,89,'4532010000000089','Visa','2032-05-01','289','Active','2024-03-31'),
(90,90,90,'4532010000000090','MasterCard','2032-06-01','290','Blocked','2024-04-01'),

(91,91,91,'4532010000000091','Visa','2032-07-01','291','Active','2024-04-02'),
(92,92,92,'4532010000000092','MasterCard','2032-08-01','292','Active','2024-04-03'),
(93,93,93,'4532010000000093','Visa','2032-09-01','293','Active','2024-04-04'),
(94,94,94,'4532010000000094','MasterCard','2032-10-01','294','Active','2024-04-05'),
(95,95,95,'4532010000000095','Visa','2032-11-01','295','Active','2024-04-06'),
(96,96,96,'4532010000000096','MasterCard','2032-12-01','296','Active','2024-04-07'),
(97,97,97,'4532010000000097','Visa','2033-01-01','297','Active','2024-04-08'),
(98,98,98,'4532010000000098','MasterCard','2033-02-01','298','Active','2024-04-09'),
(99,99,99,'4532010000000099','Visa','2033-03-01','299','Active','2024-04-10'),
(100,100,100,'4532010000000100','MasterCard','2033-04-01','300','Blocked','2024-04-11'),


(101,101,101,'4532010000000101','Visa','2033-05-01','301','Active','2024-04-12'),
(102,102,102,'4532010000000102','MasterCard','2033-06-01','302','Active','2024-04-13'),
(103,103,103,'4532010000000103','Visa','2033-07-01','303','Active','2024-04-14'),
(104,104,104,'4532010000000104','MasterCard','2033-08-01','304','Active','2024-04-15'),
(105,105,105,'4532010000000105','Visa','2033-09-01','305','Active','2024-04-16'),
(106,106,106,'4532010000000106','MasterCard','2033-10-01','306','Active','2024-04-17'),
(107,107,107,'4532010000000107','Visa','2033-11-01','307','Active','2024-04-18'),
(108,108,108,'4532010000000108','MasterCard','2033-12-01','308','Active','2024-04-19'),
(109,109,109,'4532010000000109','Visa','2034-01-01','309','Active','2024-04-20'),
(110,110,110,'4532010000000110','MasterCard','2034-02-01','310','Blocked','2024-04-21'),

(111,111,111,'4532010000000111','Visa','2034-03-01','311','Active','2024-04-22'),
(112,112,112,'4532010000000112','MasterCard','2034-04-01','312','Active','2024-04-23'),
(113,113,113,'4532010000000113','Visa','2034-05-01','313','Active','2024-04-24'),
(114,114,114,'4532010000000114','MasterCard','2034-06-01','314','Active','2024-04-25'),
(115,115,115,'4532010000000115','Visa','2034-07-01','315','Active','2024-04-26'),
(116,116,116,'4532010000000116','MasterCard','2034-08-01','316','Active','2024-04-27'),
(117,117,117,'4532010000000117','Visa','2034-09-01','317','Active','2024-04-28'),
(118,118,118,'4532010000000118','MasterCard','2034-10-01','318','Active','2024-04-29'),
(119,119,119,'4532010000000119','Visa','2034-11-01','319','Active','2024-04-30'),
(120,120,120,'4532010000000120','MasterCard','2034-12-01','320','Blocked','2024-05-01'),

(121,121,121,'4532010000000121','Visa','2035-01-01','321','Active','2024-05-02'),
(122,122,122,'4532010000000122','MasterCard','2035-02-01','322','Active','2024-05-03'),
(123,123,123,'4532010000000123','Visa','2035-03-01','323','Active','2024-05-04'),
(124,124,124,'4532010000000124','MasterCard','2035-04-01','324','Active','2024-05-05'),
(125,125,125,'4532010000000125','Visa','2035-05-01','325','Active','2024-05-06'),
(126,126,126,'4532010000000126','MasterCard','2035-06-01','326','Active','2024-05-07'),
(127,127,127,'4532010000000127','Visa','2035-07-01','327','Active','2024-05-08'),
(128,128,128,'4532010000000128','MasterCard','2035-08-01','328','Active','2024-05-09'),
(129,129,129,'4532010000000129','Visa','2035-09-01','329','Active','2024-05-10'),
(130,130,130,'4532010000000130','MasterCard','2035-10-01','330','Blocked','2024-05-11'),

(131,131,131,'4532010000000131','Visa','2035-11-01','331','Active','2024-05-12'),
(132,132,132,'4532010000000132','MasterCard','2035-12-01','332','Active','2024-05-13'),
(133,133,133,'4532010000000133','Visa','2036-01-01','333','Active','2024-05-14'),
(134,134,134,'4532010000000134','MasterCard','2036-02-01','334','Active','2024-05-15'),
(135,135,135,'4532010000000135','Visa','2036-03-01','335','Active','2024-05-16'),
(136,136,136,'4532010000000136','MasterCard','2036-04-01','336','Active','2024-05-17'),
(137,137,137,'4532010000000137','Visa','2036-05-01','337','Active','2024-05-18'),
(138,138,138,'4532010000000138','MasterCard','2036-06-01','338','Active','2024-05-19'),
(139,139,139,'4532010000000139','Visa','2036-07-01','339','Active','2024-05-20'),
(140,140,140,'4532010000000140','MasterCard','2036-08-01','340','Blocked','2024-05-21'),

(141,141,141,'4532010000000141','Visa','2036-09-01','341','Active','2024-05-22'),
(142,142,142,'4532010000000142','MasterCard','2036-10-01','342','Active','2024-05-23'),
(143,143,143,'4532010000000143','Visa','2036-11-01','343','Active','2024-05-24'),
(144,144,144,'4532010000000144','MasterCard','2036-12-01','344','Active','2024-05-25'),
(145,145,145,'4532010000000145','Visa','2037-01-01','345','Active','2024-05-26'),
(146,146,146,'4532010000000146','MasterCard','2037-02-01','346','Active','2024-05-27'),
(147,147,147,'4532010000000147','Visa','2037-03-01','347','Active','2024-05-28'),
(148,148,148,'4532010000000148','MasterCard','2037-04-01','348','Active','2024-05-29'),


(149,149,149,'4532010000000149','Visa','2037-05-01','349','Active','2024-05-30'),
(150,150,150,'4532010000000150','MasterCard','2037-06-01','350','Blocked','2024-05-31'),

(151,151,151,'4532010000000151','Visa','2037-07-01','351','Active','2024-06-01'),
(152,152,152,'4532010000000152','MasterCard','2037-08-01','352','Active','2024-06-02'),
(153,153,153,'4532010000000153','Visa','2037-09-01','353','Active','2024-06-03'),
(154,154,154,'4532010000000154','MasterCard','2037-10-01','354','Active','2024-06-04'),
(155,155,155,'4532010000000155','Visa','2037-11-01','355','Active','2024-06-05'),
(156,156,156,'4532010000000156','MasterCard','2037-12-01','356','Active','2024-06-06'),
(157,157,157,'4532010000000157','Visa','2038-01-01','357','Active','2024-06-07'),
(158,158,158,'4532010000000158','MasterCard','2038-02-01','358','Active','2024-06-08'),
(159,159,159,'4532010000000159','Visa','2038-03-01','359','Active','2024-06-09'),
(160,160,160,'4532010000000160','MasterCard','2038-04-01','360','Blocked','2024-06-10'),

(161,161,161,'4532010000000161','Visa','2038-05-01','361','Active','2024-06-11'),
(162,162,162,'4532010000000162','MasterCard','2038-06-01','362','Active','2024-06-12'),
(163,163,163,'4532010000000163','Visa','2038-07-01','363','Active','2024-06-13'),
(164,164,164,'4532010000000164','MasterCard','2038-08-01','364','Active','2024-06-14'),
(165,165,165,'4532010000000165','Visa','2038-09-01','365','Active','2024-06-15'),
(166,166,166,'4532010000000166','MasterCard','2038-10-01','366','Active','2024-06-16'),
(167,167,167,'4532010000000167','Visa','2038-11-01','367','Active','2024-06-17'),
(168,168,168,'4532010000000168','MasterCard','2038-12-01','368','Active','2024-06-18'),
(169,169,169,'4532010000000169','Visa','2039-01-01','369','Active','2024-06-19'),
(170,170,170,'4532010000000170','MasterCard','2039-02-01','370','Blocked','2024-06-20'),

(171,171,171,'4532010000000171','Visa','2039-03-01','371','Active','2024-06-21'),
(172,172,172,'4532010000000172','MasterCard','2039-04-01','372','Active','2024-06-22'),
(173,173,173,'4532010000000173','Visa','2039-05-01','373','Active','2024-06-23'),
(174,174,174,'4532010000000174','MasterCard','2039-06-01','374','Active','2024-06-24'),
(175,175,175,'4532010000000175','Visa','2039-07-01','375','Active','2024-06-25'),
(176,176,176,'4532010000000176','MasterCard','2039-08-01','376','Active','2024-06-26'),
(177,177,177,'4532010000000177','Visa','2039-09-01','377','Active','2024-06-27'),
(178,178,178,'4532010000000178','MasterCard','2039-10-01','378','Active','2024-06-28'),
(179,179,179,'4532010000000179','Visa','2039-11-01','379','Active','2024-06-29'),
(180,180,180,'4532010000000180','MasterCard','2039-12-01','380','Blocked','2024-06-30'),

(181,181,181,'4532010000000181','Visa','2040-01-01','381','Active','2024-07-01'),
(182,182,182,'4532010000000182','MasterCard','2040-02-01','382','Active','2024-07-02'),
(183,183,183,'4532010000000183','Visa','2040-03-01','383','Active','2024-07-03'),
(184,184,184,'4532010000000184','MasterCard','2040-04-01','384','Active','2024-07-04'),
(185,185,185,'4532010000000185','Visa','2040-05-01','385','Active','2024-07-05'),
(186,186,186,'4532010000000186','MasterCard','2040-06-01','386','Active','2024-07-06'),
(187,187,187,'4532010000000187','Visa','2040-07-01','387','Active','2024-07-07'),
(188,188,188,'4532010000000188','MasterCard','2040-08-01','388','Active','2024-07-08'),
(189,189,189,'4532010000000189','Visa','2040-09-01','389','Active','2024-07-09'),
(190,190,190,'4532010000000190','MasterCard','2040-10-01','390','Blocked','2024-07-10'),

(191,191,191,'4532010000000191','Visa','2040-11-01','391','Active','2024-07-11'),
(192,192,192,'4532010000000192','MasterCard','2040-12-01','392','Active','2024-07-12'),
(193,193,193,'4532010000000193','Visa','2041-01-01','393','Active','2024-07-13'),
(194,194,194,'4532010000000194','MasterCard','2041-02-01','394','Active','2024-07-14'),
(195,195,195,'4532010000000195','Visa','2041-03-01','395','Active','2024-07-15'),
(196,196,196,'4532010000000196','MasterCard','2041-04-01','396','Active','2024-07-16'),


(197,197,197,'4532010000000197','Visa','2041-05-01','397','Active','2024-07-17'),
(198,198,198,'4532010000000198','MasterCard','2041-06-01','398','Active','2024-07-18'),
(199,199,199,'4532010000000199','Visa','2041-07-01','399','Active','2024-07-19'),
(200,200,200,'4532010000000200','MasterCard','2041-08-01','400','Blocked','2024-07-20'),

(201,201,201,'4532010000000201','Visa','2041-09-01','401','Active','2024-07-21'),
(202,202,202,'4532010000000202','MasterCard','2041-10-01','402','Active','2024-07-22'),
(203,203,203,'4532010000000203','Visa','2041-11-01','403','Active','2024-07-23'),
(204,204,204,'4532010000000204','MasterCard','2041-12-01','404','Active','2024-07-24'),
(205,205,205,'4532010000000205','Visa','2042-01-01','405','Active','2024-07-25'),
(206,206,206,'4532010000000206','MasterCard','2042-02-01','406','Active','2024-07-26'),
(207,207,207,'4532010000000207','Visa','2042-03-01','407','Active','2024-07-27'),
(208,208,208,'4532010000000208','MasterCard','2042-04-01','408','Active','2024-07-28'),
(209,209,209,'4532010000000209','Visa','2042-05-01','409','Active','2024-07-29'),
(210,210,210,'4532010000000210','MasterCard','2042-06-01','410','Blocked','2024-07-30'),

(211,211,211,'4532010000000211','Visa','2042-07-01','411','Active','2024-07-31'),
(212,212,212,'4532010000000212','MasterCard','2042-08-01','412','Active','2024-08-01'),
(213,213,213,'4532010000000213','Visa','2042-09-01','413','Active','2024-08-02'),
(214,214,214,'4532010000000214','MasterCard','2042-10-01','414','Active','2024-08-03'),
(215,215,215,'4532010000000215','Visa','2042-11-01','415','Active','2024-08-04'),
(216,216,216,'4532010000000216','MasterCard','2042-12-01','416','Active','2024-08-05'),
(217,217,217,'4532010000000217','Visa','2043-01-01','417','Active','2024-08-06'),
(218,218,218,'4532010000000218','MasterCard','2043-02-01','418','Active','2024-08-07'),
(219,219,219,'4532010000000219','Visa','2043-03-01','419','Active','2024-08-08'),
(220,220,220,'4532010000000220','MasterCard','2043-04-01','420','Blocked','2024-08-09'),


(221,221,221,'4532010000000221','Visa','2043-05-01','421','Active','2024-08-10'),
(222,222,222,'4532010000000222','MasterCard','2043-06-01','422','Active','2024-08-11'),
(223,223,223,'4532010000000223','Visa','2043-07-01','423','Active','2024-08-12'),
(224,224,224,'4532010000000224','MasterCard','2043-08-01','424','Active','2024-08-13'),
(225,225,225,'4532010000000225','Visa','2043-09-01','425','Active','2024-08-14'),
(226,226,226,'4532010000000226','MasterCard','2043-10-01','426','Active','2024-08-15'),
(227,227,227,'4532010000000227','Visa','2043-11-01','427','Active','2024-08-16'),
(228,228,228,'4532010000000228','MasterCard','2043-12-01','428','Active','2024-08-17'),
(229,229,229,'4532010000000229','Visa','2044-01-01','429','Active','2024-08-18'),
(230,230,230,'4532010000000230','MasterCard','2044-02-01','430','Blocked','2024-08-19'),

(231,231,231,'4532010000000231','Visa','2044-03-01','431','Active','2024-08-20'),
(232,232,232,'4532010000000232','MasterCard','2044-04-01','432','Active','2024-08-21'),
(233,233,233,'4532010000000233','Visa','2044-05-01','433','Active','2024-08-22'),
(234,234,234,'4532010000000234','MasterCard','2044-06-01','434','Active','2024-08-23'),
(235,235,235,'4532010000000235','Visa','2044-07-01','435','Active','2024-08-24'),
(236,236,236,'4532010000000236','MasterCard','2044-08-01','436','Active','2024-08-25'),
(237,237,237,'4532010000000237','Visa','2044-09-01','437','Active','2024-08-26'),
(238,238,238,'4532010000000238','MasterCard','2044-10-01','438','Active','2024-08-27'),
(239,239,239,'4532010000000239','Visa','2044-11-01','439','Active','2024-08-28'),
(240,240,240,'4532010000000240','MasterCard','2044-12-01','440','Blocked','2024-08-29'),

(241,241,241,'4532010000000241','Visa','2045-01-01','441','Active','2024-08-30'),
(242,242,242,'4532010000000242','MasterCard','2045-02-01','442','Active','2024-08-31'),
(243,243,243,'4532010000000243','Visa','2045-03-01','443','Active','2024-09-01'),
(244,244,244,'4532010000000244','MasterCard','2045-04-01','444','Active','2024-09-02'),
(245,245,245,'4532010000000245','Visa','2045-05-01','445','Active','2024-09-03'),
(246,246,246,'4532010000000246','MasterCard','2045-06-01','446','Active','2024-09-04'),
(247,247,247,'4532010000000247','Visa','2045-07-01','447','Active','2024-09-05'),
(248,248,248,'4532010000000248','MasterCard','2045-08-01','448','Active','2024-09-06'),
(249,249,249,'4532010000000249','Visa','2045-09-01','449','Active','2024-09-07'),
(250,250,250,'4532010000000250','MasterCard','2045-10-01','450','Blocked','2024-09-08'),

(251,251,251,'4532010000000251','Visa','2045-11-01','451','Active','2024-09-09'),
(252,252,252,'4532010000000252','MasterCard','2045-12-01','452','Active','2024-09-10'),
(253,253,253,'4532010000000253','Visa','2046-01-01','453','Active','2024-09-11'),
(254,254,254,'4532010000000254','MasterCard','2046-02-01','454','Active','2024-09-12'),
(255,255,255,'4532010000000255','Visa','2046-03-01','455','Active','2024-09-13'),
(256,256,256,'4532010000000256','MasterCard','2046-04-01','456','Active','2024-09-14'),
(257,257,257,'4532010000000257','Visa','2046-05-01','457','Active','2024-09-15'),
(258,258,258,'4532010000000258','MasterCard','2046-06-01','458','Active','2024-09-16'),
(259,259,259,'4532010000000259','Visa','2046-07-01','459','Active','2024-09-17'),
(260,260,260,'4532010000000260','MasterCard','2046-08-01','460','Blocked','2024-09-18'),

(261,261,261,'4532010000000261','Visa','2046-09-01','461','Active','2024-09-19'),
(262,262,262,'4532010000000262','MasterCard','2046-10-01','462','Active','2024-09-20'),
(263,263,263,'4532010000000263','Visa','2046-11-01','463','Active','2024-09-21'),
(264,264,264,'4532010000000264','MasterCard','2046-12-01','464','Active','2024-09-22'),
(265,265,265,'4532010000000265','Visa','2047-01-01','465','Active','2024-09-23'),
(266,266,266,'4532010000000266','MasterCard','2047-02-01','466','Active','2024-09-24'),
(267,267,267,'4532010000000267','Visa','2047-03-01','467','Active','2024-09-25'),
(268,268,268,'4532010000000268','MasterCard','2047-04-01','468','Active','2024-09-26'),

(269,269,269,'4532010000000269','Visa','2047-05-01','469','Active','2024-09-27'),
(270,270,270,'4532010000000270','MasterCard','2047-06-01','470','Blocked','2024-09-28'),

(271,271,271,'4532010000000271','Visa','2047-07-01','471','Active','2024-09-29'),
(272,272,272,'4532010000000272','MasterCard','2047-08-01','472','Active','2024-09-30'),
(273,273,273,'4532010000000273','Visa','2047-09-01','473','Active','2024-10-01'),
(274,274,274,'4532010000000274','MasterCard','2047-10-01','474','Active','2024-10-02'),
(275,275,275,'4532010000000275','Visa','2047-11-01','475','Active','2024-10-03'),
(276,276,276,'4532010000000276','MasterCard','2047-12-01','476','Active','2024-10-04'),
(277,277,277,'4532010000000277','Visa','2048-01-01','477','Active','2024-10-05'),
(278,278,278,'4532010000000278','MasterCard','2048-02-01','478','Active','2024-10-06'),
(279,279,279,'4532010000000279','Visa','2048-03-01','479','Active','2024-10-07'),
(280,280,280,'4532010000000280','MasterCard','2048-04-01','480','Blocked','2024-10-08'),

(281,281,281,'4532010000000281','Visa','2048-05-01','481','Active','2024-10-09'),
(282,282,282,'4532010000000282','MasterCard','2048-06-01','482','Active','2024-10-10'),
(283,283,283,'4532010000000283','Visa','2048-07-01','483','Active','2024-10-11'),
(284,284,284,'4532010000000284','MasterCard','2048-08-01','484','Active','2024-10-12'),
(285,285,285,'4532010000000285','Visa','2048-09-01','485','Active','2024-10-13'),
(286,286,286,'4532010000000286','MasterCard','2048-10-01','486','Active','2024-10-14'),
(287,287,287,'4532010000000287','Visa','2048-11-01','487','Active','2024-10-15'),
(288,288,288,'4532010000000288','MasterCard','2048-12-01','488','Active','2024-10-16'),
(289,289,289,'4532010000000289','Visa','2049-01-01','489','Active','2024-10-17'),
(290,290,290,'4532010000000290','MasterCard','2049-02-01','490','Blocked','2024-10-18'),

(291,291,291,'4532010000000291','Visa','2049-03-01','491','Active','2024-10-19'),
(292,292,292,'4532010000000292','MasterCard','2049-04-01','492','Active','2024-10-20'),
(293,293,293,'4532010000000293','Visa','2049-05-01','493','Active','2024-10-21'),
(294,294,294,'4532010000000294','MasterCard','2049-06-01','494','Active','2024-10-22'),
(295,295,295,'4532010000000295','Visa','2049-07-01','495','Active','2024-10-23'),
(296,296,296,'4532010000000296','MasterCard','2049-08-01','496','Active','2024-10-24'),
(297,297,297,'4532010000000297','Visa','2049-09-01','497','Active','2024-10-25'),
(298,298,298,'4532010000000298','MasterCard','2049-10-01','498','Active','2024-10-26'),
(299,299,299,'4532010000000299','Visa','2049-11-01','499','Active','2024-10-27'),
(300,300,300,'4532010000000300','MasterCard','2049-12-01','500','Blocked','2024-10-28'),

(301,301,301,'4532010000000301','Visa','2050-01-01','501','Active','2024-10-29'),
(302,302,302,'4532010000000302','MasterCard','2050-02-01','502','Active','2024-10-30'),
(303,303,303,'4532010000000303','Visa','2050-03-01','503','Active','2024-10-31'),
(304,304,304,'4532010000000304','MasterCard','2050-04-01','504','Active','2024-11-01'),
(305,305,305,'4532010000000305','Visa','2050-05-01','505','Active','2024-11-02'),
(306,306,306,'4532010000000306','MasterCard','2050-06-01','506','Active','2024-11-03'),
(307,307,307,'4532010000000307','Visa','2050-07-01','507','Active','2024-11-04'),
(308,308,308,'4532010000000308','MasterCard','2050-08-01','508','Active','2024-11-05'),
(309,309,309,'4532010000000309','Visa','2050-09-01','509','Active','2024-11-06'),
(310,310,310,'4532010000000310','MasterCard','2050-10-01','510','Blocked','2024-11-07'),

(311,311,311,'4532010000000311','Visa','2050-11-01','511','Active','2024-11-08'),
(312,312,312,'4532010000000312','MasterCard','2050-12-01','512','Active','2024-11-09'),
(313,313,313,'4532010000000313','Visa','2051-01-01','513','Active','2024-11-10'),
(314,314,314,'4532010000000314','MasterCard','2051-02-01','514','Active','2024-11-11'),
(315,315,315,'4532010000000315','Visa','2051-03-01','515','Active','2024-11-12'),
(316,316,316,'4532010000000316','MasterCard','2051-04-01','516','Active','2024-11-13'),


(317,317,317,'4532010000000317','Visa','2051-05-01','517','Active','2024-11-14'),
(318,318,318,'4532010000000318','MasterCard','2051-06-01','518','Active','2024-11-15'),
(319,319,319,'4532010000000319','Visa','2051-07-01','519','Active','2024-11-16'),
(320,320,320,'4532010000000320','MasterCard','2051-08-01','520','Blocked','2024-11-17'),

(321,321,321,'4532010000000321','Visa','2051-09-01','521','Active','2024-11-18'),
(322,322,322,'4532010000000322','MasterCard','2051-10-01','522','Active','2024-11-19'),
(323,323,323,'4532010000000323','Visa','2051-11-01','523','Active','2024-11-20'),
(324,324,324,'4532010000000324','MasterCard','2051-12-01','524','Active','2024-11-21'),
(325,325,325,'4532010000000325','Visa','2052-01-01','525','Active','2024-11-22'),
(326,326,326,'4532010000000326','MasterCard','2052-02-01','526','Active','2024-11-23'),
(327,327,327,'4532010000000327','Visa','2052-03-01','527','Active','2024-11-24'),
(328,328,328,'4532010000000328','MasterCard','2052-04-01','528','Active','2024-11-25'),
(329,329,329,'4532010000000329','Visa','2052-05-01','529','Active','2024-11-26'),
(330,330,330,'4532010000000330','MasterCard','2052-06-01','530','Blocked','2024-11-27'),

(331,331,331,'4532010000000331','Visa','2052-07-01','531','Active','2024-11-28'),
(332,332,332,'4532010000000332','MasterCard','2052-08-01','532','Active','2024-11-29'),
(333,333,333,'4532010000000333','Visa','2052-09-01','533','Active','2024-11-30'),
(334,334,334,'4532010000000334','MasterCard','2052-10-01','534','Active','2024-12-01'),
(335,335,335,'4532010000000335','Visa','2052-11-01','535','Active','2024-12-02'),
(336,336,336,'4532010000000336','MasterCard','2052-12-01','536','Active','2024-12-03'),
(337,337,337,'4532010000000337','Visa','2053-01-01','537','Active','2024-12-04'),
(338,338,338,'4532010000000338','MasterCard','2053-02-01','538','Active','2024-12-05'),
(339,339,339,'4532010000000339','Visa','2053-03-01','539','Active','2024-12-06'),
(340,340,340,'4532010000000340','MasterCard','2053-04-01','540','Blocked','2024-12-07'),

(341,341,341,'4532010000000341','Visa','2053-05-01','541','Active','2024-12-08'),
(342,342,342,'4532010000000342','MasterCard','2053-06-01','542','Active','2024-12-09'),
(343,343,343,'4532010000000343','Visa','2053-07-01','543','Active','2024-12-10'),
(344,344,344,'4532010000000344','MasterCard','2053-08-01','544','Active','2024-12-11'),
(345,345,345,'4532010000000345','Visa','2053-09-01','545','Active','2024-12-12'),
(346,346,346,'4532010000000346','MasterCard','2053-10-01','546','Active','2024-12-13'),
(347,347,347,'4532010000000347','Visa','2053-11-01','547','Active','2024-12-14'),
(348,348,348,'4532010000000348','MasterCard','2053-12-01','548','Active','2024-12-15'),
(349,349,349,'4532010000000349','Visa','2054-01-01','549','Active','2024-12-16'),
(350,350,350,'4532010000000350','MasterCard','2054-02-01','550','Blocked','2024-12-17');

drop table if exists CreditCardTransactions

CREATE TABLE CreditCardTransactions 
   (TransactionID INT PRIMARY KEY,
    CardID INT,
    Date DATETIME,
    Amount DECIMAL(15,2),
    Merchant VARCHAR(100),
    City VARCHAR(50),
    Status VARCHAR(20));



INSERT INTO CreditCardTransactions VALUES
(1, 1, '2023-01-01', 45.50, 'Korzinka', 'Tashkent', 'Completed'),
(2, 2, '2023-01-02', 120.00, 'Amazon', 'Online', 'Completed'),
(3, 3, '2023-01-03', 15.75, 'Cafe Coffee', 'Tashkent', 'Completed'),
(4, 4, '2023-01-04', 300.00, 'Texnomart', 'Samarkand', 'Completed'),
(5, 5, '2023-01-05', 22.40, 'Makro', 'Bukhara', 'Completed'),
(6, 6, '2023-01-06', 89.99, 'Uzum Market', 'Online', 'Completed'),
(7, 7, '2023-01-07', 150.00, 'ZARA', 'Tashkent', 'Completed'),
(8, 8, '2023-01-08', 60.30, 'KFC', 'Tashkent', 'Completed'),
(9, 9, '2023-01-09', 18.20, 'Express24', 'Online', 'Completed'),
(10, 10, '2023-01-10', 500.00, 'iStore', 'Tashkent', 'Completed'),
(11, 11, '2023-01-11', 33.00, 'Book Cafe', 'Tashkent', 'Completed'),
(12, 12, '2023-01-12', 75.90, 'Medion', 'Tashkent', 'Completed'),
(13, 13, '2023-01-13', 210.00, 'Air Ticket', 'Online', 'Completed'),
(14, 14, '2023-01-14', 55.00, 'Local Market', 'Navoiy', 'Completed'),
(15, 15, '2023-01-15', 99.99, 'Wildberries', 'Online', 'Completed'),
(16, 16, '2023-01-16', 12.50, 'Cafe', 'Andijan', 'Completed'),
(17, 17, '2023-01-17', 430.00, 'Samsung Store', 'Tashkent', 'Completed'),
(18, 18, '2023-01-18', 27.30, 'Taxi', 'Tashkent', 'Completed'),
(19, 19, '2023-01-19', 140.00, 'Clothes Shop', 'Samarkand', 'Completed'),
(20, 20, '2023-01-20', 65.00, 'Restaurant', 'Bukhara', 'Completed'),


(21, 21, '2023-01-21', 44.10, 'Korzinka', 'Tashkent', 'Completed'),
(22, 22, '2023-01-22', 210.00, 'Amazon', 'Online', 'Completed'),
(23, 23, '2023-01-23', 19.90, 'Cafe', 'Tashkent', 'Completed'),
(24, 24, '2023-01-24', 330.00, 'Texnomart', 'Samarkand', 'Completed'),
(25, 25, '2023-01-25', 28.40, 'Makro', 'Bukhara', 'Completed'),
(26, 26, '2023-01-26', 95.00, 'Uzum', 'Online', 'Completed'),
(27, 27, '2023-01-27', 170.00, 'ZARA', 'Tashkent', 'Completed'),
(28, 28, '2023-01-28', 52.60, 'KFC', 'Tashkent', 'Completed'),
(29, 29, '2023-01-29', 16.75, 'Express24', 'Online', 'Completed'),
(30, 30, '2023-01-30', 480.00, 'iStore', 'Tashkent', 'Completed'),

(31, 31, '2023-02-01', 37.00, 'Book Shop', 'Tashkent', 'Completed'),
(32, 32, '2023-02-02', 82.50, 'Medion', 'Tashkent', 'Completed'),
(33, 33, '2023-02-03', 260.00, 'Air Ticket', 'Online', 'Completed'),
(34, 34, '2023-02-04', 61.00, 'Market', 'Navoiy', 'Completed'),
(35, 35, '2023-02-05', 110.00, 'Wildberries', 'Online', 'Completed'),
(36, 36, '2023-02-06', 14.40, 'Cafe', 'Andijan', 'Completed'),
(37, 37, '2023-02-07', 390.00, 'Electronics', 'Tashkent', 'Completed'),
(38, 38, '2023-02-08', 25.00, 'Taxi', 'Tashkent', 'Completed'),
(39, 39, '2023-02-09', 150.00, 'Clothes', 'Samarkand', 'Completed'),
(40, 40, '2023-02-10', 72.20, 'Restaurant', 'Bukhara', 'Completed'),

(41, 41, '2023-02-11', 49.90, 'Korzinka', 'Tashkent', 'Completed'),
(42, 42, '2023-02-12', 205.00, 'Amazon', 'Online', 'Completed'),
(43, 43, '2023-02-13', 18.30, 'Cafe', 'Tashkent', 'Completed'),
(44, 44, '2023-02-14', 310.00, 'Texnomart', 'Samarkand', 'Completed'),
(45, 45, '2023-02-15', 26.00, 'Makro', 'Bukhara', 'Completed'),
(46, 46, '2023-02-16', 99.00, 'Uzum', 'Online', 'Completed'),
(47, 47, '2023-02-17', 160.00, 'ZARA', 'Tashkent', 'Completed'),
(48, 48, '2023-02-18', 54.70, 'KFC', 'Tashkent', 'Completed'),
(49, 49, '2023-02-19', 13.99, 'Express24', 'Online', 'Completed'),
(50, 50, '2023-02-20', 510.00, 'iStore', 'Tashkent', 'Completed'),

(51, 51, '2023-02-21', 36.60, 'Book Shop', 'Tashkent', 'Completed'),
(52, 52, '2023-02-22', 79.90, 'Medion', 'Tashkent', 'Completed'),
(53, 53, '2023-02-23', 240.00, 'Air Ticket', 'Online', 'Completed'),
(54, 54, '2023-02-24', 58.00, 'Market', 'Navoiy', 'Completed'),
(55, 55, '2023-02-25', 120.00, 'Wildberries', 'Online', 'Completed'),
(56, 56, '2023-02-26', 17.25, 'Cafe', 'Andijan', 'Completed'),
(57, 57, '2023-02-27', 410.00, 'Electronics', 'Tashkent', 'Completed'),
(58, 58, '2023-02-28', 29.10, 'Taxi', 'Tashkent', 'Completed'),
(59, 59, '2023-03-01', 135.00, 'Clothes', 'Samarkand', 'Completed'),
(60, 60, '2023-03-02', 68.40, 'Restaurant', 'Bukhara', 'Completed'),

(61, 61, '2023-03-03', 41.00, 'Korzinka', 'Tashkent', 'Completed'),
(62, 62, '2023-03-04', 215.00, 'Amazon', 'Online', 'Completed'),
(63, 63, '2023-03-05', 21.50, 'Cafe', 'Tashkent', 'Completed'),
(64, 64, '2023-03-06', 295.00, 'Texnomart', 'Samarkand', 'Completed'),
(65, 65, '2023-03-07', 24.60, 'Makro', 'Bukhara', 'Completed'),
(66, 66, '2023-03-08', 102.00, 'Uzum', 'Online', 'Completed'),
(67, 67, '2023-03-09', 175.00, 'ZARA', 'Tashkent', 'Completed'),
(68, 68, '2023-03-10', 59.80, 'KFC', 'Tashkent', 'Completed'),
(69, 69, '2023-03-11', 19.00, 'Express24', 'Online', 'Completed'),
(70, 70, '2023-03-12', 530.00, 'iStore', 'Tashkent', 'Completed'),

(71, 71, '2023-03-13', 34.20, 'Book Shop', 'Tashkent', 'Completed'),
(72, 72, '2023-03-14', 88.00, 'Medion', 'Tashkent', 'Completed'),
(73, 73, '2023-03-15', 225.00, 'Air Ticket', 'Online', 'Completed'),
(74, 74, '2023-03-16', 63.00, 'Market', 'Navoiy', 'Completed'),
(75, 75, '2023-03-17', 118.00, 'Wildberries', 'Online', 'Completed'),
(76, 76, '2023-03-18', 16.90, 'Cafe', 'Andijan', 'Completed'),
(77, 77, '2023-03-19', 445.00, 'Electronics', 'Tashkent', 'Completed'),
(78, 78, '2023-03-20', 31.50, 'Taxi', 'Tashkent', 'Completed'),
(79, 79, '2023-03-21', 142.00, 'Clothes', 'Samarkand', 'Completed'),
(80, 80, '2023-03-22', 70.00, 'Restaurant', 'Bukhara', 'Completed'),

(81, 81, '2023-03-23', 46.00, 'Korzinka', 'Tashkent', 'Completed'),
(82, 82, '2023-03-24', 230.00, 'Amazon', 'Online', 'Completed'),
(83, 83, '2023-03-25', 22.75, 'Cafe', 'Tashkent', 'Completed'),
(84, 84, '2023-03-26', 340.00, 'Texnomart', 'Samarkand', 'Completed'),
(85, 85, '2023-03-27', 29.30, 'Makro', 'Bukhara', 'Completed'),
(86, 86, '2023-03-28', 97.00, 'Uzum', 'Online', 'Completed'),
(87, 87, '2023-03-29', 168.00, 'ZARA', 'Tashkent', 'Completed'),
(88, 88, '2023-03-30', 57.20, 'KFC', 'Tashkent', 'Completed'),
(89, 89, '2023-03-31', 15.40, 'Express24', 'Online', 'Completed'),
(90, 90, '2023-04-01', 505.00, 'iStore', 'Tashkent', 'Completed'),

(91, 91, '2023-04-02', 39.50, 'Book Shop', 'Tashkent', 'Completed'),
(92, 92, '2023-04-03', 90.00, 'Medion', 'Tashkent', 'Completed'),
(93, 93, '2023-04-04', 255.00, 'Air Ticket', 'Online', 'Completed'),
(94, 94, '2023-04-05', 60.00, 'Market', 'Navoiy', 'Completed'),
(95, 95, '2023-04-06', 125.00, 'Wildberries', 'Online', 'Completed'),
(96, 96, '2023-04-07', 18.60, 'Cafe', 'Andijan', 'Completed'),
(97, 97, '2023-04-08', 420.00, 'Electronics', 'Tashkent', 'Completed'),
(98, 98, '2023-04-09', 28.80, 'Taxi', 'Tashkent', 'Completed'),
(99, 99, '2023-04-10', 138.00, 'Clothes', 'Samarkand', 'Completed'),
(100, 100, '2023-04-11', 74.00, 'Restaurant', 'Bukhara', 'Completed'),


(101,101,'2023-04-12',42.00,'Korzinka','Tashkent','Completed'),
(102,102,'2023-04-13',215.00,'Amazon','Online','Completed'),
(103,103,'2023-04-14',23.10,'Cafe','Tashkent','Completed'),
(104,104,'2023-04-15',300.00,'Texnomart','Samarkand','Completed'),
(105,105,'2023-04-16',27.40,'Makro','Bukhara','Completed'),
(106,106,'2023-04-17',96.00,'Uzum','Online','Completed'),
(107,107,'2023-04-18',172.00,'ZARA','Tashkent','Completed'),
(108,108,'2023-04-19',55.00,'KFC','Tashkent','Completed'),
(109,109,'2023-04-20',17.60,'Express24','Online','Completed'),
(110,110,'2023-04-21',520.00,'iStore','Tashkent','Completed'),

(111,111,'2023-04-22',35.00,'Book Shop','Tashkent','Completed'),
(112,112,'2023-04-23',85.00,'Medion','Tashkent','Completed'),
(113,113,'2023-04-24',245.00,'Air Ticket','Online','Completed'),
(114,114,'2023-04-25',62.00,'Market','Navoiy','Completed'),
(115,115,'2023-04-26',119.00,'Wildberries','Online','Completed'),
(116,116,'2023-04-27',16.40,'Cafe','Andijan','Completed'),
(117,117,'2023-04-28',405.00,'Electronics','Tashkent','Completed'),
(118,118,'2023-04-29',30.00,'Taxi','Tashkent','Completed'),
(119,119,'2023-04-30',140.00,'Clothes','Samarkand','Completed'),
(120,120,'2023-05-01',69.00,'Restaurant','Bukhara','Completed'),

(121,121,'2023-05-02',44.00,'Korzinka','Tashkent','Completed'),
(122,122,'2023-05-03',225.00,'Amazon','Online','Completed'),
(123,123,'2023-05-04',20.50,'Cafe','Tashkent','Completed'),
(124,124,'2023-05-05',315.00,'Texnomart','Samarkand','Completed'),
(125,125,'2023-05-06',28.90,'Makro','Bukhara','Completed'),
(126,126,'2023-05-07',98.00,'Uzum','Online','Completed'),
(127,127,'2023-05-08',165.00,'ZARA','Tashkent','Completed'),
(128,128,'2023-05-09',56.30,'KFC','Tashkent','Completed'),
(129,129,'2023-05-10',14.75,'Express24','Online','Completed'),
(130,130,'2023-05-11',540.00,'iStore','Tashkent','Completed'),

(131,131,'2023-05-12',38.00,'Book Shop','Tashkent','Completed'),
(132,132,'2023-05-13',92.00,'Medion','Tashkent','Completed'),
(133,133,'2023-05-14',235.00,'Air Ticket','Online','Completed'),
(134,134,'2023-05-15',59.00,'Market','Navoiy','Completed'),
(135,135,'2023-05-16',122.00,'Wildberries','Online','Completed'),
(136,136,'2023-05-17',18.00,'Cafe','Andijan','Completed'),
(137,137,'2023-05-18',415.00,'Electronics','Tashkent','Completed'),
(138,138,'2023-05-19',27.00,'Taxi','Tashkent','Completed'),
(139,139,'2023-05-20',136.00,'Clothes','Samarkand','Completed'),
(140,140,'2023-05-21',71.00,'Restaurant','Bukhara','Completed'),

(141,141,'2023-05-22',47.00,'Korzinka','Tashkent','Completed'),
(142,142,'2023-05-23',240.00,'Amazon','Online','Completed'),
(143,143,'2023-05-24',24.00,'Cafe','Tashkent','Completed'),
(144,144,'2023-05-25',350.00,'Texnomart','Samarkand','Completed'),
(145,145,'2023-05-26',31.00,'Makro','Bukhara','Completed'),
(146,146,'2023-05-27',100.00,'Uzum','Online','Completed'),
(147,147,'2023-05-28',170.00,'ZARA','Tashkent','Completed'),
(148,148,'2023-05-29',60.00,'KFC','Tashkent','Completed'),
(149,149,'2023-05-30',19.00,'Express24','Online','Completed'),
(150,150,'2023-05-31',560.00,'iStore','Tashkent','Completed'),

(151,151,'2023-06-01',41.00,'Book Shop','Tashkent','Completed'),
(152,152,'2023-06-02',87.00,'Medion','Tashkent','Completed'),
(153,153,'2023-06-03',250.00,'Air Ticket','Online','Completed'),
(154,154,'2023-06-04',65.00,'Market','Navoiy','Completed'),
(155,155,'2023-06-05',126.00,'Wildberries','Online','Completed'),
(156,156,'2023-06-06',19.50,'Cafe','Andijan','Completed'),
(157,157,'2023-06-07',430.00,'Electronics','Tashkent','Completed'),
(158,158,'2023-06-08',33.00,'Taxi','Tashkent','Completed'),
(159,159,'2023-06-09',148.00,'Clothes','Samarkand','Completed'),
(160,160,'2023-06-10',73.00,'Restaurant','Bukhara','Completed'),

(161,161,'2023-06-11',45.00,'Korzinka','Tashkent','Completed'),
(162,162,'2023-06-12',260.00,'Amazon','Online','Completed'),
(163,163,'2023-06-13',22.00,'Cafe','Tashkent','Completed'),
(164,164,'2023-06-14',365.00,'Texnomart','Samarkand','Completed'),
(165,165,'2023-06-15',30.00,'Makro','Bukhara','Completed'),


(166,166,'2023-06-16',103.00,'Uzum','Online','Completed'),
(167,167,'2023-06-17',182.00,'ZARA','Tashkent','Completed'),
(168,168,'2023-06-18',63.00,'KFC','Tashkent','Completed'),
(169,169,'2023-06-19',20.00,'Express24','Online','Completed'),
(170,170,'2023-06-20',580.00,'iStore','Tashkent','Completed'),

(171,171,'2023-06-21',39.00,'Book Shop','Tashkent','Completed'),
(172,172,'2023-06-22',94.00,'Medion','Tashkent','Completed'),
(173,173,'2023-06-23',270.00,'Air Ticket','Online','Completed'),
(174,174,'2023-06-24',67.00,'Market','Navoiy','Completed'),
(175,175,'2023-06-25',135.00,'Wildberries','Online','Completed'),
(176,176,'2023-06-26',17.80,'Cafe','Andijan','Completed'),
(177,177,'2023-06-27',450.00,'Electronics','Tashkent','Completed'),
(178,178,'2023-06-28',34.00,'Taxi','Tashkent','Completed'),
(179,179,'2023-06-29',155.00,'Clothes','Samarkand','Completed'),
(180,180,'2023-06-30',76.00,'Restaurant','Bukhara','Completed'),

(181,181,'2023-07-01',48.00,'Korzinka','Tashkent','Completed'),
(182,182,'2023-07-02',275.00,'Amazon','Online','Completed'),
(183,183,'2023-07-03',26.00,'Cafe','Tashkent','Completed'),
(184,184,'2023-07-04',380.00,'Texnomart','Samarkand','Completed'),
(185,185,'2023-07-05',33.00,'Makro','Bukhara','Completed'),
(186,186,'2023-07-06',110.00,'Uzum','Online','Completed'),
(187,187,'2023-07-07',190.00,'ZARA','Tashkent','Completed'),
(188,188,'2023-07-08',64.00,'KFC','Tashkent','Completed'),
(189,189,'2023-07-09',21.00,'Express24','Online','Completed'),
(190,190,'2023-07-10',600.00,'iStore','Tashkent','Completed'),

(191,191,'2023-07-11',43.00,'Book Shop','Tashkent','Completed'),
(192,192,'2023-07-12',98.00,'Medion','Tashkent','Completed'),
(193,193,'2023-07-13',290.00,'Air Ticket','Online','Completed'),
(194,194,'2023-07-14',70.00,'Market','Navoiy','Completed'),
(195,195,'2023-07-15',140.00,'Wildberries','Online','Completed'),
(196,196,'2023-07-16',20.00,'Cafe','Andijan','Completed'),
(197,197,'2023-07-17',470.00,'Electronics','Tashkent','Completed'),
(198,198,'2023-07-18',36.00,'Taxi','Tashkent','Completed'),
(199,199,'2023-07-19',160.00,'Clothes','Samarkand','Completed'),
(200,200,'2023-07-20',79.00,'Restaurant','Bukhara','Completed'),

(201,201,'2023-07-21',49.00,'Korzinka','Tashkent','Completed'),
(202,202,'2023-07-22',300.00,'Amazon','Online','Completed'),
(203,203,'2023-07-23',28.00,'Cafe','Tashkent','Completed'),
(204,204,'2023-07-24',395.00,'Texnomart','Samarkand','Completed'),
(205,205,'2023-07-25',35.00,'Makro','Bukhara','Completed'),
(206,206,'2023-07-26',115.00,'Uzum','Online','Completed'),
(207,207,'2023-07-27',200.00,'ZARA','Tashkent','Completed'),
(208,208,'2023-07-28',66.00,'KFC','Tashkent','Completed'),
(209,209,'2023-07-29',23.00,'Express24','Online','Completed'),
(210,210,'2023-07-30',620.00,'iStore','Tashkent','Completed'),

(211,211,'2023-07-31',46.00,'Book Shop','Tashkent','Completed'),
(212,212,'2023-08-01',105.00,'Medion','Tashkent','Completed'),
(213,213,'2023-08-02',310.00,'Air Ticket','Online','Completed'),
(214,214,'2023-08-03',72.00,'Market','Navoiy','Completed'),
(215,215,'2023-08-04',150.00,'Wildberries','Online','Completed'),
(216,216,'2023-08-05',22.00,'Cafe','Andijan','Completed'),
(217,217,'2023-08-06',500.00,'Electronics','Tashkent','Completed'),
(218,218,'2023-08-07',38.00,'Taxi','Tashkent','Completed'),
(219,219,'2023-08-08',170.00,'Clothes','Samarkand','Completed'),
(220,220,'2023-08-09',82.00,'Restaurant','Bukhara','Completed'),


(221,221,'2023-08-10',45.00,'Korzinka','Tashkent','Completed'),
(222,222,'2023-08-11',210.00,'Amazon','Online','Completed'),
(223,223,'2023-08-12',25.00,'Cafe','Tashkent','Completed'),
(224,224,'2023-08-13',330.00,'Texnomart','Samarkand','Completed'),
(225,225,'2023-08-14',29.00,'Makro','Bukhara','Completed'),
(226,226,'2023-08-15',90.00,'Uzum','Online','Completed'),
(227,227,'2023-08-16',175.00,'ZARA','Tashkent','Completed'),
(228,228,'2023-08-17',58.00,'KFC','Tashkent','Completed'),
(229,229,'2023-08-18',19.00,'Express24','Online','Completed'),
(230,230,'2023-08-19',510.00,'iStore','Tashkent','Completed'),

(231,231,'2023-08-20',36.00,'Book Shop','Tashkent','Completed'),
(232,232,'2023-08-21',88.00,'Medion','Tashkent','Completed'),
(233,233,'2023-08-22',260.00,'Air Ticket','Online','Completed'),
(234,234,'2023-08-23',63.00,'Market','Navoiy','Completed'),
(235,235,'2023-08-24',120.00,'Wildberries','Online','Completed'),
(236,236,'2023-08-25',17.00,'Cafe','Andijan','Completed'),
(237,237,'2023-08-26',420.00,'Electronics','Tashkent','Completed'),
(238,238,'2023-08-27',29.00,'Taxi','Tashkent','Completed'),
(239,239,'2023-08-28',138.00,'Clothes','Samarkand','Completed'),
(240,240,'2023-08-29',68.00,'Restaurant','Bukhara','Completed'),

(241,241,'2023-08-30',46.00,'Korzinka','Tashkent','Completed'),
(242,242,'2023-08-31',220.00,'Amazon','Online','Completed'),
(243,243,'2023-09-01',23.00,'Cafe','Tashkent','Completed'),
(244,244,'2023-09-02',340.00,'Texnomart','Samarkand','Completed'),
(245,245,'2023-09-03',31.00,'Makro','Bukhara','Completed'),
(246,246,'2023-09-04',95.00,'Uzum','Online','Completed'),
(247,247,'2023-09-05',185.00,'ZARA','Tashkent','Completed'),
(248,248,'2023-09-06',61.00,'KFC','Tashkent','Completed'),
(249,249,'2023-09-07',18.00,'Express24','Online','Completed'),
(250,250,'2023-09-08',530.00,'iStore','Tashkent','Completed'),

(251,251,'2023-09-09',37.00,'Book Shop','Tashkent','Completed'),
(252,252,'2023-09-10',91.00,'Medion','Tashkent','Completed'),
(253,253,'2023-09-11',275.00,'Air Ticket','Online','Completed'),
(254,254,'2023-09-12',66.00,'Market','Navoiy','Completed'),
(255,255,'2023-09-13',125.00,'Wildberries','Online','Completed'),
(256,256,'2023-09-14',19.00,'Cafe','Andijan','Completed'),
(257,257,'2023-09-15',440.00,'Electronics','Tashkent','Completed'),
(258,258,'2023-09-16',32.00,'Taxi','Tashkent','Completed'),
(259,259,'2023-09-17',142.00,'Clothes','Samarkand','Completed'),
(260,260,'2023-09-18',70.00,'Restaurant','Bukhara','Completed'),

(261,261,'2023-09-19',47.00,'Korzinka','Tashkent','Completed'),
(262,262,'2023-09-20',240.00,'Amazon','Online','Completed'),
(263,263,'2023-09-21',26.00,'Cafe','Tashkent','Completed'),
(264,264,'2023-09-22',355.00,'Texnomart','Samarkand','Completed'),
(265,265,'2023-09-23',34.00,'Makro','Bukhara','Completed'),
(266,266,'2023-09-24',100.00,'Uzum','Online','Completed'),
(267,267,'2023-09-25',195.00,'ZARA','Tashkent','Completed'),
(268,268,'2023-09-26',65.00,'KFC','Tashkent','Completed'),
(269,269,'2023-09-27',22.00,'Express24','Online','Completed'),
(270,270,'2023-09-28',560.00,'iStore','Tashkent','Completed'),

(271,271,'2023-09-29',40.00,'Book Shop','Tashkent','Completed'),
(272,272,'2023-09-30',97.00,'Medion','Tashkent','Completed'),
(273,273,'2023-10-01',290.00,'Air Ticket','Online','Completed'),
(274,274,'2023-10-02',69.00,'Market','Navoiy','Completed'),
(275,275,'2023-10-03',135.00,'Wildberries','Online','Completed'),
(276,276,'2023-10-04',20.00,'Cafe','Andijan','Completed'),
(277,277,'2023-10-05',460.00,'Electronics','Tashkent','Completed'),
(278,278,'2023-10-06',35.00,'Taxi','Tashkent','Completed'),
(279,279,'2023-10-07',150.00,'Clothes','Samarkand','Completed'),
(280,280,'2023-10-08',74.00,'Restaurant','Bukhara','Completed'),

(281,281,'2023-10-09',49.00,'Korzinka','Tashkent','Completed'),
(282,282,'2023-10-10',255.00,'Amazon','Online','Completed'),
(283,283,'2023-10-11',28.00,'Cafe','Tashkent','Completed'),
(284,284,'2023-10-12',370.00,'Texnomart','Samarkand','Completed'),
(285,285,'2023-10-13',36.00,'Makro','Bukhara','Completed'),


(286,286,'2023-10-14',110.00,'Uzum','Online','Completed'),
(287,287,'2023-10-15',205.00,'ZARA','Tashkent','Completed'),
(288,288,'2023-10-16',68.00,'KFC','Tashkent','Completed'),
(289,289,'2023-10-17',24.00,'Express24','Online','Completed'),
(290,290,'2023-10-18',590.00,'iStore','Tashkent','Completed'),

(291,291,'2023-10-19',42.00,'Book Shop','Tashkent','Completed'),
(292,292,'2023-10-20',102.00,'Medion','Tashkent','Completed'),
(293,293,'2023-10-21',305.00,'Air Ticket','Online','Completed'),
(294,294,'2023-10-22',72.00,'Market','Navoiy','Completed'),
(295,295,'2023-10-23',145.00,'Wildberries','Online','Completed'),
(296,296,'2023-10-24',22.00,'Cafe','Andijan','Completed'),
(297,297,'2023-10-25',480.00,'Electronics','Tashkent','Completed'),
(298,298,'2023-10-26',37.00,'Taxi','Tashkent','Completed'),
(299,299,'2023-10-27',160.00,'Clothes','Samarkand','Completed'),
(300,300,'2023-10-28',78.00,'Restaurant','Bukhara','Completed'),

(301,301,'2023-10-29',50.00,'Korzinka','Tashkent','Completed'),
(302,302,'2023-10-30',270.00,'Amazon','Online','Completed'),
(303,303,'2023-10-31',30.00,'Cafe','Tashkent','Completed'),
(304,304,'2023-11-01',390.00,'Texnomart','Samarkand','Completed'),
(305,305,'2023-11-02',38.00,'Makro','Bukhara','Completed'),
(306,306,'2023-11-03',115.00,'Uzum','Online','Completed'),
(307,307,'2023-11-04',210.00,'ZARA','Tashkent','Completed'),
(308,308,'2023-11-05',70.00,'KFC','Tashkent','Completed'),
(309,309,'2023-11-06',25.00,'Express24','Online','Completed'),
(310,310,'2023-11-07',610.00,'iStore','Tashkent','Completed'),

(311,311,'2023-11-08',44.00,'Book Shop','Tashkent','Completed'),
(312,312,'2023-11-09',108.00,'Medion','Tashkent','Completed'),
(313,313,'2023-11-10',320.00,'Air Ticket','Online','Completed'),
(314,314,'2023-11-11',75.00,'Market','Navoiy','Completed'),
(315,315,'2023-11-12',155.00,'Wildberries','Online','Completed'),
(316,316,'2023-11-13',23.00,'Cafe','Andijan','Completed'),
(317,317,'2023-11-14',520.00,'Electronics','Tashkent','Completed'),
(318,318,'2023-11-15',39.00,'Taxi','Tashkent','Completed'),
(319,319,'2023-11-16',175.00,'Clothes','Samarkand','Completed'),
(320,320,'2023-11-17',85.00,'Restaurant','Bukhara','Completed'),

(321,321,'2023-11-18',52.00,'Korzinka','Tashkent','Completed'),
(322,322,'2023-11-19',285.00,'Amazon','Online','Completed'),
(323,323,'2023-11-20',32.00,'Cafe','Tashkent','Completed'),
(324,324,'2023-11-21',410.00,'Texnomart','Samarkand','Completed'),
(325,325,'2023-11-22',40.00,'Makro','Bukhara','Completed'),
(326,326,'2023-11-23',120.00,'Uzum','Online','Completed'),
(327,327,'2023-11-24',220.00,'ZARA','Tashkent','Completed'),
(328,328,'2023-11-25',72.00,'KFC','Tashkent','Completed'),
(329,329,'2023-11-26',27.00,'Express24','Online','Completed'),
(330,330,'2023-11-27',640.00,'iStore','Tashkent','Completed'),

(331,331,'2023-11-28',46.00,'Book Shop','Tashkent','Completed'),
(332,332,'2023-11-29',112.00,'Medion','Tashkent','Completed'),
(333,333,'2023-11-30',335.00,'Air Ticket','Online','Completed'),
(334,334,'2023-12-01',78.00,'Market','Navoiy','Completed'),
(335,335,'2023-12-02',165.00,'Wildberries','Online','Completed'),
(336,336,'2023-12-03',24.00,'Cafe','Andijan','Completed'),
(337,337,'2023-12-04',540.00,'Electronics','Tashkent','Completed'),
(338,338,'2023-12-05',41.00,'Taxi','Tashkent','Completed'),
(339,339,'2023-12-06',185.00,'Clothes','Samarkand','Completed'),
(340,340,'2023-12-07',90.00,'Restaurant','Bukhara','Completed'),

(341,341,'2023-12-08',55.00,'Korzinka','Tashkent','Completed'),
(342,342,'2023-12-09',300.00,'Amazon','Online','Completed'),
(343,343,'2023-12-10',34.00,'Cafe','Tashkent','Completed'),
(344,344,'2023-12-11',430.00,'Texnomart','Samarkand','Completed'),
(345,345,'2023-12-12',42.00,'Makro','Bukhara','Completed'),
(346,346,'2023-12-13',125.00,'Uzum','Online','Completed'),
(347,347,'2023-12-14',230.00,'ZARA','Tashkent','Completed'),
(348,348,'2023-12-15',75.00,'KFC','Tashkent','Completed'),
(349,349,'2023-12-16',29.00,'Express24','Online','Completed'),
(350,350,'2023-12-17',680.00,'iStore','Tashkent','Completed');


drop table if exists OnlineBankingUsers

CREATE TABLE OnlineBankingUsers 
   (UserID INT PRIMARY KEY,
    CustomerID INT,
    Username VARCHAR(50),
    PasswordHash VARCHAR(255),
    LastLogin DATETIME);



INSERT INTO OnlineBankingUsers VALUES
(1,1,'ali01','hash1','2024-01-01'),
(2,2,'madina02','hash2','2024-01-02'),
(3,3,'bekzod03','hash3','2024-01-03'),
(4,4,'nilufar04','hash4','2024-01-04'),
(5,5,'jahongir05','hash5','2024-01-05'),
(6,6,'user06','hash6','2024-01-06'),
(7,7,'user07','hash7','2024-01-07'),
(8,8,'user08','hash8','2024-01-08'),
(9,9,'user09','hash9','2024-01-09'),
(10,10,'user10','hash10','2024-01-10'),

(11,11,'user11','hash11','2024-01-11'),
(12,12,'user12','hash12','2024-01-12'),
(13,13,'user13','hash13','2024-01-13'),
(14,14,'user14','hash14','2024-01-14'),
(15,15,'user15','hash15','2024-01-15'),
(16,16,'user16','hash16','2024-01-16'),
(17,17,'user17','hash17','2024-01-17'),
(18,18,'user18','hash18','2024-01-18'),
(19,19,'user19','hash19','2024-01-19'),
(20,20,'user20','hash20','2024-01-20'),

(21,21,'user21','hash21','2024-01-21'),
(22,22,'user22','hash22','2024-01-22'),
(23,23,'user23','hash23','2024-01-23'),
(24,24,'user24','hash24','2024-01-24'),
(25,25,'user25','hash25','2024-01-25'),
(26,26,'user26','hash26','2024-01-26'),
(27,27,'user27','hash27','2024-01-27'),
(28,28,'user28','hash28','2024-01-28'),
(29,29,'user29','hash29','2024-01-29'),
(30,30,'user30','hash30','2024-01-30'),

(31,31,'user31','hash31','2024-02-01'),
(32,32,'user32','hash32','2024-02-02'),
(33,33,'user33','hash33','2024-02-03'),
(34,34,'user34','hash34','2024-02-04'),
(35,35,'user35','hash35','2024-02-05'),
(36,36,'user36','hash36','2024-02-06'),
(37,37,'user37','hash37','2024-02-07'),
(38,38,'user38','hash38','2024-02-08'),
(39,39,'user39','hash39','2024-02-09'),
(40,40,'user40','hash40','2024-02-10'),

(41,41,'user41','hash41','2024-02-11'),
(42,42,'user42','hash42','2024-02-12'),
(43,43,'user43','hash43','2024-02-13'),
(44,44,'user44','hash44','2024-02-14'),
(45,45,'user45','hash45','2024-02-15'),
(46,46,'user46','hash46','2024-02-16'),
(47,47,'user47','hash47','2024-02-17'),
(48,48,'user48','hash48','2024-02-18'),
(49,49,'user49','hash49','2024-02-19'),
(50,50,'user50','hash50','2024-02-20'),


(51,51,'user51','hash51','2024-02-21'),
(52,52,'user52','hash52','2024-02-22'),
(53,53,'user53','hash53','2024-02-23'),
(54,54,'user54','hash54','2024-02-24'),
(55,55,'user55','hash55','2024-02-25'),
(56,56,'user56','hash56','2024-02-26'),
(57,57,'user57','hash57','2024-02-27'),
(58,58,'user58','hash58','2024-02-28'),
(59,59,'user59','hash59','2024-02-29'),
(60,60,'user60','hash60','2024-03-01'),

(61,61,'user61','hash61','2024-03-02'),
(62,62,'user62','hash62','2024-03-03'),
(63,63,'user63','hash63','2024-03-04'),
(64,64,'user64','hash64','2024-03-05'),
(65,65,'user65','hash65','2024-03-06'),
(66,66,'user66','hash66','2024-03-07'),
(67,67,'user67','hash67','2024-03-08'),
(68,68,'user68','hash68','2024-03-09'),
(69,69,'user69','hash69','2024-03-10'),
(70,70,'user70','hash70','2024-03-11'),

(71,71,'user71','hash71','2024-03-12'),
(72,72,'user72','hash72','2024-03-13'),
(73,73,'user73','hash73','2024-03-14'),
(74,74,'user74','hash74','2024-03-15'),
(75,75,'user75','hash75','2024-03-16'),
(76,76,'user76','hash76','2024-03-17'),
(77,77,'user77','hash77','2024-03-18'),
(78,78,'user78','hash78','2024-03-19'),
(79,79,'user79','hash79','2024-03-20'),
(80,80,'user80','hash80','2024-03-21'),

(81,81,'user81','hash81','2024-03-22'),
(82,82,'user82','hash82','2024-03-23'),
(83,83,'user83','hash83','2024-03-24'),
(84,84,'user84','hash84','2024-03-25'),
(85,85,'user85','hash85','2024-03-26'),
(86,86,'user86','hash86','2024-03-27'),
(87,87,'user87','hash87','2024-03-28'),
(88,88,'user88','hash88','2024-03-29'),
(89,89,'user89','hash89','2024-03-30'),
(90,90,'user90','hash90','2024-03-31'),

(91,91,'user91','hash91','2024-04-01'),
(92,92,'user92','hash92','2024-04-02'),
(93,93,'user93','hash93','2024-04-03'),
(94,94,'user94','hash94','2024-04-04'),
(95,95,'user95','hash95','2024-04-05'),
(96,96,'user96','hash96','2024-04-06'),
(97,97,'user97','hash97','2024-04-07'),
(98,98,'user98','hash98','2024-04-08'),
(99,99,'user99','hash99','2024-04-09'),
(100,100,'user100','hash100','2024-04-10'),

(101,101,'user101','hash101','2024-04-11'),
(102,102,'user102','hash102','2024-04-12'),
(103,103,'user103','hash103','2024-04-13'),
(104,104,'user104','hash104','2024-04-14'),
(105,105,'user105','hash105','2024-04-15'),
(106,106,'user106','hash106','2024-04-16'),
(107,107,'user107','hash107','2024-04-17'),
(108,108,'user108','hash108','2024-04-18'),
(109,109,'user109','hash109','2024-04-19'),
(110,110,'user110','hash110','2024-04-20'),

(111,111,'user111','hash111','2024-04-21'),
(112,112,'user112','hash112','2024-04-22'),
(113,113,'user113','hash113','2024-04-23'),
(114,114,'user114','hash114','2024-04-24'),
(115,115,'user115','hash115','2024-04-25'),
(116,116,'user116','hash116','2024-04-26'),
(117,117,'user117','hash117','2024-04-27'),
(118,118,'user118','hash118','2024-04-28'),
(119,119,'user119','hash119','2024-04-29'),
(120,120,'user120','hash120','2024-04-30'),

(121,121,'user121','hash121','2024-05-01'),
(122,122,'user122','hash122','2024-05-02'),
(123,123,'user123','hash123','2024-05-03'),
(124,124,'user124','hash124','2024-05-04'),
(125,125,'user125','hash125','2024-05-05'),
(126,126,'user126','hash126','2024-05-06'),
(127,127,'user127','hash127','2024-05-07'),
(128,128,'user128','hash128','2024-05-08'),
(129,129,'user129','hash129','2024-05-09'),
(130,130,'user130','hash130','2024-05-10'),

(131,131,'user131','hash131','2024-05-11'),
(132,132,'user132','hash132','2024-05-12'),
(133,133,'user133','hash133','2024-05-13'),
(134,134,'user134','hash134','2024-05-14'),
(135,135,'user135','hash135','2024-05-15'),
(136,136,'user136','hash136','2024-05-16'),
(137,137,'user137','hash137','2024-05-17'),
(138,138,'user138','hash138','2024-05-18'),
(139,139,'user139','hash139','2024-05-19'),
(140,140,'user140','hash140','2024-05-20'),

(141,141,'user141','hash141','2024-05-21'),
(142,142,'user142','hash142','2024-05-22'),
(143,143,'user143','hash143','2024-05-23'),
(144,144,'user144','hash144','2024-05-24'),
(145,145,'user145','hash145','2024-05-25'),
(146,146,'user146','hash146','2024-05-26'),
(147,147,'user147','hash147','2024-05-27'),


(148,148,'user148','hash148','2024-05-28'),
(149,149,'user149','hash149','2024-05-29'),
(150,150,'user150','hash150','2024-05-30'),


(151,151,'user151','hash151','2024-05-31'),
(152,152,'user152','hash152','2024-06-01'),
(153,153,'user153','hash153','2024-06-02'),
(154,154,'user154','hash154','2024-06-03'),
(155,155,'user155','hash155','2024-06-04'),
(156,156,'user156','hash156','2024-06-05'),
(157,157,'user157','hash157','2024-06-06'),
(158,158,'user158','hash158','2024-06-07'),
(159,159,'user159','hash159','2024-06-08'),
(160,160,'user160','hash160','2024-06-09'),

(161,161,'user161','hash161','2024-06-10'),
(162,162,'user162','hash162','2024-06-11'),
(163,163,'user163','hash163','2024-06-12'),
(164,164,'user164','hash164','2024-06-13'),
(165,165,'user165','hash165','2024-06-14'),
(166,166,'user166','hash166','2024-06-15'),
(167,167,'user167','hash167','2024-06-16'),
(168,168,'user168','hash168','2024-06-17'),
(169,169,'user169','hash169','2024-06-18'),
(170,170,'user170','hash170','2024-06-19'),

(171,171,'user171','hash171','2024-06-20'),
(172,172,'user172','hash172','2024-06-21'),
(173,173,'user173','hash173','2024-06-22'),
(174,174,'user174','hash174','2024-06-23'),
(175,175,'user175','hash175','2024-06-24'),
(176,176,'user176','hash176','2024-06-25'),
(177,177,'user177','hash177','2024-06-26'),
(178,178,'user178','hash178','2024-06-27'),
(179,179,'user179','hash179','2024-06-28'),
(180,180,'user180','hash180','2024-06-29'),

(181,181,'user181','hash181','2024-06-30'),
(182,182,'user182','hash182','2024-07-01'),
(183,183,'user183','hash183','2024-07-02'),
(184,184,'user184','hash184','2024-07-03'),
(185,185,'user185','hash185','2024-07-04'),
(186,186,'user186','hash186','2024-07-05'),
(187,187,'user187','hash187','2024-07-06'),
(188,188,'user188','hash188','2024-07-07'),
(189,189,'user189','hash189','2024-07-08'),
(190,190,'user190','hash190','2024-07-09'),

(191,191,'user191','hash191','2024-07-10'),
(192,192,'user192','hash192','2024-07-11'),
(193,193,'user193','hash193','2024-07-12'),
(194,194,'user194','hash194','2024-07-13'),
(195,195,'user195','hash195','2024-07-14'),
(196,196,'user196','hash196','2024-07-15'),
(197,197,'user197','hash197','2024-07-16'),
(198,198,'user198','hash198','2024-07-17'),
(199,199,'user199','hash199','2024-07-18'),
(200,200,'user200','hash200','2024-07-19'),

(201,201,'user201','hash201','2024-07-20'),
(202,202,'user202','hash202','2024-07-21'),
(203,203,'user203','hash203','2024-07-22'),
(204,204,'user204','hash204','2024-07-23'),
(205,205,'user205','hash205','2024-07-24'),
(206,206,'user206','hash206','2024-07-25'),
(207,207,'user207','hash207','2024-07-26'),
(208,208,'user208','hash208','2024-07-27'),
(209,209,'user209','hash209','2024-07-28'),
(210,210,'user210','hash210','2024-07-29'),

(211,211,'user211','hash211','2024-07-30'),
(212,212,'user212','hash212','2024-07-31'),
(213,213,'user213','hash213','2024-08-01'),
(214,214,'user214','hash214','2024-08-02'),
(215,215,'user215','hash215','2024-08-03'),
(216,216,'user216','hash216','2024-08-04'),
(217,217,'user217','hash217','2024-08-05'),
(218,218,'user218','hash218','2024-08-06'),
(219,219,'user219','hash219','2024-08-07'),
(220,220,'user220','hash220','2024-08-08'),

(221,221,'user221','hash221','2024-08-09'),
(222,222,'user222','hash222','2024-08-10'),
(223,223,'user223','hash223','2024-08-11'),
(224,224,'user224','hash224','2024-08-12'),
(225,225,'user225','hash225','2024-08-13'),
(226,226,'user226','hash226','2024-08-14'),
(227,227,'user227','hash227','2024-08-15'),
(228,228,'user228','hash228','2024-08-16'),
(229,229,'user229','hash229','2024-08-17'),
(230,230,'user230','hash230','2024-08-18'),

(231,231,'user231','hash231','2024-08-19'),
(232,232,'user232','hash232','2024-08-20'),
(233,233,'user233','hash233','2024-08-21'),
(234,234,'user234','hash234','2024-08-22'),
(235,235,'user235','hash235','2024-08-23'),
(236,236,'user236','hash236','2024-08-24'),
(237,237,'user237','hash237','2024-08-25'),
(238,238,'user238','hash238','2024-08-26'),
(239,239,'user239','hash239','2024-08-27'),
(240,240,'user240','hash240','2024-08-28'),

(241,241,'user241','hash241','2024-08-29'),
(242,242,'user242','hash242','2024-08-30'),

(243,243,'user243','hash243','2024-08-31'),
(244,244,'user244','hash244','2024-09-01'),
(245,245,'user245','hash245','2024-09-02'),
(246,246,'user246','hash246','2024-09-03'),
(247,247,'user247','hash247','2024-09-04'),
(248,248,'user248','hash248','2024-09-05'),
(249,249,'user249','hash249','2024-09-06'),
(250,250,'user250','hash250','2024-09-07'),

(251,251,'user251','hash251','2024-09-08'),
(252,252,'user252','hash252','2024-09-09'),
(253,253,'user253','hash253','2024-09-10'),
(254,254,'user254','hash254','2024-09-11'),
(255,255,'user255','hash255','2024-09-12'),
(256,256,'user256','hash256','2024-09-13'),
(257,257,'user257','hash257','2024-09-14'),
(258,258,'user258','hash258','2024-09-15'),
(259,259,'user259','hash259','2024-09-16'),
(260,260,'user260','hash260','2024-09-17'),

(261,261,'user261','hash261','2024-09-18'),
(262,262,'user262','hash262','2024-09-19'),
(263,263,'user263','hash263','2024-09-20'),
(264,264,'user264','hash264','2024-09-21'),
(265,265,'user265','hash265','2024-09-22'),
(266,266,'user266','hash266','2024-09-23'),
(267,267,'user267','hash267','2024-09-24'),
(268,268,'user268','hash268','2024-09-25'),
(269,269,'user269','hash269','2024-09-26'),
(270,270,'user270','hash270','2024-09-27'),


(271,271,'user271','hash271','2024-09-28'),
(272,272,'user272','hash272','2024-09-29'),
(273,273,'user273','hash273','2024-09-30'),
(274,274,'user274','hash274','2024-10-01'),
(275,275,'user275','hash275','2024-10-02'),
(276,276,'user276','hash276','2024-10-03'),
(277,277,'user277','hash277','2024-10-04'),
(278,278,'user278','hash278','2024-10-05'),
(279,279,'user279','hash279','2024-10-06'),
(280,280,'user280','hash280','2024-10-07'),

(281,281,'user281','hash281','2024-10-08'),
(282,282,'user282','hash282','2024-10-09'),
(283,283,'user283','hash283','2024-10-10'),
(284,284,'user284','hash284','2024-10-11'),
(285,285,'user285','hash285','2024-10-12'),
(286,286,'user286','hash286','2024-10-13'),
(287,287,'user287','hash287','2024-10-14'),
(288,288,'user288','hash288','2024-10-15'),
(289,289,'user289','hash289','2024-10-16'),
(290,290,'user290','hash290','2024-10-17'),

(291,291,'user291','hash291','2024-10-18'),
(292,292,'user292','hash292','2024-10-19'),
(293,293,'user293','hash293','2024-10-20'),
(294,294,'user294','hash294','2024-10-21'),
(295,295,'user295','hash295','2024-10-22'),
(296,296,'user296','hash296','2024-10-23'),
(297,297,'user297','hash297','2024-10-24'),
(298,298,'user298','hash298','2024-10-25'),
(299,299,'user299','hash299','2024-10-26'),
(300,300,'user300','hash300','2024-10-27'),

(301,301,'user301','hash301','2024-10-28'),
(302,302,'user302','hash302','2024-10-29'),
(303,303,'user303','hash303','2024-10-30'),
(304,304,'user304','hash304','2024-10-31'),
(305,305,'user305','hash305','2024-11-01'),
(306,306,'user306','hash306','2024-11-02'),
(307,307,'user307','hash307','2024-11-03'),
(308,308,'user308','hash308','2024-11-04'),
(309,309,'user309','hash309','2024-11-05'),
(310,310,'user310','hash310','2024-11-06'),

(311,311,'user311','hash311','2024-11-07'),
(312,312,'user312','hash312','2024-11-08'),
(313,313,'user313','hash313','2024-11-09'),
(314,314,'user314','hash314','2024-11-10'),
(315,315,'user315','hash315','2024-11-11'),
(316,316,'user316','hash316','2024-11-12'),
(317,317,'user317','hash317','2024-11-13'),
(318,318,'user318','hash318','2024-11-14'),
(319,319,'user319','hash319','2024-11-15'),
(320,320,'user320','hash320','2024-11-16'),

(321,321,'user321','hash321','2024-11-17'),
(322,322,'user322','hash322','2024-11-18'),
(323,323,'user323','hash323','2024-11-19'),
(324,324,'user324','hash324','2024-11-20'),
(325,325,'user325','hash325','2024-11-21'),
(326,326,'user326','hash326','2024-11-22'),
(327,327,'user327','hash327','2024-11-23'),
(328,328,'user328','hash328','2024-11-24'),
(329,329,'user329','hash329','2024-11-25'),
(330,330,'user330','hash330','2024-11-26'),

(331,331,'user331','hash331','2024-11-27'),
(332,332,'user332','hash332','2024-11-28'),
(333,333,'user333','hash333','2024-11-29'),
(334,334,'user334','hash334','2024-11-30'),
(335,335,'user335','hash335','2024-12-01'),
(336,336,'user336','hash336','2024-12-02'),
(337,337,'user337','hash337','2024-12-03'),
(338,338,'user338','hash338','2024-12-04'),
(339,339,'user339','hash339','2024-12-05'),
(340,340,'user340','hash340','2024-12-06'),

(341,341,'user341','hash341','2024-12-07'),
(342,342,'user342','hash342','2024-12-08'),
(343,343,'user343','hash343','2024-12-09'),
(344,344,'user344','hash344','2024-12-10'),
(345,345,'user345','hash345','2024-12-11'),
(346,346,'user346','hash346','2024-12-12'),
(347,347,'user347','hash347','2024-12-13'),
(348,348,'user348','hash348','2024-12-14'),
(349,349,'user349','hash349','2024-12-15'),
(350,350,'user350','hash350','2024-12-16');



CREATE TABLE BillPayments 
   (PaymentID INT PRIMARY KEY,
    CustomerID INT,
    BillerName VARCHAR(100),
    Amount DECIMAL(15,2),
    Date DATETIME,
    Status VARCHAR(20),
    FOREIGN KEY (CustomerID) REFERENCES Customers(CustomerID));

ALTER TABLE BillPayments
DROP CONSTRAINT FK__BillPayme__Custo__75AD65ED;

INSERT INTO BillPayments VALUES
(1,1,'Uzbekenergo',120.50,'2024-01-05','Completed'),
(2,2,'Uzbektelecom',75.00,'2024-01-06','Completed'),
(3,3,'Toshkent Suv Ta’minoti',50.25,'2024-01-07','Completed'),
(4,4,'UzMobile',30.00,'2024-01-08','Completed'),
(5,5,'Beeline',25.50,'2024-01-09','Completed'),

(6,6,'Uzbekenergo',150.75,'2024-01-10','Pending'),
(7,7,'Uzbektelecom',80.00,'2024-01-11','Completed'),
(8,8,'Toshkent Suv Ta’minoti',45.00,'2024-01-12','Completed'),
(9,9,'UzMobile',60.00,'2024-01-13','Pending'),
(10,10,'Beeline',35.50,'2024-01-14','Completed'),

(11,11,'Uzbekenergo',200.00,'2024-01-15','Completed'),
(12,12,'Uzbektelecom',95.50,'2024-01-16','Completed'),
(13,13,'Toshkent Suv Ta’minoti',55.25,'2024-01-17','Completed'),
(14,14,'UzMobile',40.00,'2024-01-18','Pending'),
(15,15,'Beeline',50.50,'2024-01-19','Completed'),

(16,16,'Uzbekenergo',180.00,'2024-01-20','Completed'),
(17,17,'Uzbektelecom',60.00,'2024-01-21','Completed'),
(18,18,'Toshkent Suv Ta’minoti',70.25,'2024-01-22','Completed'),
(19,19,'UzMobile',55.00,'2024-01-23','Pending'),
(20,20,'Beeline',45.50,'2024-01-24','Completed'),

(21,21,'Uzbekenergo',110.00,'2024-01-25','Completed'),
(22,22,'Uzbektelecom',85.00,'2024-01-26','Completed'),
(23,23,'Toshkent Suv Ta’minoti',60.25,'2024-01-27','Completed'),
(24,24,'UzMobile',35.00,'2024-01-28','Pending'),
(25,25,'Beeline',40.50,'2024-01-29','Completed'),

(26,26,'Uzbekenergo',95.00,'2024-01-30','Completed'),
(27,27,'Uzbektelecom',70.50,'2024-01-31','Completed'),
(28,28,'Toshkent Suv Ta’minoti',80.25,'2024-02-01','Completed'),
(29,29,'UzMobile',65.00,'2024-02-02','Pending'),
(30,30,'Beeline',55.50,'2024-02-03','Completed'),

(31,31,'Uzbekenergo',130.00,'2024-02-04','Completed'),
(32,32,'Uzbektelecom',75.25,'2024-02-05','Completed'),
(33,33,'Toshkent Suv Ta’minoti',50.00,'2024-02-06','Completed'),
(34,34,'UzMobile',45.00,'2024-02-07','Pending'),
(35,35,'Beeline',30.50,'2024-02-08','Completed'),

(36,36,'Uzbekenergo',160.00,'2024-02-09','Completed'),
(37,37,'Uzbektelecom',85.50,'2024-02-10','Completed'),
(38,38,'Toshkent Suv Ta’minoti',65.25,'2024-02-11','Completed'),
(39,39,'UzMobile',50.00,'2024-02-12','Pending'),
(40,40,'Beeline',45.50,'2024-02-13','Completed'),

(41,41,'Uzbekenergo',120.00,'2024-02-14','Completed'),
(42,42,'Uzbektelecom',90.00,'2024-02-15','Completed'),
(43,43,'Toshkent Suv Ta’minoti',55.25,'2024-02-16','Completed'),
(44,44,'UzMobile',40.00,'2024-02-17','Pending'),
(45,45,'Beeline',35.50,'2024-02-18','Completed'),

(46,46,'Uzbekenergo',140.00,'2024-02-19','Completed'),
(47,47,'Uzbektelecom',65.00,'2024-02-20','Completed'),
(48,48,'Toshkent Suv Ta’minoti',75.25,'2024-02-21','Completed'),
(49,49,'UzMobile',55.00,'2024-02-22','Pending'),
(50,50,'Beeline',50.50,'2024-02-23','Completed'),


(51,51,'Uzbekenergo',125.50,'2024-02-24','Completed'),
(52,52,'Uzbektelecom',80.00,'2024-02-25','Completed'),
(53,53,'Toshkent Suv Ta’minoti',60.25,'2024-02-26','Completed'),
(54,54,'UzMobile',45.00,'2024-02-27','Pending'),
(55,55,'Beeline',35.50,'2024-02-28','Completed'),

(56,56,'Uzbekenergo',140.00,'2024-03-01','Completed'),
(57,57,'Uzbektelecom',85.50,'2024-03-02','Completed'),
(58,58,'Toshkent Suv Ta’minoti',70.25,'2024-03-03','Completed'),
(59,59,'UzMobile',50.00,'2024-03-04','Pending'),
(60,60,'Beeline',45.50,'2024-03-05','Completed'),

(61,61,'Uzbekenergo',130.00,'2024-03-06','Completed'),
(62,62,'Uzbektelecom',75.25,'2024-03-07','Completed'),
(63,63,'Toshkent Suv Ta’minoti',55.00,'2024-03-08','Completed'),
(64,64,'UzMobile',40.00,'2024-03-09','Pending'),
(65,65,'Beeline',30.50,'2024-03-10','Completed'),

(66,66,'Uzbekenergo',160.00,'2024-03-11','Completed'),
(67,67,'Uzbektelecom',90.50,'2024-03-12','Completed'),
(68,68,'Toshkent Suv Ta’minoti',65.25,'2024-03-13','Completed'),
(69,69,'UzMobile',55.00,'2024-03-14','Pending'),
(70,70,'Beeline',50.50,'2024-03-15','Completed'),

(71,71,'Uzbekenergo',120.00,'2024-03-16','Completed'),
(72,72,'Uzbektelecom',85.00,'2024-03-17','Completed'),
(73,73,'Toshkent Suv Ta’minoti',60.25,'2024-03-18','Completed'),
(74,74,'UzMobile',45.00,'2024-03-19','Pending'),
(75,75,'Beeline',40.50,'2024-03-20','Completed'),

(76,76,'Uzbekenergo',150.00,'2024-03-21','Completed'),
(77,77,'Uzbektelecom',95.50,'2024-03-22','Completed'),
(78,78,'Toshkent Suv Ta’minoti',70.25,'2024-03-23','Completed'),
(79,79,'UzMobile',55.00,'2024-03-24','Pending'),
(80,80,'Beeline',45.50,'2024-03-25','Completed'),

(81,81,'Uzbekenergo',135.00,'2024-03-26','Completed'),
(82,82,'Uzbektelecom',80.00,'2024-03-27','Completed'),
(83,83,'Toshkent Suv Ta’minoti',65.25,'2024-03-28','Completed'),
(84,84,'UzMobile',50.00,'2024-03-29','Pending'),
(85,85,'Beeline',40.50,'2024-03-30','Completed'),

(86,86,'Uzbekenergo',140.00,'2024-03-31','Completed'),
(87,87,'Uzbektelecom',85.50,'2024-04-01','Completed'),
(88,88,'Toshkent Suv Ta’minoti',70.25,'2024-04-02','Completed'),
(89,89,'UzMobile',55.00,'2024-04-03','Pending'),
(90,90,'Beeline',50.50,'2024-04-04','Completed'),

(91,91,'Uzbekenergo',125.00,'2024-04-05','Completed'),
(92,92,'Uzbektelecom',75.00,'2024-04-06','Completed'),
(93,93,'Toshkent Suv Ta’minoti',60.25,'2024-04-07','Completed'),
(94,94,'UzMobile',45.00,'2024-04-08','Pending'),
(95,95,'Beeline',35.50,'2024-04-09','Completed'),

(96,96,'Uzbekenergo',150.00,'2024-04-10','Completed'),
(97,97,'Uzbektelecom',90.50,'2024-04-11','Completed'),
(98,98,'Toshkent Suv Ta’minoti',70.25,'2024-04-12','Completed'),
(99,99,'UzMobile',55.00,'2024-04-13','Pending'),
(100,100,'Beeline',50.50,'2024-04-14','Completed'),

(101,101,'Uzbekenergo',140.00,'2024-04-15','Completed'),
(102,102,'Uzbektelecom',85.50,'2024-04-16','Completed'),
(103,103,'Toshkent Suv Ta’minoti',65.25,'2024-04-17','Completed'),
(104,104,'UzMobile',50.00,'2024-04-18','Pending'),
(105,105,'Beeline',45.50,'2024-04-19','Completed'),

(106,106,'Uzbekenergo',130.00,'2024-04-20','Completed'),
(107,107,'Uzbektelecom',80.00,'2024-04-21','Completed'),
(108,108,'Toshkent Suv Ta’minoti',60.25,'2024-04-22','Completed'),
(109,109,'UzMobile',45.00,'2024-04-23','Pending'),
(110,110,'Beeline',40.50,'2024-04-24','Completed'),

(111,111,'Uzbekenergo',150.00,'2024-04-25','Completed'),
(112,112,'Uzbektelecom',90.50,'2024-04-26','Completed'),
(113,113,'Toshkent Suv Ta’minoti',70.25,'2024-04-27','Completed'),
(114,114,'UzMobile',55.00,'2024-04-28','Pending'),
(115,115,'Beeline',50.50,'2024-04-29','Completed'),

(116,116,'Uzbekenergo',125.00,'2024-04-30','Completed'),
(117,117,'Uzbektelecom',75.00,'2024-05-01','Completed'),
(118,118,'Toshkent Suv Ta’minoti',60.25,'2024-05-02','Completed'),
(119,119,'UzMobile',45.00,'2024-05-03','Pending'),
(120,120,'Beeline',35.50,'2024-05-04','Completed'),

(121,121,'Uzbekenergo',140.00,'2024-05-05','Completed'),
(122,122,'Uzbektelecom',85.50,'2024-05-06','Completed'),
(123,123,'Toshkent Suv Ta’minoti',70.25,'2024-05-07','Completed'),
(124,124,'UzMobile',55.00,'2024-05-08','Pending'),
(125,125,'Beeline',50.50,'2024-05-09','Completed'),

(126,126,'Uzbekenergo',130.00,'2024-05-10','Completed'),
(127,127,'Uzbektelecom',80.00,'2024-05-11','Completed'),
(128,128,'Toshkent Suv Ta’minoti',60.25,'2024-05-12','Completed'),
(129,129,'UzMobile',45.00,'2024-05-13','Pending'),
(130,130,'Beeline',40.50,'2024-05-14','Completed'),

(131,131,'Uzbekenergo',150.00,'2024-05-15','Completed'),
(132,132,'Uzbektelecom',90.50,'2024-05-16','Completed'),
(133,133,'Toshkent Suv Ta’minoti',70.25,'2024-05-17','Completed'),
(134,134,'UzMobile',55.00,'2024-05-18','Pending'),
(135,135,'Beeline',50.50,'2024-05-19','Completed'),

(136,136,'Uzbekenergo',125.00,'2024-05-20','Completed'),
(137,137,'Uzbektelecom',75.00,'2024-05-21','Completed'),
(138,138,'Toshkent Suv Ta’minoti',60.25,'2024-05-22','Completed'),
(139,139,'UzMobile',45.00,'2024-05-23','Pending'),
(140,140,'Beeline',35.50,'2024-05-24','Completed'),

(141,141,'Uzbekenergo',140.00,'2024-05-25','Completed'),
(142,142,'Uzbektelecom',85.50,'2024-05-26','Completed'),
(143,143,'Toshkent Suv Ta’minoti',70.25,'2024-05-27','Completed'),
(144,144,'UzMobile',55.00,'2024-05-28','Pending'),
(145,145,'Beeline',50.50,'2024-05-29','Completed'),

(146,146,'Uzbekenergo',130.00,'2024-05-30','Completed'),
(147,147,'Uzbektelecom',80.00,'2024-05-31','Completed'),
(148,148,'Toshkent Suv Ta’minoti',60.25,'2024-06-01','Completed'),
(149,149,'UzMobile',45.00,'2024-06-02','Pending'),
(150,150,'Beeline',40.50,'2024-06-03','Completed'),

(151,151,'Uzbekenergo',155.50,'2024-06-04','Completed'),
(152,152,'Uzbektelecom',90.00,'2024-06-05','Completed'),
(153,153,'Toshkent Suv Ta’minoti',65.25,'2024-06-06','Completed'),
(154,154,'UzMobile',50.00,'2024-06-07','Pending'),
(155,155,'Beeline',45.50,'2024-06-08','Completed'),

(156,156,'Uzbekenergo',160.00,'2024-06-09','Completed'),
(157,157,'Uzbektelecom',95.50,'2024-06-10','Completed'),
(158,158,'Toshkent Suv Ta’minoti',70.25,'2024-06-11','Completed'),
(159,159,'UzMobile',55.00,'2024-06-12','Pending'),
(160,160,'Beeline',50.50,'2024-06-13','Completed'),

(161,161,'Uzbekenergo',150.00,'2024-06-14','Completed'),
(162,162,'Uzbektelecom',85.50,'2024-06-15','Completed'),
(163,163,'Toshkent Suv Ta’minoti',65.25,'2024-06-16','Completed'),
(164,164,'UzMobile',50.00,'2024-06-17','Pending'),
(165,165,'Beeline',45.50,'2024-06-18','Completed'),

(166,166,'Uzbekenergo',140.00,'2024-06-19','Completed'),
(167,167,'Uzbektelecom',80.00,'2024-06-20','Completed'),
(168,168,'Toshkent Suv Ta’minoti',60.25,'2024-06-21','Completed'),
(169,169,'UzMobile',45.00,'2024-06-22','Pending'),
(170,170,'Beeline',40.50,'2024-06-23','Completed'),

(171,171,'Uzbekenergo',155.00,'2024-06-24','Completed'),
(172,172,'Uzbektelecom',90.50,'2024-06-25','Completed'),
(173,173,'Toshkent Suv Ta’minoti',70.25,'2024-06-26','Completed'),
(174,174,'UzMobile',55.00,'2024-06-27','Pending'),
(175,175,'Beeline',50.50,'2024-06-28','Completed'),

(176,176,'Uzbekenergo',160.00,'2024-06-29','Completed'),
(177,177,'Uzbektelecom',95.50,'2024-06-30','Completed'),
(178,178,'Toshkent Suv Ta’minoti',75.25,'2024-07-01','Completed'),
(179,179,'UzMobile',60.00,'2024-07-02','Pending'),
(180,180,'Beeline',55.50,'2024-07-03','Completed'),

(181,181,'Uzbekenergo',150.00,'2024-07-04','Completed'),
(182,182,'Uzbektelecom',85.50,'2024-07-05','Completed'),
(183,183,'Toshkent Suv Ta’minoti',65.25,'2024-07-06','Completed'),
(184,184,'UzMobile',50.00,'2024-07-07','Pending'),
(185,185,'Beeline',45.50,'2024-07-08','Completed'),

(186,186,'Uzbekenergo',140.00,'2024-07-09','Completed'),
(187,187,'Uzbektelecom',80.00,'2024-07-10','Completed'),
(188,188,'Toshkent Suv Ta’minoti',60.25,'2024-07-11','Completed'),
(189,189,'UzMobile',45.00,'2024-07-12','Pending'),
(190,190,'Beeline',40.50,'2024-07-13','Completed'),

(191,191,'Uzbekenergo',155.00,'2024-07-14','Completed'),
(192,192,'Uzbektelecom',90.50,'2024-07-15','Completed'),
(193,193,'Toshkent Suv Ta’minoti',70.25,'2024-07-16','Completed'),
(194,194,'UzMobile',55.00,'2024-07-17','Pending'),
(195,195,'Beeline',50.50,'2024-07-18','Completed'),

(196,196,'Uzbekenergo',160.00,'2024-07-19','Completed'),
(197,197,'Uzbektelecom',95.50,'2024-07-20','Completed'),
(198,198,'Toshkent Suv Ta’minoti',75.25,'2024-07-21','Completed'),
(199,199,'UzMobile',60.00,'2024-07-22','Pending'),
(200,200,'Beeline',55.50,'2024-07-23','Completed'),

(201,201,'Uzbekenergo',150.00,'2024-07-24','Completed'),
(202,202,'Uzbektelecom',85.50,'2024-07-25','Completed'),
(203,203,'Toshkent Suv Ta’minoti',65.25,'2024-07-26','Completed'),
(204,204,'UzMobile',50.00,'2024-07-27','Pending'),
(205,205,'Beeline',45.50,'2024-07-28','Completed'),

(206,206,'Uzbekenergo',140.00,'2024-07-29','Completed'),
(207,207,'Uzbektelecom',80.00,'2024-07-30','Completed'),
(208,208,'Toshkent Suv Ta’minoti',60.25,'2024-07-31','Completed'),
(209,209,'UzMobile',45.00,'2024-08-01','Pending'),
(210,210,'Beeline',40.50,'2024-08-02','Completed'),

(211,211,'Uzbekenergo',155.00,'2024-08-03','Completed'),
(212,212,'Uzbektelecom',90.50,'2024-08-04','Completed'),
(213,213,'Toshkent Suv Ta’minoti',70.25,'2024-08-05','Completed'),
(214,214,'UzMobile',55.00,'2024-08-06','Pending'),
(215,215,'Beeline',50.50,'2024-08-07','Completed'),

(216,216,'Uzbekenergo',160.00,'2024-08-08','Completed'),
(217,217,'Uzbektelecom',95.50,'2024-08-09','Completed'),
(218,218,'Toshkent Suv Ta’minoti',75.25,'2024-08-10','Completed'),
(219,219,'UzMobile',60.00,'2024-08-11','Pending'),
(220,220,'Beeline',55.50,'2024-08-12','Completed'),

(221,221,'Uzbekenergo',150.00,'2024-08-13','Completed'),
(222,222,'Uzbektelecom',85.50,'2024-08-14','Completed'),
(223,223,'Toshkent Suv Ta’minoti',65.25,'2024-08-15','Completed'),
(224,224,'UzMobile',50.00,'2024-08-16','Pending'),
(225,225,'Beeline',45.50,'2024-08-17','Completed'),

(226,226,'Uzbekenergo',140.00,'2024-08-18','Completed'),
(227,227,'Uzbektelecom',80.00,'2024-08-19','Completed'),
(228,228,'Toshkent Suv Ta’minoti',60.25,'2024-08-20','Completed'),
(229,229,'UzMobile',45.00,'2024-08-21','Pending'),
(230,230,'Beeline',40.50,'2024-08-22','Completed'),

(231,231,'Uzbekenergo',155.00,'2024-08-23','Completed'),
(232,232,'Uzbektelecom',90.50,'2024-08-24','Completed'),
(233,233,'Toshkent Suv Ta’minoti',70.25,'2024-08-25','Completed'),
(234,234,'UzMobile',55.00,'2024-08-26','Pending'),
(235,235,'Beeline',50.50,'2024-08-27','Completed'),

(236,236,'Uzbekenergo',160.00,'2024-08-28','Completed'),
(237,237,'Uzbektelecom',95.50,'2024-08-29','Completed'),
(238,238,'Toshkent Suv Ta’minoti',75.25,'2024-08-30','Completed'),
(239,239,'UzMobile',60.00,'2024-08-31','Pending'),
(240,240,'Beeline',55.50,'2024-09-01','Completed'),

(241,241,'Uzbekenergo',150.00,'2024-09-02','Completed'),
(242,242,'Uzbektelecom',85.50,'2024-09-03','Completed'),
(243,243,'Toshkent Suv Ta’minoti',65.25,'2024-09-04','Completed'),
(244,244,'UzMobile',50.00,'2024-09-05','Pending'),
(245,245,'Beeline',45.50,'2024-09-06','Completed'),

(246,246,'Uzbekenergo',140.00,'2024-09-07','Completed'),
(247,247,'Uzbektelecom',80.00,'2024-09-08','Completed'),
(248,248,'Toshkent Suv Ta’minoti',60.25,'2024-09-09','Completed'),
(249,249,'UzMobile',45.00,'2024-09-10','Pending'),
(250,250,'Beeline',40.50,'2024-09-11','Completed'),

(251,251,'Uzbekenergo',155.00,'2024-09-12','Completed'),
(252,252,'Uzbektelecom',90.50,'2024-09-13','Completed'),
(253,253,'Toshkent Suv Ta’minoti',70.25,'2024-09-14','Completed'),
(254,254,'UzMobile',55.00,'2024-09-15','Pending'),
(255,255,'Beeline',50.50,'2024-09-16','Completed'),

(256,256,'Uzbekenergo',160.00,'2024-09-17','Completed'),
(257,257,'Uzbektelecom',95.50,'2024-09-18','Completed'),
(258,258,'Toshkent Suv Ta’minoti',75.25,'2024-09-19','Completed'),
(259,259,'UzMobile',60.00,'2024-09-20','Pending'),
(260,260,'Beeline',55.50,'2024-09-21','Completed'),

(261,261,'Uzbekenergo',150.00,'2024-09-22','Completed'),
(262,262,'Uzbektelecom',85.50,'2024-09-23','Completed'),
(263,263,'Toshkent Suv Ta’minoti',65.25,'2024-09-24','Completed'),
(264,264,'UzMobile',50.00,'2024-09-25','Pending'),
(265,265,'Beeline',45.50,'2024-09-26','Completed'),

(266,266,'Uzbekenergo',140.00,'2024-09-27','Completed'),
(267,267,'Uzbektelecom',80.00,'2024-09-28','Completed'),
(268,268,'Toshkent Suv Ta’minoti',60.25,'2024-09-29','Completed'),
(269,269,'UzMobile',45.00,'2024-09-30','Pending'),
(270,270,'Beeline',40.50,'2024-10-01','Completed'),

(271,271,'Uzbekenergo',155.00,'2024-10-02','Completed'),
(272,272,'Uzbektelecom',90.50,'2024-10-03','Completed'),
(273,273,'Toshkent Suv Ta’minoti',70.25,'2024-10-04','Completed'),
(274,274,'UzMobile',55.00,'2024-10-05','Pending'),
(275,275,'Beeline',50.50,'2024-10-06','Completed'),

(276,276,'Uzbekenergo',160.00,'2024-10-07','Completed'),
(277,277,'Uzbektelecom',95.50,'2024-10-08','Completed'),
(278,278,'Toshkent Suv Ta’minoti',75.25,'2024-10-09','Completed'),
(279,279,'UzMobile',60.00,'2024-10-10','Pending'),
(280,280,'Beeline',55.50,'2024-10-11','Completed'),

(281,281,'Uzbekenergo',150.00,'2024-10-12','Completed'),
(282,282,'Uzbektelecom',85.50,'2024-10-13','Completed'),
(283,283,'Toshkent Suv Ta’minoti',65.25,'2024-10-14','Completed'),
(284,284,'UzMobile',50.00,'2024-10-15','Pending'),
(285,285,'Beeline',45.50,'2024-10-16','Completed'),

(286,286,'Uzbekenergo',140.00,'2024-10-17','Completed'),
(287,287,'Uzbektelecom',80.00,'2024-10-18','Completed'),
(288,288,'Toshkent Suv Ta’minoti',60.25,'2024-10-19','Completed'),
(289,289,'UzMobile',45.00,'2024-10-20','Pending'),
(290,290,'Beeline',40.50,'2024-10-21','Completed'),

(291,291,'Uzbekenergo',155.00,'2024-10-22','Completed'),
(292,292,'Uzbektelecom',90.50,'2024-10-23','Completed'),
(293,293,'Toshkent Suv Ta’minoti',70.25,'2024-10-24','Completed'),
(294,294,'UzMobile',55.00,'2024-10-25','Pending'),
(295,295,'Beeline',50.50,'2024-10-26','Completed'),

(296,296,'Uzbekenergo',160.00,'2024-10-27','Completed'),
(297,297,'Uzbektelecom',95.50,'2024-10-28','Completed'),
(298,298,'Toshkent Suv Ta’minoti',75.25,'2024-10-29','Completed'),
(299,299,'UzMobile',60.00,'2024-10-30','Pending'),
(300,300,'Beeline',55.50,'2024-10-31','Completed'),

(301,301,'Uzbekenergo',150.00,'2024-11-01','Completed'),
(302,302,'Uzbektelecom',85.50,'2024-11-02','Completed'),
(303,303,'Toshkent Suv Ta’minoti',65.25,'2024-11-03','Completed'),
(304,304,'UzMobile',50.00,'2024-11-04','Pending'),
(305,305,'Beeline',45.50,'2024-11-05','Completed'),

(306,306,'Uzbekenergo',140.00,'2024-11-06','Completed'),
(307,307,'Uzbektelecom',80.00,'2024-11-07','Completed'),
(308,308,'Toshkent Suv Ta’minoti',60.25,'2024-11-08','Completed'),
(309,309,'UzMobile',45.00,'2024-11-09','Pending'),
(310,310,'Beeline',40.50,'2024-11-10','Completed'),

(311,311,'Uzbekenergo',155.00,'2024-11-11','Completed'),
(312,312,'Uzbektelecom',90.50,'2024-11-12','Completed'),
(313,313,'Toshkent Suv Ta’minoti',70.25,'2024-11-13','Completed'),
(314,314,'UzMobile',55.00,'2024-11-14','Pending'),
(315,315,'Beeline',50.50,'2024-11-15','Completed'),

(316,316,'Uzbekenergo',160.00,'2024-11-16','Completed'),
(317,317,'Uzbektelecom',95.50,'2024-11-17','Completed'),
(318,318,'Toshkent Suv Ta’minoti',75.25,'2024-11-18','Completed'),
(319,319,'UzMobile',60.00,'2024-11-19','Pending'),
(320,320,'Beeline',55.50,'2024-11-20','Completed'),

(321,321,'Uzbekenergo',150.00,'2024-11-21','Completed'),
(322,322,'Uzbektelecom',85.50,'2024-11-22','Completed'),
(323,323,'Toshkent Suv Ta’minoti',65.25,'2024-11-23','Completed'),
(324,324,'UzMobile',50.00,'2024-11-24','Pending'),
(325,325,'Beeline',45.50,'2024-11-25','Completed'),

(326,326,'Uzbekenergo',140.00,'2024-11-26','Completed'),
(327,327,'Uzbektelecom',80.00,'2024-11-27','Completed'),
(328,328,'Toshkent Suv Ta’minoti',60.25,'2024-11-28','Completed'),
(329,329,'UzMobile',45.00,'2024-11-29','Pending'),
(330,330,'Beeline',40.50,'2024-11-30','Completed'),

(331,331,'Uzbekenergo',155.00,'2024-12-01','Completed'),
(332,332,'Uzbektelecom',90.50,'2024-12-02','Completed'),
(333,333,'Toshkent Suv Ta’minoti',70.25,'2024-12-03','Completed'),
(334,334,'UzMobile',55.00,'2024-12-04','Pending'),
(335,335,'Beeline',50.50,'2024-12-05','Completed'),

(336,336,'Uzbekenergo',160.00,'2024-12-06','Completed'),
(337,337,'Uzbektelecom',95.50,'2024-12-07','Completed'),
(338,338,'Toshkent Suv Ta’minoti',75.25,'2024-12-08','Completed'),
(339,339,'UzMobile',60.00,'2024-12-09','Pending'),
(340,340,'Beeline',55.50,'2024-12-10','Completed'),

(341,341,'Uzbekenergo',150.00,'2024-12-11','Completed'),
(342,342,'Uzbektelecom',85.50,'2024-12-12','Completed'),
(343,343,'Toshkent Suv Ta’minoti',65.25,'2024-12-13','Completed'),
(344,344,'UzMobile',50.00,'2024-12-14','Pending'),
(345,345,'Beeline',45.50,'2024-12-15','Completed'),

(346,346,'Uzbekenergo',140.00,'2024-12-16','Completed'),
(347,347,'Uzbektelecom',80.00,'2024-12-17','Completed'),
(348,348,'Toshkent Suv Ta’minoti',60.25,'2024-12-18','Completed'),
(349,349,'UzMobile',45.00,'2024-12-19','Pending'),
(350,350,'Beeline',40.50,'2024-12-20','Completed');


drop table if exists MobileBankingTransactions 

CREATE TABLE MobileBankingTransactions 
   (TransactionID INT PRIMARY KEY,
    CustomerID INT,
    DeviceID VARCHAR(50),
    AppVersion VARCHAR(20),
    TransactionType VARCHAR(20),
    Amount DECIMAL(15,2),
    Date DATETIME,
    FOREIGN KEY (CustomerID) REFERENCES Customers(CustomerID));

	ALTER TABLE MobileBankingTransactions
DROP CONSTRAINT FK__MobileBan__Custo__7889D298;       ---customerid ga bittalab customer 1 customer 2 db yozb chqsh orniga foreign ketydni ochrdm

INSERT INTO MobileBankingTransactions VALUES
(1,1,'DeviceA','v1.0','Deposit',500.00,'2024-01-01 10:05:00'),
(2,2,'DeviceB','v1.1','Withdrawal',200.00,'2024-01-01 11:15:00'),
(3,3,'DeviceC','v1.0','Transfer',1000.00,'2024-01-01 12:20:00'),
(4,4,'DeviceD','v1.2','Payment',150.00,'2024-01-01 13:30:00'),
(5,5,'DeviceE','v1.0','Deposit',250.00,'2024-01-01 14:45:00'),

(6,6,'DeviceA','v1.0','Withdrawal',300.00,'2024-01-02 09:10:00'),
(7,7,'DeviceB','v1.1','Transfer',400.00,'2024-01-02 10:25:00'),
(8,8,'DeviceC','v1.0','Payment',120.00,'2024-01-02 11:35:00'),
(9,9,'DeviceD','v1.2','Deposit',600.00,'2024-01-02 12:40:00'),
(10,10,'DeviceE','v1.0','Withdrawal',350.00,'2024-01-02 13:50:00'),

(11,11,'DeviceA','v1.0','Transfer',800.00,'2024-01-03 08:05:00'),
(12,12,'DeviceB','v1.1','Payment',220.00,'2024-01-03 09:15:00'),
(13,13,'DeviceC','v1.0','Deposit',400.00,'2024-01-03 10:25:00'),
(14,14,'DeviceD','v1.2','Withdrawal',150.00,'2024-01-03 11:30:00'),
(15,15,'DeviceE','v1.0','Transfer',700.00,'2024-01-03 12:40:00'),

(16,16,'DeviceA','v1.0','Payment',180.00,'2024-01-04 09:10:00'),
(17,17,'DeviceB','v1.1','Deposit',500.00,'2024-01-04 10:20:00'),
(18,18,'DeviceC','v1.0','Withdrawal',300.00,'2024-01-04 11:30:00'),
(19,19,'DeviceD','v1.2','Transfer',600.00,'2024-01-04 12:40:00'),
(20,20,'DeviceE','v1.0','Payment',200.00,'2024-01-04 13:50:00'),

(21,21,'DeviceA','v1.0','Deposit',450.00,'2024-01-05 08:05:00'),
(22,22,'DeviceB','v1.1','Withdrawal',250.00,'2024-01-05 09:15:00'),
(23,23,'DeviceC','v1.0','Transfer',900.00,'2024-01-05 10:25:00'),
(24,24,'DeviceD','v1.2','Payment',160.00,'2024-01-05 11:35:00'),
(25,25,'DeviceE','v1.0','Deposit',300.00,'2024-01-05 12:45:00'),

(26,26,'DeviceA','v1.0','Withdrawal',350.00,'2024-01-06 09:05:00'),
(27,27,'DeviceB','v1.1','Transfer',500.00,'2024-01-06 10:15:00'),
(28,28,'DeviceC','v1.0','Payment',180.00,'2024-01-06 11:25:00'),
(29,29,'DeviceD','v1.2','Deposit',700.00,'2024-01-06 12:35:00'),
(30,30,'DeviceE','v1.0','Withdrawal',400.00,'2024-01-06 13:45:00'),

(31,31,'DeviceA','v1.0','Transfer',1000.00,'2024-01-07 08:05:00'),
(32,32,'DeviceB','v1.1','Payment',220.00,'2024-01-07 09:15:00'),
(33,33,'DeviceC','v1.0','Deposit',500.00,'2024-01-07 10:25:00'),
(34,34,'DeviceD','v1.2','Withdrawal',250.00,'2024-01-07 11:35:00'),
(35,35,'DeviceE','v1.0','Transfer',800.00,'2024-01-07 12:45:00'),

(36,36,'DeviceA','v1.0','Payment',200.00,'2024-01-08 09:05:00'),
(37,37,'DeviceB','v1.1','Deposit',600.00,'2024-01-08 10:15:00'),
(38,38,'DeviceC','v1.0','Withdrawal',300.00,'2024-01-08 11:25:00'),
(39,39,'DeviceD','v1.2','Transfer',700.00,'2024-01-08 12:35:00'),
(40,40,'DeviceE','v1.0','Payment',250.00,'2024-01-08 13:45:00'),

(41,41,'DeviceA','v1.0','Deposit',550.00,'2024-01-09 08:05:00'),
(42,42,'DeviceB','v1.1','Withdrawal',300.00,'2024-01-09 09:15:00'),
(43,43,'DeviceC','v1.0','Transfer',900.00,'2024-01-09 10:25:00'),
(44,44,'DeviceD','v1.2','Payment',180.00,'2024-01-09 11:35:00'),
(45,45,'DeviceE','v1.0','Deposit',400.00,'2024-01-09 12:45:00'),

(46,46,'DeviceA','v1.0','Withdrawal',350.00,'2024-01-10 09:05:00'),
(47,47,'DeviceB','v1.1','Transfer',600.00,'2024-01-10 10:15:00'),
(48,48,'DeviceC','v1.0','Payment',220.00,'2024-01-10 11:25:00'),
(49,49,'DeviceD','v1.2','Deposit',750.00,'2024-01-10 12:35:00'),
(50,50,'DeviceE','v1.0','Withdrawal',400.00,'2024-01-10 13:45:00'),

(51,51,'DeviceA','v1.0','Deposit',500.00,'2024-01-11 09:00:00'),
(52,52,'DeviceB','v1.1','Withdrawal',250.00,'2024-01-11 09:30:00'),
(53,53,'DeviceC','v1.0','Transfer',800.00,'2024-01-11 10:00:00'),
(54,54,'DeviceD','v1.2','Payment',150.00,'2024-01-11 10:30:00'),
(55,55,'DeviceE','v1.0','Deposit',300.00,'2024-01-11 11:00:00'),

(56,56,'DeviceA','v1.0','Withdrawal',400.00,'2024-01-12 09:15:00'),
(57,57,'DeviceB','v1.1','Transfer',600.00,'2024-01-12 09:45:00'),
(58,58,'DeviceC','v1.0','Payment',200.00,'2024-01-12 10:15:00'),
(59,59,'DeviceD','v1.2','Deposit',550.00,'2024-01-12 10:45:00'),
(60,60,'DeviceE','v1.0','Withdrawal',350.00,'2024-01-12 11:15:00'),

(61,61,'DeviceA','v1.0','Transfer',750.00,'2024-01-13 08:30:00'),
(62,62,'DeviceB','v1.1','Payment',180.00,'2024-01-13 09:00:00'),
(63,63,'DeviceC','v1.0','Deposit',400.00,'2024-01-13 09:30:00'),
(64,64,'DeviceD','v1.2','Withdrawal',250.00,'2024-01-13 10:00:00'),
(65,65,'DeviceE','v1.0','Transfer',600.00,'2024-01-13 10:30:00'),

(66,66,'DeviceA','v1.0','Payment',220.00,'2024-01-14 09:00:00'),
(67,67,'DeviceB','v1.1','Deposit',500.00,'2024-01-14 09:30:00'),
(68,68,'DeviceC','v1.0','Withdrawal',350.00,'2024-01-14 10:00:00'),
(69,69,'DeviceD','v1.2','Transfer',700.00,'2024-01-14 10:30:00'),
(70,70,'DeviceE','v1.0','Payment',200.00,'2024-01-14 11:00:00'),

(71,71,'DeviceA','v1.0','Deposit',450.00,'2024-01-15 08:30:00'),
(72,72,'DeviceB','v1.1','Withdrawal',300.00,'2024-01-15 09:00:00'),
(73,73,'DeviceC','v1.0','Transfer',900.00,'2024-01-15 09:30:00'),
(74,74,'DeviceD','v1.2','Payment',160.00,'2024-01-15 10:00:00'),
(75,75,'DeviceE','v1.0','Deposit',350.00,'2024-01-15 10:30:00'),

(76,76,'DeviceA','v1.0','Withdrawal',400.00,'2024-01-16 09:00:00'),
(77,77,'DeviceB','v1.1','Transfer',650.00,'2024-01-16 09:30:00'),
(78,78,'DeviceC','v1.0','Payment',220.00,'2024-01-16 10:00:00'),
(79,79,'DeviceD','v1.2','Deposit',700.00,'2024-01-16 10:30:00'),
(80,80,'DeviceE','v1.0','Withdrawal',350.00,'2024-01-16 11:00:00'),

(81,81,'DeviceA','v1.0','Transfer',800.00,'2024-01-17 08:30:00'),
(82,82,'DeviceB','v1.1','Payment',200.00,'2024-01-17 09:00:00'),
(83,83,'DeviceC','v1.0','Deposit',500.00,'2024-01-17 09:30:00'),
(84,84,'DeviceD','v1.2','Withdrawal',300.00,'2024-01-17 10:00:00'),
(85,85,'DeviceE','v1.0','Transfer',750.00,'2024-01-17 10:30:00'),

(86,86,'DeviceA','v1.0','Payment',250.00,'2024-01-18 09:00:00'),
(87,87,'DeviceB','v1.1','Deposit',600.00,'2024-01-18 09:30:00'),
(88,88,'DeviceC','v1.0','Withdrawal',350.00,'2024-01-18 10:00:00'),
(89,89,'DeviceD','v1.2','Transfer',700.00,'2024-01-18 10:30:00'),
(90,90,'DeviceE','v1.0','Payment',220.00,'2024-01-18 11:00:00'),

(91,91,'DeviceA','v1.0','Deposit',500.00,'2024-01-19 08:30:00'),
(92,92,'DeviceB','v1.1','Withdrawal',300.00,'2024-01-19 09:00:00'),
(93,93,'DeviceC','v1.0','Transfer',850.00,'2024-01-19 09:30:00'),
(94,94,'DeviceD','v1.2','Payment',180.00,'2024-01-19 10:00:00'),
(95,95,'DeviceE','v1.0','Deposit',400.00,'2024-01-19 10:30:00'),

(96,96,'DeviceA','v1.0','Withdrawal',350.00,'2024-01-20 09:00:00'),
(97,97,'DeviceB','v1.1','Transfer',600.00,'2024-01-20 09:30:00'),
(98,98,'DeviceC','v1.0','Payment',220.00,'2024-01-20 10:00:00'),
(99,99,'DeviceD','v1.2','Deposit',750.00,'2024-01-20 10:30:00'),
(100,100,'DeviceE','v1.0','Withdrawal',400.00,'2024-01-20 11:00:00'),

(101,101,'DeviceA','v1.0','Deposit',500.00,'2024-02-01 09:00:00'),
(102,102,'DeviceB','v1.1','Withdrawal',250.00,'2024-02-01 09:30:00'),
(103,103,'DeviceC','v1.0','Transfer',800.00,'2024-02-01 10:00:00'),
(104,104,'DeviceD','v1.2','Payment',150.00,'2024-02-01 10:30:00'),
(105,105,'DeviceE','v1.0','Deposit',300.00,'2024-02-01 11:00:00'),

(106,106,'DeviceA','v1.0','Withdrawal',400.00,'2024-02-02 09:15:00'),
(107,107,'DeviceB','v1.1','Transfer',600.00,'2024-02-02 09:45:00'),
(108,108,'DeviceC','v1.0','Payment',200.00,'2024-02-02 10:15:00'),
(109,109,'DeviceD','v1.2','Deposit',550.00,'2024-02-02 10:45:00'),
(110,110,'DeviceE','v1.0','Withdrawal',350.00,'2024-02-02 11:15:00'),

(111,111,'DeviceA','v1.0','Transfer',750.00,'2024-02-03 08:30:00'),
(112,112,'DeviceB','v1.1','Payment',180.00,'2024-02-03 09:00:00'),
(113,113,'DeviceC','v1.0','Deposit',400.00,'2024-02-03 09:30:00'),
(114,114,'DeviceD','v1.2','Withdrawal',250.00,'2024-02-03 10:00:00'),
(115,115,'DeviceE','v1.0','Transfer',600.00,'2024-02-03 10:30:00'),

(116,116,'DeviceA','v1.0','Payment',220.00,'2024-02-04 09:00:00'),
(117,117,'DeviceB','v1.1','Deposit',500.00,'2024-02-04 09:30:00'),
(118,118,'DeviceC','v1.0','Withdrawal',350.00,'2024-02-04 10:00:00'),
(119,119,'DeviceD','v1.2','Transfer',700.00,'2024-02-04 10:30:00'),
(120,120,'DeviceE','v1.0','Payment',200.00,'2024-02-04 11:00:00'),

(121,121,'DeviceA','v1.0','Deposit',450.00,'2024-02-05 08:30:00'),
(122,122,'DeviceB','v1.1','Withdrawal',300.00,'2024-02-05 09:00:00'),
(123,123,'DeviceC','v1.0','Transfer',900.00,'2024-02-05 09:30:00'),
(124,124,'DeviceD','v1.2','Payment',160.00,'2024-02-05 10:00:00'),
(125,125,'DeviceE','v1.0','Deposit',350.00,'2024-02-05 10:30:00'),

(126,126,'DeviceA','v1.0','Withdrawal',400.00,'2024-02-06 09:00:00'),
(127,127,'DeviceB','v1.1','Transfer',650.00,'2024-02-06 09:30:00'),
(128,128,'DeviceC','v1.0','Payment',220.00,'2024-02-06 10:00:00'),
(129,129,'DeviceD','v1.2','Deposit',700.00,'2024-02-06 10:30:00'),
(130,130,'DeviceE','v1.0','Withdrawal',350.00,'2024-02-06 11:00:00'),

(131,131,'DeviceA','v1.0','Transfer',800.00,'2024-02-07 08:30:00'),
(132,132,'DeviceB','v1.1','Payment',200.00,'2024-02-07 09:00:00'),
(133,133,'DeviceC','v1.0','Deposit',500.00,'2024-02-07 09:30:00'),
(134,134,'DeviceD','v1.2','Withdrawal',300.00,'2024-02-07 10:00:00'),
(135,135,'DeviceE','v1.0','Transfer',750.00,'2024-02-07 10:30:00'),

(136,136,'DeviceA','v1.0','Payment',250.00,'2024-02-08 09:00:00'),
(137,137,'DeviceB','v1.1','Deposit',600.00,'2024-02-08 09:30:00'),
(138,138,'DeviceC','v1.0','Withdrawal',350.00,'2024-02-08 10:00:00'),
(139,139,'DeviceD','v1.2','Transfer',700.00,'2024-02-08 10:30:00'),
(140,140,'DeviceE','v1.0','Payment',220.00,'2024-02-08 11:00:00'),

(141,141,'DeviceA','v1.0','Deposit',500.00,'2024-02-09 08:30:00'),
(142,142,'DeviceB','v1.1','Withdrawal',300.00,'2024-02-09 09:00:00'),
(143,143,'DeviceC','v1.0','Transfer',850.00,'2024-02-09 09:30:00'),
(144,144,'DeviceD','v1.2','Payment',180.00,'2024-02-09 10:00:00'),
(145,145,'DeviceE','v1.0','Deposit',400.00,'2024-02-09 10:30:00'),

(146,146,'DeviceA','v1.0','Withdrawal',350.00,'2024-02-10 09:00:00'),
(147,147,'DeviceB','v1.1','Transfer',600.00,'2024-02-10 09:30:00'),
(148,148,'DeviceC','v1.0','Payment',220.00,'2024-02-10 10:00:00'),
(149,149,'DeviceD','v1.2','Deposit',750.00,'2024-02-10 10:30:00'),
(150,150,'DeviceE','v1.0','Withdrawal',400.00,'2024-02-10 11:00:00'),


(151,151,'DeviceA','v1.0','Deposit',520.00,'2024-02-11 08:30:00'),
(152,152,'DeviceB','v1.1','Withdrawal',300.00,'2024-02-11 09:00:00'),
(153,153,'DeviceC','v1.0','Transfer',800.00,'2024-02-11 09:30:00'),
(154,154,'DeviceD','v1.2','Payment',200.00,'2024-02-11 10:00:00'),
(155,155,'DeviceE','v1.0','Deposit',350.00,'2024-02-11 10:30:00'),

(156,156,'DeviceA','v1.0','Withdrawal',400.00,'2024-02-12 08:45:00'),
(157,157,'DeviceB','v1.1','Transfer',650.00,'2024-02-12 09:15:00'),
(158,158,'DeviceC','v1.0','Payment',220.00,'2024-02-12 09:45:00'),
(159,159,'DeviceD','v1.2','Deposit',700.00,'2024-02-12 10:15:00'),
(160,160,'DeviceE','v1.0','Withdrawal',370.00,'2024-02-12 10:45:00'),

(161,161,'DeviceA','v1.0','Transfer',820.00,'2024-02-13 08:30:00'),
(162,162,'DeviceB','v1.1','Payment',250.00,'2024-02-13 09:00:00'),
(163,163,'DeviceC','v1.0','Deposit',500.00,'2024-02-13 09:30:00'),
(164,164,'DeviceD','v1.2','Withdrawal',300.00,'2024-02-13 10:00:00'),
(165,165,'DeviceE','v1.0','Transfer',750.00,'2024-02-13 10:30:00'),

(166,166,'DeviceA','v1.0','Payment',220.00,'2024-02-14 08:30:00'),
(167,167,'DeviceB','v1.1','Deposit',600.00,'2024-02-14 09:00:00'),
(168,168,'DeviceC','v1.0','Withdrawal',350.00,'2024-02-14 09:30:00'),
(169,169,'DeviceD','v1.2','Transfer',700.00,'2024-02-14 10:00:00'),
(170,170,'DeviceE','v1.0','Payment',250.00,'2024-02-14 10:30:00'),

(171,171,'DeviceA','v1.0','Deposit',550.00,'2024-02-15 08:30:00'),
(172,172,'DeviceB','v1.1','Withdrawal',300.00,'2024-02-15 09:00:00'),
(173,173,'DeviceC','v1.0','Transfer',900.00,'2024-02-15 09:30:00'),
(174,174,'DeviceD','v1.2','Payment',180.00,'2024-02-15 10:00:00'),
(175,175,'DeviceE','v1.0','Deposit',400.00,'2024-02-15 10:30:00'),

(176,176,'DeviceA','v1.0','Withdrawal',350.00,'2024-02-16 08:30:00'),
(177,177,'DeviceB','v1.1','Transfer',600.00,'2024-02-16 09:00:00'),
(178,178,'DeviceC','v1.0','Payment',220.00,'2024-02-16 09:30:00'),
(179,179,'DeviceD','v1.2','Deposit',750.00,'2024-02-16 10:00:00'),
(180,180,'DeviceE','v1.0','Withdrawal',400.00,'2024-02-16 10:30:00'),

(181,181,'DeviceA','v1.0','Transfer',800.00,'2024-02-17 08:30:00'),
(182,182,'DeviceB','v1.1','Payment',200.00,'2024-02-17 09:00:00'),
(183,183,'DeviceC','v1.0','Deposit',500.00,'2024-02-17 09:30:00'),
(184,184,'DeviceD','v1.2','Withdrawal',300.00,'2024-02-17 10:00:00'),
(185,185,'DeviceE','v1.0','Transfer',750.00,'2024-02-17 10:30:00'),

(186,186,'DeviceA','v1.0','Payment',250.00,'2024-02-18 08:30:00'),
(187,187,'DeviceB','v1.1','Deposit',600.00,'2024-02-18 09:00:00'),
(188,188,'DeviceC','v1.0','Withdrawal',350.00,'2024-02-18 09:30:00'),
(189,189,'DeviceD','v1.2','Transfer',700.00,'2024-02-18 10:00:00'),
(190,190,'DeviceE','v1.0','Payment',220.00,'2024-02-18 10:30:00'),

(191,191,'DeviceA','v1.0','Deposit',500.00,'2024-02-19 08:30:00'),
(192,192,'DeviceB','v1.1','Withdrawal',300.00,'2024-02-19 09:00:00'),
(193,193,'DeviceC','v1.0','Transfer',850.00,'2024-02-19 09:30:00'),
(194,194,'DeviceD','v1.2','Payment',180.00,'2024-02-19 10:00:00'),
(195,195,'DeviceE','v1.0','Deposit',400.00,'2024-02-19 10:30:00'),

(196,196,'DeviceA','v1.0','Withdrawal',350.00,'2024-02-20 08:30:00'),
(197,197,'DeviceB','v1.1','Transfer',600.00,'2024-02-20 09:00:00'),
(198,198,'DeviceC','v1.0','Payment',220.00,'2024-02-20 09:30:00'),
(199,199,'DeviceD','v1.2','Deposit',750.00,'2024-02-20 10:00:00'),
(200,200,'DeviceE','v1.0','Withdrawal',400.00,'2024-02-20 10:30:00'),

(201,201,'DeviceA','v1.0','Deposit',520.00,'2024-02-21 08:30:00'),
(202,202,'DeviceB','v1.1','Withdrawal',300.00,'2024-02-21 09:00:00'),
(203,203,'DeviceC','v1.0','Transfer',800.00,'2024-02-21 09:30:00'),
(204,204,'DeviceD','v1.2','Payment',200.00,'2024-02-21 10:00:00'),
(205,205,'DeviceE','v1.0','Deposit',350.00,'2024-02-21 10:30:00'),

(206,206,'DeviceA','v1.0','Withdrawal',400.00,'2024-02-22 08:45:00'),
(207,207,'DeviceB','v1.1','Transfer',650.00,'2024-02-22 09:15:00'),
(208,208,'DeviceC','v1.0','Payment',220.00,'2024-02-22 09:45:00'),
(209,209,'DeviceD','v1.2','Deposit',700.00,'2024-02-22 10:15:00'),
(210,210,'DeviceE','v1.0','Withdrawal',370.00,'2024-02-22 10:45:00'),


(211,211,'DeviceA','v1.0','Transfer',820.00,'2024-02-23 08:30:00'),
(212,212,'DeviceB','v1.1','Payment',250.00,'2024-02-23 09:00:00'),
(213,213,'DeviceC','v1.0','Deposit',500.00,'2024-02-23 09:30:00'),
(214,214,'DeviceD','v1.2','Withdrawal',300.00,'2024-02-23 10:00:00'),
(215,215,'DeviceE','v1.0','Transfer',750.00,'2024-02-23 10:30:00'),

(216,216,'DeviceA','v1.0','Payment',220.00,'2024-02-24 08:30:00'),
(217,217,'DeviceB','v1.1','Deposit',600.00,'2024-02-24 09:00:00'),
(218,218,'DeviceC','v1.0','Withdrawal',350.00,'2024-02-24 09:30:00'),
(219,219,'DeviceD','v1.2','Transfer',700.00,'2024-02-24 10:00:00'),
(220,220,'DeviceE','v1.0','Payment',250.00,'2024-02-24 10:30:00'),

(221,221,'DeviceA','v1.0','Deposit',550.00,'2024-02-25 08:30:00'),
(222,222,'DeviceB','v1.1','Withdrawal',300.00,'2024-02-25 09:00:00'),
(223,223,'DeviceC','v1.0','Transfer',900.00,'2024-02-25 09:30:00'),
(224,224,'DeviceD','v1.2','Payment',180.00,'2024-02-25 10:00:00'),
(225,225,'DeviceE','v1.0','Deposit',400.00,'2024-02-25 10:30:00'),

(226,226,'DeviceA','v1.0','Withdrawal',350.00,'2024-02-26 08:30:00'),
(227,227,'DeviceB','v1.1','Transfer',600.00,'2024-02-26 09:00:00'),
(228,228,'DeviceC','v1.0','Payment',220.00,'2024-02-26 09:30:00'),
(229,229,'DeviceD','v1.2','Deposit',750.00,'2024-02-26 10:00:00'),
(230,230,'DeviceE','v1.0','Withdrawal',400.00,'2024-02-26 10:30:00'),

(231,231,'DeviceA','v1.0','Transfer',800.00,'2024-02-27 08:30:00'),
(232,232,'DeviceB','v1.1','Payment',200.00,'2024-02-27 09:00:00'),
(233,233,'DeviceC','v1.0','Deposit',500.00,'2024-02-27 09:30:00'),
(234,234,'DeviceD','v1.2','Withdrawal',300.00,'2024-02-27 10:00:00'),
(235,235,'DeviceE','v1.0','Transfer',750.00,'2024-02-27 10:30:00'),

(236,236,'DeviceA','v1.0','Payment',250.00,'2024-02-28 08:30:00'),
(237,237,'DeviceB','v1.1','Deposit',600.00,'2024-02-28 09:00:00'),
(238,238,'DeviceC','v1.0','Withdrawal',350.00,'2024-02-28 09:30:00'),
(239,239,'DeviceD','v1.2','Transfer',700.00,'2024-02-28 10:00:00'),
(240,240,'DeviceE','v1.0','Payment',220.00,'2024-02-28 10:30:00'),

(241,241,'DeviceA','v1.0','Deposit',500.00,'2024-02-29 08:30:00'),
(242,242,'DeviceB','v1.1','Withdrawal',300.00,'2024-02-29 09:00:00'),
(243,243,'DeviceC','v1.0','Transfer',850.00,'2024-02-29 09:30:00'),
(244,244,'DeviceD','v1.2','Payment',180.00,'2024-02-29 10:00:00'),
(245,245,'DeviceE','v1.0','Deposit',400.00,'2024-02-29 10:30:00'),

(246,246,'DeviceA','v1.0','Withdrawal',350.00,'2024-03-01 08:30:00'),
(247,247,'DeviceB','v1.1','Transfer',600.00,'2024-03-01 09:00:00'),
(248,248,'DeviceC','v1.0','Payment',220.00,'2024-03-01 09:30:00'),
(249,249,'DeviceD','v1.2','Deposit',750.00,'2024-03-01 10:00:00'),
(250,250,'DeviceE','v1.0','Withdrawal',400.00,'2024-03-01 10:30:00'),


(251,251,'DeviceA','v1.0','Deposit',550.00,'2024-03-02 08:30:00'),
(252,252,'DeviceB','v1.1','Withdrawal',300.00,'2024-03-02 09:00:00'),
(253,253,'DeviceC','v1.0','Transfer',900.00,'2024-03-02 09:30:00'),
(254,254,'DeviceD','v1.2','Payment',200.00,'2024-03-02 10:00:00'),
(255,255,'DeviceE','v1.0','Deposit',400.00,'2024-03-02 10:30:00'),

(256,256,'DeviceA','v1.0','Withdrawal',350.00,'2024-03-03 08:45:00'),
(257,257,'DeviceB','v1.1','Transfer',650.00,'2024-03-03 09:15:00'),
(258,258,'DeviceC','v1.0','Payment',220.00,'2024-03-03 09:45:00'),
(259,259,'DeviceD','v1.2','Deposit',750.00,'2024-03-03 10:15:00'),
(260,260,'DeviceE','v1.0','Withdrawal',400.00,'2024-03-03 10:45:00'),

(261,261,'DeviceA','v1.0','Transfer',800.00,'2024-03-04 08:30:00'),
(262,262,'DeviceB','v1.1','Payment',250.00,'2024-03-04 09:00:00'),
(263,263,'DeviceC','v1.0','Deposit',500.00,'2024-03-04 09:30:00'),
(264,264,'DeviceD','v1.2','Withdrawal',300.00,'2024-03-04 10:00:00'),
(265,265,'DeviceE','v1.0','Transfer',750.00,'2024-03-04 10:30:00'),

(266,266,'DeviceA','v1.0','Payment',220.00,'2024-03-05 08:30:00'),
(267,267,'DeviceB','v1.1','Deposit',600.00,'2024-03-05 09:00:00'),
(268,268,'DeviceC','v1.0','Withdrawal',350.00,'2024-03-05 09:30:00'),
(269,269,'DeviceD','v1.2','Transfer',700.00,'2024-03-05 10:00:00'),
(270,270,'DeviceE','v1.0','Payment',250.00,'2024-03-05 10:30:00'),

(271,271,'DeviceA','v1.0','Deposit',500.00,'2024-03-06 08:30:00'),
(272,272,'DeviceB','v1.1','Withdrawal',300.00,'2024-03-06 09:00:00'),
(273,273,'DeviceC','v1.0','Transfer',850.00,'2024-03-06 09:30:00'),
(274,274,'DeviceD','v1.2','Payment',180.00,'2024-03-06 10:00:00'),
(275,275,'DeviceE','v1.0','Deposit',400.00,'2024-03-06 10:30:00'),

(276,276,'DeviceA','v1.0','Withdrawal',350.00,'2024-03-07 08:30:00'),
(277,277,'DeviceB','v1.1','Transfer',600.00,'2024-03-07 09:00:00'),
(278,278,'DeviceC','v1.0','Payment',220.00,'2024-03-07 09:30:00'),
(279,279,'DeviceD','v1.2','Deposit',750.00,'2024-03-07 10:00:00'),
(280,280,'DeviceE','v1.0','Withdrawal',400.00,'2024-03-07 10:30:00'),

(281,281,'DeviceA','v1.0','Transfer',800.00,'2024-03-08 08:30:00'),
(282,282,'DeviceB','v1.1','Payment',200.00,'2024-03-08 09:00:00'),
(283,283,'DeviceC','v1.0','Deposit',500.00,'2024-03-08 09:30:00'),
(284,284,'DeviceD','v1.2','Withdrawal',300.00,'2024-03-08 10:00:00'),
(285,285,'DeviceE','v1.0','Transfer',750.00,'2024-03-08 10:30:00'),

(286,286,'DeviceA','v1.0','Payment',250.00,'2024-03-09 08:30:00'),
(287,287,'DeviceB','v1.1','Deposit',600.00,'2024-03-09 09:00:00'),
(288,288,'DeviceC','v1.0','Withdrawal',350.00,'2024-03-09 09:30:00'),
(289,289,'DeviceD','v1.2','Transfer',700.00,'2024-03-09 10:00:00'),
(290,290,'DeviceE','v1.0','Payment',220.00,'2024-03-09 10:30:00'),

(291,291,'DeviceA','v1.0','Deposit',500.00,'2024-03-10 08:30:00'),
(292,292,'DeviceB','v1.1','Withdrawal',300.00,'2024-03-10 09:00:00'),
(293,293,'DeviceC','v1.0','Transfer',850.00,'2024-03-10 09:30:00'),
(294,294,'DeviceD','v1.2','Payment',180.00,'2024-03-10 10:00:00'),
(295,295,'DeviceE','v1.0','Deposit',400.00,'2024-03-10 10:30:00'),

(296,296,'DeviceA','v1.0','Withdrawal',350.00,'2024-03-11 08:30:00'),
(297,297,'DeviceB','v1.1','Transfer',600.00,'2024-03-11 09:00:00'),
(298,298,'DeviceC','v1.0','Payment',220.00,'2024-03-11 09:30:00'),
(299,299,'DeviceD','v1.2','Deposit',750.00,'2024-03-11 10:00:00'),
(300,300,'DeviceE','v1.0','Withdrawal',400.00,'2024-03-11 10:30:00'),

(301,301,'DeviceA','v1.0','Transfer',800.00,'2024-03-12 08:30:00'),
(302,302,'DeviceB','v1.1','Payment',200.00,'2024-03-12 09:00:00'),
(303,303,'DeviceC','v1.0','Deposit',500.00,'2024-03-12 09:30:00'),
(304,304,'DeviceD','v1.2','Withdrawal',300.00,'2024-03-12 10:00:00'),
(305,305,'DeviceE','v1.0','Transfer',750.00,'2024-03-12 10:30:00'),

(306,306,'DeviceA','v1.0','Payment',250.00,'2024-03-13 08:30:00'),
(307,307,'DeviceB','v1.1','Deposit',600.00,'2024-03-13 09:00:00'),
(308,308,'DeviceC','v1.0','Withdrawal',350.00,'2024-03-13 09:30:00'),
(309,309,'DeviceD','v1.2','Transfer',700.00,'2024-03-13 10:00:00'),
(310,310,'DeviceE','v1.0','Payment',220.00,'2024-03-13 10:30:00'),


(311,311,'DeviceA','v1.0','Deposit',500.00,'2024-03-14 08:30:00'),
(312,312,'DeviceB','v1.1','Withdrawal',300.00,'2024-03-14 09:00:00'),
(313,313,'DeviceC','v1.0','Transfer',850.00,'2024-03-14 09:30:00'),
(314,314,'DeviceD','v1.2','Payment',180.00,'2024-03-14 10:00:00'),
(315,315,'DeviceE','v1.0','Deposit',400.00,'2024-03-14 10:30:00'),

(316,316,'DeviceA','v1.0','Withdrawal',350.00,'2024-03-15 08:30:00'),
(317,317,'DeviceB','v1.1','Transfer',600.00,'2024-03-15 09:00:00'),
(318,318,'DeviceC','v1.0','Payment',220.00,'2024-03-15 09:30:00'),
(319,319,'DeviceD','v1.2','Deposit',750.00,'2024-03-15 10:00:00'),
(320,320,'DeviceE','v1.0','Withdrawal',400.00,'2024-03-15 10:30:00'),

(321,321,'DeviceA','v1.0','Transfer',800.00,'2024-03-16 08:30:00'),
(322,322,'DeviceB','v1.1','Payment',200.00,'2024-03-16 09:00:00'),
(323,323,'DeviceC','v1.0','Deposit',500.00,'2024-03-16 09:30:00'),
(324,324,'DeviceD','v1.2','Withdrawal',300.00,'2024-03-16 10:00:00'),
(325,325,'DeviceE','v1.0','Transfer',750.00,'2024-03-16 10:30:00'),

(326,326,'DeviceA','v1.0','Payment',250.00,'2024-03-17 08:30:00'),
(327,327,'DeviceB','v1.1','Deposit',600.00,'2024-03-17 09:00:00'),
(328,328,'DeviceC','v1.0','Withdrawal',350.00,'2024-03-17 09:30:00'),
(329,329,'DeviceD','v1.2','Transfer',700.00,'2024-03-17 10:00:00'),
(330,330,'DeviceE','v1.0','Payment',220.00,'2024-03-17 10:30:00'),

(331,331,'DeviceA','v1.0','Deposit',500.00,'2024-03-18 08:30:00'),
(332,332,'DeviceB','v1.1','Withdrawal',300.00,'2024-03-18 09:00:00'),
(333,333,'DeviceC','v1.0','Transfer',850.00,'2024-03-18 09:30:00'),
(334,334,'DeviceD','v1.2','Payment',180.00,'2024-03-18 10:00:00'),
(335,335,'DeviceE','v1.0','Deposit',400.00,'2024-03-18 10:30:00'),

(336,336,'DeviceA','v1.0','Withdrawal',350.00,'2024-03-19 08:30:00'),
(337,337,'DeviceB','v1.1','Transfer',600.00,'2024-03-19 09:00:00'),
(338,338,'DeviceC','v1.0','Payment',220.00,'2024-03-19 09:30:00'),
(339,339,'DeviceD','v1.2','Deposit',750.00,'2024-03-19 10:00:00'),
(340,340,'DeviceE','v1.0','Withdrawal',400.00,'2024-03-19 10:30:00'),

(341,341,'DeviceA','v1.0','Transfer',800.00,'2024-03-20 08:30:00'),
(342,342,'DeviceB','v1.1','Payment',200.00,'2024-03-20 09:00:00'),
(343,343,'DeviceC','v1.0','Deposit',500.00,'2024-03-20 09:30:00'),
(344,344,'DeviceD','v1.2','Withdrawal',300.00,'2024-03-20 10:00:00'),
(345,345,'DeviceE','v1.0','Transfer',750.00,'2024-03-20 10:30:00'),

(346,346,'DeviceA','v1.0','Payment',250.00,'2024-03-21 08:30:00'),
(347,347,'DeviceB','v1.1','Deposit',600.00,'2024-03-21 09:00:00'),
(348,348,'DeviceC','v1.0','Withdrawal',350.00,'2024-03-21 09:30:00'),
(349,349,'DeviceD','v1.2','Transfer',700.00,'2024-03-21 10:00:00'),
(350,350,'DeviceE','v1.0','Payment',220.00,'2024-03-21 10:30:00');

CREATE TABLE Loanss 
   (LoanID INT PRIMARY KEY,
    CustomerID INT,
    LoanType VARCHAR(20),
    Amount DECIMAL(15,2),
    InterestRate DECIMAL(5,2),
    StartDate DATE,
    EndDate DATE,
    Status VARCHAR(20),
   ReferenceNo varchar(50));

	


INSERT INTO Loanss (LoanID, CustomerID, LoanType, Amount, InterestRate, StartDate, EndDate, Status)
VALUES
(1, 1, 'Personal', 5000.00, 12.50, '2025-01-01', '2026-01-01', 'Active'),
(2, 2, 'Mortgage', 75000.00, 8.50, '2024-06-01', '2044-06-01', 'Active'),
(3, 3, 'Auto', 15000.00, 10.00, '2025-03-15', '2030-03-15', 'Active'),
(4, 4, 'Education', 20000.00, 5.00, '2024-09-01', '2028-09-01', 'Active'),
(5, 5, 'Personal', 8000.00, 13.00, '2024-11-01', '2025-11-01', 'Completed'),
(6, 6, 'Auto', 12000.00, 9.50, '2025-02-10', '2030-02-10', 'Active'),
(7, 7, 'Mortgage', 90000.00, 8.00, '2024-07-01', '2044-07-01', 'Active'),
(8, 8, 'Education', 25000.00, 5.50, '2024-09-01', '2028-09-01', 'Active'),
(9, 9, 'Personal', 6500.00, 12.00, '2025-01-15', '2026-01-15', 'Active'),
(10, 10, 'Auto', 18000.00, 10.50, '2024-08-01', '2029-08-01', 'Active'),
(11, 11, 'Education', 27000.00, 5.50, '2024-09-01', '2028-09-01', 'Active'),
(12, 12, 'Personal', 7000.00, 12.50, '2025-02-01', '2026-02-01', 'Active'),
(13, 13, 'Auto', 16000.00, 9.80, '2024-08-01', '2029-08-01', 'Active'),
(14, 14, 'Mortgage', 85000.00, 8.20, '2024-06-15', '2044-06-15', 'Active'),
(15, 15, 'Personal', 7800.00, 12.80, '2025-01-10', '2026-01-10', 'Active'),
(16, 16, 'Auto', 15500.00, 10.20, '2024-08-01', '2029-08-01', 'Active'),
(17, 17, 'Education', 28000.00, 5.60, '2024-09-15', '2028-09-15', 'Active'),
(18, 18, 'Personal', 6900.00, 12.00, '2025-02-01', '2026-02-01', 'Active'),
(19, 19, 'Mortgage', 92000.00, 7.90, '2024-07-15', '2044-07-15', 'Active'),
(20, 20, 'Auto', 16500.00, 10.00, '2025-03-01', '2030-03-01', 'Active'),
(21, 21, 'Personal', 7300.00, 11.50, '2024-11-01', '2025-11-01', 'Completed'),
(22, 22, 'Education', 24000.00, 5.30, '2024-09-01', '2028-09-01', 'Active'),
(23, 23, 'Auto', 15000.00, 9.50, '2025-02-10', '2030-02-10', 'Active'),
(24, 24, 'Mortgage', 88000.00, 8.20, '2024-06-10', '2044-06-10', 'Active'),
(25, 25, 'Personal', 7700.00, 12.80, '2025-01-01', '2026-01-01', 'Active'),
(26, 26, 'Auto', 16000.00, 10.00, '2024-08-01', '2029-08-01', 'Active'),
(27, 27, 'Education', 26000.00, 5.50, '2024-09-01', '2028-09-01', 'Active'),
(28, 28, 'Personal', 7000.00, 12.20, '2025-02-01', '2026-02-01', 'Active'),
(29, 29, 'Mortgage', 94000.00, 7.80, '2024-07-01', '2044-07-01', 'Active'),
(30, 30, 'Auto', 15500.00, 9.50, '2025-03-01', '2030-03-01', 'Active'),
(31, 31, 'Personal', 7100.00, 11.80, '2024-12-01', '2025-12-01', 'Completed'),
(32, 32, 'Education', 23000.00, 5.20, '2024-09-01', '2028-09-01', 'Active'),
(33, 33, 'Auto', 14000.00, 10.00, '2025-01-01', '2030-01-01', 'Active'),
(34, 34, 'Mortgage', 87000.00, 8.50, '2024-06-01', '2044-06-01', 'Active'),
(35, 35, 'Personal', 7600.00, 12.50, '2025-01-15', '2026-01-15', 'Active'),
(36, 36, 'Auto', 15500.00, 9.80, '2024-08-01', '2029-08-01', 'Active'),
(37, 37, 'Education', 28000.00, 5.60, '2024-09-15', '2028-09-15', 'Active'),
(38, 38, 'Personal', 7000.00, 12.00, '2025-02-01', '2026-02-01', 'Active'),
(39, 39, 'Mortgage', 92000.00, 7.90, '2024-07-15', '2044-07-15', 'Active'),
(40, 40, 'Auto', 16500.00, 10.00, '2025-03-01', '2030-03-01', 'Active'),
(41, 41, 'Personal', 7300.00, 11.50, '2024-11-01', '2025-11-01', 'Completed'),
(42, 42, 'Education', 24000.00, 5.30, '2024-09-01', '2028-09-01', 'Active'),
(43, 43, 'Auto', 15000.00, 9.50, '2025-02-10', '2030-02-10', 'Active'),
(44, 44, 'Mortgage', 88000.00, 8.20, '2024-06-10', '2044-06-10', 'Active'),
(45, 45, 'Personal', 7700.00, 12.80, '2025-01-01', '2026-01-01', 'Active'),
(46, 46, 'Auto', 16000.00, 10.00, '2024-08-01', '2029-08-01', 'Active'),
(47, 47, 'Education', 26000.00, 5.50, '2024-09-01', '2028-09-01', 'Active'),
(48, 48, 'Personal', 7000.00, 12.20, '2025-02-01', '2026-02-01', 'Active'),
(49, 49, 'Mortgage', 94000.00, 7.80, '2024-07-01', '2044-07-01', 'Active'),
(50, 50, 'Auto', 15500.00, 9.50, '2025-03-01', '2030-03-01', 'Active'),

(51, 51, 'Personal', 7200.00, 11.50, '2024-11-01', '2025-11-01', 'Active'),
(52, 52, 'Education', 24500.00, 5.20, '2024-09-01', '2028-09-01', 'Active'),
(53, 53, 'Auto', 15500.00, 9.70, '2025-02-10', '2030-02-10', 'Active'),
(54, 54, 'Mortgage', 88000.00, 8.20, '2024-06-10', '2044-06-10', 'Active'),
(55, 55, 'Personal', 7700.00, 12.80, '2025-01-01', '2026-01-01', 'Active'),
(56, 56, 'Auto', 16200.00, 10.00, '2024-08-01', '2029-08-01', 'Active'),
(57, 57, 'Education', 26500.00, 5.50, '2024-09-01', '2028-09-01', 'Active'),
(58, 58, 'Personal', 7100.00, 12.20, '2025-02-01', '2026-02-01', 'Active'),
(59, 59, 'Mortgage', 94500.00, 7.80, '2024-07-01', '2044-07-01', 'Active'),
(60, 60, 'Auto', 15800.00, 9.50, '2025-03-01', '2030-03-01', 'Active'),
(61, 61, 'Personal', 7300.00, 11.50, '2024-11-01', '2025-11-01', 'Completed'),
(62, 62, 'Education', 24200.00, 5.30, '2024-09-01', '2028-09-01', 'Active'),
(63, 63, 'Auto', 15000.00, 9.50, '2025-02-10', '2030-02-10', 'Active'),
(64, 64, 'Mortgage', 88500.00, 8.20, '2024-06-10', '2044-06-10', 'Active'),
(65, 65, 'Personal', 7750.00, 12.80, '2025-01-01', '2026-01-01', 'Active'),
(66, 66, 'Auto', 16050.00, 10.00, '2024-08-01', '2029-08-01', 'Active'),
(67, 67, 'Education', 26200.00, 5.50, '2024-09-01', '2028-09-01', 'Active'),
(68, 68, 'Personal', 7050.00, 12.20, '2025-02-01', '2026-02-01', 'Active'),
(69, 69, 'Mortgage', 95000.00, 7.80, '2024-07-01', '2044-07-01', 'Active'),
(70, 70, 'Auto', 15500.00, 9.50, '2025-03-01', '2030-03-01', 'Active'),
(71, 71, 'Personal', 7350.00, 11.50, '2024-11-01', '2025-11-01', 'Completed'),
(72, 72, 'Education', 24550.00, 5.20, '2024-09-01', '2028-09-01', 'Active'),
(73, 73, 'Auto', 15200.00, 9.70, '2025-02-10', '2030-02-10', 'Active'),
(74, 74, 'Mortgage', 89000.00, 8.20, '2024-06-10', '2044-06-10', 'Active'),
(75, 75, 'Personal', 7800.00, 12.80, '2025-01-01', '2026-01-01', 'Active'),
(76, 76, 'Auto', 16100.00, 10.00, '2024-08-01', '2029-08-01', 'Active'),
(77, 77, 'Education', 26800.00, 5.50, '2024-09-01', '2028-09-01', 'Active'),
(78, 78, 'Personal', 7100.00, 12.20, '2025-02-01', '2026-02-01', 'Active'),
(79, 79, 'Mortgage', 95500.00, 7.80, '2024-07-01', '2044-07-01', 'Active'),
(80, 80, 'Auto', 15700.00, 9.50, '2025-03-01', '2030-03-01', 'Active'),
(81, 81, 'Personal', 7400.00, 11.50, '2024-11-01', '2025-11-01', 'Completed'),
(82, 82, 'Education', 24700.00, 5.20, '2024-09-01', '2028-09-01', 'Active'),
(83, 83, 'Auto', 15300.00, 9.70, '2025-02-10', '2030-02-10', 'Active'),
(84, 84, 'Mortgage', 89500.00, 8.20, '2024-06-10', '2044-06-10', 'Active'),
(85, 85, 'Personal', 7850.00, 12.80, '2025-01-01', '2026-01-01', 'Active'),
(86, 86, 'Auto', 16200.00, 10.00, '2024-08-01', '2029-08-01', 'Active'),
(87, 87, 'Education', 27000.00, 5.50, '2024-09-01', '2028-09-01', 'Active'),
(88, 88, 'Personal', 7150.00, 12.20, '2025-02-01', '2026-02-01', 'Active'),
(89, 89, 'Mortgage', 96000.00, 7.80, '2024-07-01', '2044-07-01', 'Active'),
(90, 90, 'Auto', 15800.00, 9.50, '2025-03-01', '2030-03-01', 'Active'),
(91, 91, 'Personal', 7450.00, 11.50, '2024-11-01', '2025-11-01', 'Completed'),
(92, 92, 'Education', 24900.00, 5.20, '2024-09-01', '2028-09-01', 'Active'),
(93, 93, 'Auto', 15500.00, 9.70, '2025-02-10', '2030-02-10', 'Active'),
(94, 94, 'Mortgage', 90000.00, 8.20, '2024-06-10', '2044-06-10', 'Active'),
(95, 95, 'Personal', 7900.00, 12.80, '2025-01-01', '2026-01-01', 'Active'),
(96, 96, 'Auto', 16300.00, 10.00, '2024-08-01', '2029-08-01', 'Active'),
(97, 97, 'Education', 27200.00, 5.50, '2024-09-01', '2028-09-01', 'Active'),
(98, 98, 'Personal', 7200.00, 12.20, '2025-02-01', '2026-02-01', 'Active'),
(99, 99, 'Mortgage', 96500.00, 7.80, '2024-07-01', '2044-07-01', 'Active'),
(100, 100, 'Auto', 16000.00, 9.50, '2025-03-01', '2030-03-01', 'Active'),
(101, 101, 'Personal', 7500.00, 11.50, '2024-11-01', '2025-11-01', 'Active'),
(102, 102, 'Education', 25000.00, 5.20, '2024-09-01', '2028-09-01', 'Active'),
(103, 103, 'Auto', 16000.00, 9.70, '2025-02-10', '2030-02-10', 'Active'),
(104, 104, 'Mortgage', 90000.00, 8.20, '2024-06-10', '2044-06-10', 'Active'),
(105, 105, 'Personal', 7800.00, 12.80, '2025-01-01', '2026-01-01', 'Active'),
(106, 106, 'Auto', 16500.00, 10.00, '2024-08-01', '2029-08-01', 'Active'),
(107, 107, 'Education', 27000.00, 5.50, '2024-09-01', '2028-09-01', 'Active'),
(108, 108, 'Personal', 7200.00, 12.20, '2025-02-01', '2026-02-01', 'Active'),
(109, 109, 'Mortgage', 97000.00, 7.80, '2024-07-01', '2044-07-01', 'Active'),
(110, 110, 'Auto', 16200.00, 9.50, '2025-03-01', '2030-03-01', 'Active'),
(111, 111, 'Personal', 7550.00, 11.50, '2024-11-01', '2025-11-01', 'Completed'),
(112, 112, 'Education', 25200.00, 5.20, '2024-09-01', '2028-09-01', 'Active'),
(113, 113, 'Auto', 15800.00, 9.70, '2025-02-10', '2030-02-10', 'Active'),
(114, 114, 'Mortgage', 90500.00, 8.20, '2024-06-10', '2044-06-10', 'Active'),
(115, 115, 'Personal', 7850.00, 12.80, '2025-01-01', '2026-01-01', 'Active'),
(116, 116, 'Auto', 16600.00, 10.00, '2024-08-01', '2029-08-01', 'Active'),
(117, 117, 'Education', 27200.00, 5.50, '2024-09-01', '2028-09-01', 'Active'),
(118, 118, 'Personal', 7250.00, 12.20, '2025-02-01', '2026-02-01', 'Active'),
(119, 119, 'Mortgage', 97500.00, 7.80, '2024-07-01', '2044-07-01', 'Active'),
(120, 120, 'Auto', 16000.00, 9.50, '2025-03-01', '2030-03-01', 'Active'),
(121, 121, 'Personal', 7600.00, 11.50, '2024-11-01', '2025-11-01', 'Completed'),
(122, 122, 'Education', 25500.00, 5.20, '2024-09-01', '2028-09-01', 'Active'),
(123, 123, 'Auto', 16000.00, 9.70, '2025-02-10', '2030-02-10', 'Active'),
(124, 124, 'Mortgage', 91000.00, 8.20, '2024-06-10', '2044-06-10', 'Active'),
(125, 125, 'Personal', 7900.00, 12.80, '2025-01-01', '2026-01-01', 'Active'),
(126, 126, 'Auto', 16700.00, 10.00, '2024-08-01', '2029-08-01', 'Active'),
(127, 127, 'Education', 27500.00, 5.50, '2024-09-01', '2028-09-01', 'Active'),
(128, 128, 'Personal', 7300.00, 12.20, '2025-02-01', '2026-02-01', 'Active'),
(129, 129, 'Mortgage', 98000.00, 7.80, '2024-07-01', '2044-07-01', 'Active'),
(130, 130, 'Auto', 16500.00, 9.50, '2025-03-01', '2030-03-01', 'Active'),
(131, 131, 'Personal', 7650.00, 11.50, '2024-11-01', '2025-11-01', 'Completed'),
(132, 132, 'Education', 25800.00, 5.20, '2024-09-01', '2028-09-01', 'Active'),
(133, 133, 'Auto', 16200.00, 9.70, '2025-02-10', '2030-02-10', 'Active'),
(134, 134, 'Mortgage', 91500.00, 8.20, '2024-06-10', '2044-06-10', 'Active'),
(135, 135, 'Personal', 7950.00, 12.80, '2025-01-01', '2026-01-01', 'Active'),
(136, 136, 'Auto', 16800.00, 10.00, '2024-08-01', '2029-08-01', 'Active'),
(137, 137, 'Education', 27800.00, 5.50, '2024-09-01', '2028-09-01', 'Active'),
(138, 138, 'Personal', 7350.00, 12.20, '2025-02-01', '2026-02-01', 'Active'),
(139, 139, 'Mortgage', 98500.00, 7.80, '2024-07-01', '2044-07-01', 'Active'),
(140, 140, 'Auto', 16700.00, 9.50, '2025-03-01', '2030-03-01', 'Active'),
(141, 141, 'Personal', 7700.00, 11.50, '2024-11-01', '2025-11-01', 'Completed'),
(142, 142, 'Education', 26000.00, 5.20, '2024-09-01', '2028-09-01', 'Active'),
(143, 143, 'Auto', 16500.00, 9.70, '2025-02-10', '2030-02-10', 'Active'),
(144, 144, 'Mortgage', 92000.00, 8.20, '2024-06-10', '2044-06-10', 'Active'),
(145, 145, 'Personal', 8000.00, 12.80, '2025-01-01', '2026-01-01', 'Active'),
(146, 146, 'Auto', 16900.00, 10.00, '2024-08-01', '2029-08-01', 'Active'),
(147, 147, 'Education', 28000.00, 5.50, '2024-09-01', '2028-09-01', 'Active'),
(148, 148, 'Personal', 7400.00, 12.20, '2025-02-01', '2026-02-01', 'Active'),
(149, 149, 'Mortgage', 99000.00, 7.80, '2024-07-01', '2044-07-01', 'Active'),
(150, 150, 'Auto', 17000.00, 9.50, '2025-03-01', '2030-03-01', 'Active'),

(151, 151, 'Personal', 7800.00, 11.50, '2024-11-01', '2025-11-01', 'Active'),
(152, 152, 'Education', 26500.00, 5.20, '2024-09-01', '2028-09-01', 'Active'),
(153, 153, 'Auto', 17000.00, 9.70, '2025-02-10', '2030-02-10', 'Active'),
(154, 154, 'Mortgage', 93000.00, 8.20, '2024-06-10', '2044-06-10', 'Active'),
(155, 155, 'Personal', 8000.00, 12.80, '2025-01-01', '2026-01-01', 'Active'),
(156, 156, 'Auto', 17200.00, 10.00, '2024-08-01', '2029-08-01', 'Active'),
(157, 157, 'Education', 28000.00, 5.50, '2024-09-01', '2028-09-01', 'Active'),
(158, 158, 'Personal', 7500.00, 12.20, '2025-02-01', '2026-02-01', 'Active'),
(159, 159, 'Mortgage', 99500.00, 7.80, '2024-07-01', '2044-07-01', 'Active'),
(160, 160, 'Auto', 16800.00, 9.50, '2025-03-01', '2030-03-01', 'Active'),
(161, 161, 'Personal', 7850.00, 11.50, '2024-11-01', '2025-11-01', 'Completed'),
(162, 162, 'Education', 26800.00, 5.20, '2024-09-01', '2028-09-01', 'Active'),
(163, 163, 'Auto', 16500.00, 9.70, '2025-02-10', '2030-02-10', 'Active'),
(164, 164, 'Mortgage', 94000.00, 8.20, '2024-06-10', '2044-06-10', 'Active'),
(165, 165, 'Personal', 8100.00, 12.80, '2025-01-01', '2026-01-01', 'Active'),
(166, 166, 'Auto', 17400.00, 10.00, '2024-08-01', '2029-08-01', 'Active'),
(167, 167, 'Education', 28500.00, 5.50, '2024-09-01', '2028-09-01', 'Active'),
(168, 168, 'Personal', 7600.00, 12.20, '2025-02-01', '2026-02-01', 'Active'),
(169, 169, 'Mortgage', 100000.00, 7.80, '2024-07-01', '2044-07-01', 'Active'),
(170, 170, 'Auto', 17000.00, 9.50, '2025-03-01', '2030-03-01', 'Active'),
(171, 171, 'Personal', 7900.00, 11.50, '2024-11-01', '2025-11-01', 'Completed'),
(172, 172, 'Education', 27000.00, 5.20, '2024-09-01', '2028-09-01', 'Active'),
(173, 173, 'Auto', 16800.00, 9.70, '2025-02-10', '2030-02-10', 'Active'),
(174, 174, 'Mortgage', 94500.00, 8.20, '2024-06-10', '2044-06-10', 'Active'),
(175, 175, 'Personal', 8150.00, 12.80, '2025-01-01', '2026-01-01', 'Active'),
(176, 176, 'Auto', 17500.00, 10.00, '2024-08-01', '2029-08-01', 'Active'),
(177, 177, 'Education', 29000.00, 5.50, '2024-09-01', '2028-09-01', 'Active'),
(178, 178, 'Personal', 7700.00, 12.20, '2025-02-01', '2026-02-01', 'Active'),
(179, 179, 'Mortgage', 101000.00, 7.80, '2024-07-01', '2044-07-01', 'Active'),
(180, 180, 'Auto', 17200.00, 9.50, '2025-03-01', '2030-03-01', 'Active'),
(181, 181, 'Personal', 7950.00, 11.50, '2024-11-01', '2025-11-01', 'Completed'),
(182, 182, 'Education', 27500.00, 5.20, '2024-09-01', '2028-09-01', 'Active'),
(183, 183, 'Auto', 17000.00, 9.70, '2025-02-10', '2030-02-10', 'Active'),
(184, 184, 'Mortgage', 95000.00, 8.20, '2024-06-10', '2044-06-10', 'Active'),
(185, 185, 'Personal', 8200.00, 12.80, '2025-01-01', '2026-01-01', 'Active'),
(186, 186, 'Auto', 17600.00, 10.00, '2024-08-01', '2029-08-01', 'Active'),
(187, 187, 'Education', 29200.00, 5.50, '2024-09-01', '2028-09-01', 'Active'),
(188, 188, 'Personal', 7800.00, 12.20, '2025-02-01', '2026-02-01', 'Active'),
(189, 189, 'Mortgage', 102000.00, 7.80, '2024-07-01', '2044-07-01', 'Active'),
(190, 190, 'Auto', 17400.00, 9.50, '2025-03-01', '2030-03-01', 'Active'),
(191, 191, 'Personal', 8000.00, 11.50, '2024-11-01', '2025-11-01', 'Completed'),
(192, 192, 'Education', 27800.00, 5.20, '2024-09-01', '2028-09-01', 'Active'),
(193, 193, 'Auto', 17200.00, 9.70, '2025-02-10', '2030-02-10', 'Active'),
(194, 194, 'Mortgage', 95500.00, 8.20, '2024-06-10', '2044-06-10', 'Active'),
(195, 195, 'Personal', 8250.00, 12.80, '2025-01-01', '2026-01-01', 'Active'),
(196, 196, 'Auto', 17800.00, 10.00, '2024-08-01', '2029-08-01', 'Active'),
(197, 197, 'Education', 29500.00, 5.50, '2024-09-01', '2028-09-01', 'Active'),
(198, 198, 'Personal', 7900.00, 12.20, '2025-02-01', '2026-02-01', 'Active'),
(199, 199, 'Mortgage', 103000.00, 7.80, '2024-07-01', '2044-07-01', 'Active'),
(200, 200, 'Auto', 17600.00, 9.50, '2025-03-01', '2030-03-01', 'Active'),

(201, 201, 'Personal', 8100.00, 11.50, '2024-11-01', '2025-11-01', 'Active'),
(202, 202, 'Education', 28500.00, 5.20, '2024-09-01', '2028-09-01', 'Active'),
(203, 203, 'Auto', 17500.00, 9.70, '2025-02-10', '2030-02-10', 'Active'),
(204, 204, 'Mortgage', 96000.00, 8.20, '2024-06-10', '2044-06-10', 'Active'),
(205, 205, 'Personal', 8200.00, 12.80, '2025-01-01', '2026-01-01', 'Active'),
(206, 206, 'Auto', 18000.00, 10.00, '2024-08-01', '2029-08-01', 'Active'),
(207, 207, 'Education', 30000.00, 5.50, '2024-09-01', '2028-09-01', 'Active'),
(208, 208, 'Personal', 8000.00, 12.20, '2025-02-01', '2026-02-01', 'Active'),
(209, 209, 'Mortgage', 104000.00, 7.80, '2024-07-01', '2044-07-01', 'Active'),
(210, 210, 'Auto', 17800.00, 9.50, '2025-03-01', '2030-03-01', 'Active'),
(211, 211, 'Personal', 8150.00, 11.50, '2024-11-01', '2025-11-01', 'Completed'),
(212, 212, 'Education', 28800.00, 5.20, '2024-09-01', '2028-09-01', 'Active'),
(213, 213, 'Auto', 17600.00, 9.70, '2025-02-10', '2030-02-10', 'Active'),
(214, 214, 'Mortgage', 96500.00, 8.20, '2024-06-10', '2044-06-10', 'Active'),
(215, 215, 'Personal', 8300.00, 12.80, '2025-01-01', '2026-01-01', 'Active'),
(216, 216, 'Auto', 18200.00, 10.00, '2024-08-01', '2029-08-01', 'Active'),
(217, 217, 'Education', 30500.00, 5.50, '2024-09-01', '2028-09-01', 'Active'),
(218, 218, 'Personal', 8100.00, 12.20, '2025-02-01', '2026-02-01', 'Active'),
(219, 219, 'Mortgage', 105000.00, 7.80, '2024-07-01', '2044-07-01', 'Active'),
(220, 220, 'Auto', 18000.00, 9.50, '2025-03-01', '2030-03-01', 'Active'),
(221, 221, 'Personal', 8350.00, 11.50, '2024-11-01', '2025-11-01', 'Completed'),
(222, 222, 'Education', 29000.00, 5.20, '2024-09-01', '2028-09-01', 'Active'),
(223, 223, 'Auto', 17800.00, 9.70, '2025-02-10', '2030-02-10', 'Active'),
(224, 224, 'Mortgage', 97000.00, 8.20, '2024-06-10', '2044-06-10', 'Active'),
(225, 225, 'Personal', 8400.00, 12.80, '2025-01-01', '2026-01-01', 'Active'),
(226, 226, 'Auto', 18400.00, 10.00, '2024-08-01', '2029-08-01', 'Active'),
(227, 227, 'Education', 31000.00, 5.50, '2024-09-01', '2028-09-01', 'Active'),
(228, 228, 'Personal', 8200.00, 12.20, '2025-02-01', '2026-02-01', 'Active'),
(229, 229, 'Mortgage', 106000.00, 7.80, '2024-07-01', '2044-07-01', 'Active'),
(230, 230, 'Auto', 18200.00, 9.50, '2025-03-01', '2030-03-01', 'Active'),
(231, 231, 'Personal', 8500.00, 11.50, '2024-11-01', '2025-11-01', 'Completed'),
(232, 232, 'Education', 29500.00, 5.20, '2024-09-01', '2028-09-01', 'Active'),
(233, 233, 'Auto', 18000.00, 9.70, '2025-02-10', '2030-02-10', 'Active'),
(234, 234, 'Mortgage', 97500.00, 8.20, '2024-06-10', '2044-06-10', 'Active'),
(235, 235, 'Personal', 8450.00, 12.80, '2025-01-01', '2026-01-01', 'Active'),
(236, 236, 'Auto', 18600.00, 10.00, '2024-08-01', '2029-08-01', 'Active'),
(237, 237, 'Education', 31200.00, 5.50, '2024-09-01', '2028-09-01', 'Active'),
(238, 238, 'Personal', 8300.00, 12.20, '2025-02-01', '2026-02-01', 'Active'),
(239, 239, 'Mortgage', 107000.00, 7.80, '2024-07-01', '2044-07-01', 'Active'),
(240, 240, 'Auto', 18400.00, 9.50, '2025-03-01', '2030-03-01', 'Active'),
(241, 241, 'Personal', 8550.00, 11.50, '2024-11-01', '2025-11-01', 'Completed'),
(242, 242, 'Education', 30000.00, 5.20, '2024-09-01', '2028-09-01', 'Active'),
(243, 243, 'Auto', 18200.00, 9.70, '2025-02-10', '2030-02-10', 'Active'),
(244, 244, 'Mortgage', 98000.00, 8.20, '2024-06-10', '2044-06-10', 'Active'),
(245, 245, 'Personal', 8500.00, 12.80, '2025-01-01', '2026-01-01', 'Active'),
(246, 246, 'Auto', 18800.00, 10.00, '2024-08-01', '2029-08-01', 'Active'),
(247, 247, 'Education', 31500.00, 5.50, '2024-09-01', '2028-09-01', 'Active'),
(248, 248, 'Personal', 8400.00, 12.20, '2025-02-01', '2026-02-01', 'Active'),
(249, 249, 'Mortgage', 108000.00, 7.80, '2024-07-01', '2044-07-01', 'Active'),
(250, 250, 'Auto', 18600.00, 9.50, '2025-03-01', '2030-03-01', 'Active'),

(251, 251, 'Personal', 8600.00, 11.50, '2024-11-01', '2025-11-01', 'Active'),
(252, 252, 'Education', 32000.00, 5.20, '2024-09-01', '2028-09-01', 'Active'),
(253, 253, 'Auto', 18800.00, 9.70, '2025-02-10', '2030-02-10', 'Active'),
(254, 254, 'Mortgage', 99000.00, 8.20, '2024-06-10', '2044-06-10', 'Active'),
(255, 255, 'Personal', 8700.00, 12.80, '2025-01-01', '2026-01-01', 'Active'),
(256, 256, 'Auto', 19000.00, 10.00, '2024-08-01', '2029-08-01', 'Active'),
(257, 257, 'Education', 32500.00, 5.50, '2024-09-01', '2028-09-01', 'Active'),
(258, 258, 'Personal', 8500.00, 12.20, '2025-02-01', '2026-02-01', 'Active'),
(259, 259, 'Mortgage', 109000.00, 7.80, '2024-07-01', '2044-07-01', 'Active'),
(260, 260, 'Auto', 18800.00, 9.50, '2025-03-01', '2030-03-01', 'Active'),
(261, 261, 'Personal', 8650.00, 11.50, '2024-11-01', '2025-11-01', 'Completed'),
(262, 262, 'Education', 32200.00, 5.20, '2024-09-01', '2028-09-01', 'Active'),
(263, 263, 'Auto', 19000.00, 9.70, '2025-02-10', '2030-02-10', 'Active'),
(264, 264, 'Mortgage', 99500.00, 8.20, '2024-06-10', '2044-06-10', 'Active'),
(265, 265, 'Personal', 8750.00, 12.80, '2025-01-01', '2026-01-01', 'Active'),
(266, 266, 'Auto', 19200.00, 10.00, '2024-08-01', '2029-08-01', 'Active'),
(267, 267, 'Education', 33000.00, 5.50, '2024-09-01', '2028-09-01', 'Active'),
(268, 268, 'Personal', 8600.00, 12.20, '2025-02-01', '2026-02-01', 'Active'),
(269, 269, 'Mortgage', 110000.00, 7.80, '2024-07-01', '2044-07-01', 'Active'),
(270, 270, 'Auto', 19000.00, 9.50, '2025-03-01', '2030-03-01', 'Active'),
(271, 271, 'Personal', 8800.00, 11.50, '2024-11-01', '2025-11-01', 'Completed'),
(272, 272, 'Education', 33500.00, 5.20, '2024-09-01', '2028-09-01', 'Active'),
(273, 273, 'Auto', 19200.00, 9.70, '2025-02-10', '2030-02-10', 'Active'),
(274, 274, 'Mortgage', 100000.00, 8.20, '2024-06-10', '2044-06-10', 'Active'),
(275, 275, 'Personal', 8850.00, 12.80, '2025-01-01', '2026-01-01', 'Active'),
(276, 276, 'Auto', 19400.00, 10.00, '2024-08-01', '2029-08-01', 'Active'),
(277, 277, 'Education', 34000.00, 5.50, '2024-09-01', '2028-09-01', 'Active'),
(278, 278, 'Personal', 8700.00, 12.20, '2025-02-01', '2026-02-01', 'Active'),
(279, 279, 'Mortgage', 111000.00, 7.80, '2024-07-01', '2044-07-01', 'Active'),
(280, 280, 'Auto', 19200.00, 9.50, '2025-03-01', '2030-03-01', 'Active'),
(281, 281, 'Personal', 8900.00, 11.50, '2024-11-01', '2025-11-01', 'Completed'),
(282, 282, 'Education', 34500.00, 5.20, '2024-09-01', '2028-09-01', 'Active'),
(283, 283, 'Auto', 19400.00, 9.70, '2025-02-10', '2030-02-10', 'Active'),
(284, 284, 'Mortgage', 100500.00, 8.20, '2024-06-10', '2044-06-10', 'Active'),
(285, 285, 'Personal', 8950.00, 12.80, '2025-01-01', '2026-01-01', 'Active'),
(286, 286, 'Auto', 19600.00, 10.00, '2024-08-01', '2029-08-01', 'Active'),
(287, 287, 'Education', 35000.00, 5.50, '2024-09-01', '2028-09-01', 'Active'),
(288, 288, 'Personal', 8800.00, 12.20, '2025-02-01', '2026-02-01', 'Active'),
(289, 289, 'Mortgage', 112000.00, 7.80, '2024-07-01', '2044-07-01', 'Active'),
(290, 290, 'Auto', 19400.00, 9.50, '2025-03-01', '2030-03-01', 'Active'),
(291, 291, 'Personal', 9000.00, 11.50, '2024-11-01', '2025-11-01', 'Completed'),
(292, 292, 'Education', 35500.00, 5.20, '2024-09-01', '2028-09-01', 'Active'),
(293, 293, 'Auto', 19600.00, 9.70, '2025-02-10', '2030-02-10', 'Active'),
(294, 294, 'Mortgage', 101000.00, 8.20, '2024-06-10', '2044-06-10', 'Active'),
(295, 295, 'Personal', 9050.00, 12.80, '2025-01-01', '2026-01-01', 'Active'),
(296, 296, 'Auto', 19800.00, 10.00, '2024-08-01', '2029-08-01', 'Active'),
(297, 297, 'Education', 36000.00, 5.50, '2024-09-01', '2028-09-01', 'Active'),
(298, 298, 'Personal', 8900.00, 12.20, '2025-02-01', '2026-02-01', 'Active'),
(299, 299, 'Mortgage', 113000.00, 7.80, '2024-07-01', '2044-07-01', 'Active'),
(300, 300, 'Auto', 19600.00, 9.50, '2025-03-01', '2030-03-01', 'Active'),

(301, 301, 'Personal', 9100.00, 11.50, '2024-11-01', '2025-11-01', 'Active'),
(302, 302, 'Education', 36500.00, 5.20, '2024-09-01', '2028-09-01', 'Active'),
(303, 303, 'Auto', 19800.00, 9.70, '2025-02-10', '2030-02-10', 'Active'),
(304, 304, 'Mortgage', 102000.00, 8.20, '2024-06-10', '2044-06-10', 'Active'),
(305, 305, 'Personal', 9150.00, 12.80, '2025-01-01', '2026-01-01', 'Active'),
(306, 306, 'Auto', 20000.00, 10.00, '2024-08-01', '2029-08-01', 'Active'),
(307, 307, 'Education', 37000.00, 5.50, '2024-09-01', '2028-09-01', 'Active'),
(308, 308, 'Personal', 9000.00, 12.20, '2025-02-01', '2026-02-01', 'Active'),
(309, 309, 'Mortgage', 114000.00, 7.80, '2024-07-01', '2044-07-01', 'Active'),
(310, 310, 'Auto', 19800.00, 9.50, '2025-03-01', '2030-03-01', 'Active'),
(311, 311, 'Personal', 9200.00, 11.50, '2024-11-01', '2025-11-01', 'Completed'),
(312, 312, 'Education', 37200.00, 5.20, '2024-09-01', '2028-09-01', 'Active'),
(313, 313, 'Auto', 20000.00, 9.70, '2025-02-10', '2030-02-10', 'Active'),
(314, 314, 'Mortgage', 102500.00, 8.20, '2024-06-10', '2044-06-10', 'Active'),
(315, 315, 'Personal', 9250.00, 12.80, '2025-01-01', '2026-01-01', 'Active'),
(316, 316, 'Auto', 20200.00, 10.00, '2024-08-01', '2029-08-01', 'Active'),
(317, 317, 'Education', 37500.00, 5.50, '2024-09-01', '2028-09-01', 'Active'),
(318, 318, 'Personal', 9100.00, 12.20, '2025-02-01', '2026-02-01', 'Active'),
(319, 319, 'Mortgage', 115000.00, 7.80, '2024-07-01', '2044-07-01', 'Active'),
(320, 320, 'Auto', 20000.00, 9.50, '2025-03-01', '2030-03-01', 'Active'),
(321, 321, 'Personal', 9300.00, 11.50, '2024-11-01', '2025-11-01', 'Completed'),
(322, 322, 'Education', 38000.00, 5.20, '2024-09-01', '2028-09-01', 'Active'),
(323, 323, 'Auto', 20200.00, 9.70, '2025-02-10', '2030-02-10', 'Active'),
(324, 324, 'Mortgage', 103000.00, 8.20, '2024-06-10', '2044-06-10', 'Active'),
(325, 325, 'Personal', 9350.00, 12.80, '2025-01-01', '2026-01-01', 'Active'),
(326, 326, 'Auto', 20400.00, 10.00, '2024-08-01', '2029-08-01', 'Active'),
(327, 327, 'Education', 38500.00, 5.50, '2024-09-01', '2028-09-01', 'Active'),
(328, 328, 'Personal', 9200.00, 12.20, '2025-02-01', '2026-02-01', 'Active'),
(329, 329, 'Mortgage', 116000.00, 7.80, '2024-07-01', '2044-07-01', 'Active'),
(330, 330, 'Auto', 20200.00, 9.50, '2025-03-01', '2030-03-01', 'Active'),
(331, 331, 'Personal', 9400.00, 11.50, '2024-11-01', '2025-11-01', 'Completed'),
(332, 332, 'Education', 39000.00, 5.20, '2024-09-01', '2028-09-01', 'Active'),
(333, 333, 'Auto', 20400.00, 9.70, '2025-02-10', '2030-02-10', 'Active'),
(334, 334, 'Mortgage', 103500.00, 8.20, '2024-06-10', '2044-06-10', 'Active'),
(335, 335, 'Personal', 9450.00, 12.80, '2025-01-01', '2026-01-01', 'Active'),
(336, 336, 'Auto', 20600.00, 10.00, '2024-08-01', '2029-08-01', 'Active'),
(337, 337, 'Education', 39500.00, 5.50, '2024-09-01', '2028-09-01', 'Active'),
(338, 338, 'Personal', 9300.00, 12.20, '2025-02-01', '2026-02-01', 'Active'),
(339, 339, 'Mortgage', 117000.00, 7.80, '2024-07-01', '2044-07-01', 'Active'),
(340, 340, 'Auto', 20400.00, 9.50, '2025-03-01', '2030-03-01', 'Active'),
(341, 341, 'Personal', 9500.00, 11.50, '2024-11-01', '2025-11-01', 'Completed'),
(342, 342, 'Education', 40000.00, 5.20, '2024-09-01', '2028-09-01', 'Active'),
(343, 343, 'Auto', 20600.00, 9.70, '2025-02-10', '2030-02-10', 'Active'),
(344, 344, 'Mortgage', 104000.00, 8.20, '2024-06-10', '2044-06-10', 'Active'),
(345, 345, 'Personal', 9550.00, 12.80, '2025-01-01', '2026-01-01', 'Active'),
(346, 346, 'Auto', 20800.00, 10.00, '2024-08-01', '2029-08-01', 'Active'),
(347, 347, 'Education', 40500.00, 5.50, '2024-09-01', '2028-09-01', 'Active'),
(348, 348, 'Personal', 9400.00, 12.20, '2025-02-01', '2026-02-01', 'Active'),
(349, 349, 'Mortgage', 118000.00, 7.80, '2024-07-01', '2044-07-01', 'Active'),
(350, 350, 'Auto', 20600.00, 9.50, '2025-03-01', '2030-03-01', 'Active');




CREATE TABLE LoanPayments 
   (PaymentID INT PRIMARY KEY,
    LoanID INT,
    AmountPaid DECIMAL(15,2),
    PaymentDate DATE,
    RemainingBalance DECIMAL(15,2),
    FOREIGN KEY (LoanID) REFERENCES Loans(LoanID));


INSERT INTO LoanPayments
(PaymentID, LoanID, AmountPaid, PaymentDate, RemainingBalance)
VALUES
(1,1,500,'2023-01-01',9500),
(2,1,500,'2023-02-01',9000),
(3,1,500,'2023-03-01',8500),
(4,1,500,'2023-04-01',8000),
(5,1,500,'2023-05-01',7500),

(6,2,600,'2023-01-05',14400),
(7,2,600,'2023-02-05',13800),
(8,2,600,'2023-03-05',13200),
(9,2,600,'2023-04-05',12600),
(10,2,600,'2023-05-05',12000),

(11,3,1000,'2023-01-10',79000),
(12,3,1000,'2023-02-10',78000),
(13,3,1000,'2023-03-10',77000),
(14,3,1000,'2023-04-10',76000),
(15,3,1000,'2023-05-10',75000),

(16,4,800,'2023-01-15',19200),
(17,4,800,'2023-02-15',18400),
(18,4,800,'2023-03-15',17600),
(19,4,800,'2023-04-15',16800),
(20,4,800,'2023-05-15',16000),

(21,5,700,'2023-01-20',6300),
(22,5,700,'2023-02-20',5600),
(23,5,700,'2023-03-20',4900),
(24,5,700,'2023-04-20',4200),
(25,5,700,'2023-05-20',3500),

(26,1,500,'2023-06-01',7000),
(27,1,500,'2023-07-01',6500),
(28,1,500,'2023-08-01',6000),
(29,1,500,'2023-09-01',5500),
(30,1,500,'2023-10-01',5000),

(31,2,600,'2023-06-05',11400),
(32,2,600,'2023-07-05',10800),
(33,2,600,'2023-08-05',10200),
(34,2,600,'2023-09-05',9600),
(35,2,600,'2023-10-05',9000),

(36,3,1000,'2023-06-10',74000),
(37,3,1000,'2023-07-10',73000),
(38,3,1000,'2023-08-10',72000),
(39,3,1000,'2023-09-10',71000),
(40,3,1000,'2023-10-10',70000),

(41,4,800,'2023-06-15',15200),
(42,4,800,'2023-07-15',14400),
(43,4,800,'2023-08-15',13600),
(44,4,800,'2023-09-15',12800),
(45,4,800,'2023-10-15',12000),

(46,5,700,'2023-06-20',2800),
(47,5,700,'2023-07-20',2100),
(48,5,700,'2023-08-20',1400),
(49,5,700,'2023-09-20',700),
(50,5,700,'2023-10-20',0),

(51,1,500,'2023-11-01',4500),
(52,1,500,'2023-12-01',4000),
(53,1,500,'2024-01-01',3500),
(54,1,500,'2024-02-01',3000),
(55,1,500,'2024-03-01',2500),

(56,2,600,'2023-11-05',8400),
(57,2,600,'2023-12-05',7800),
(58,2,600,'2024-01-05',7200),
(59,2,600,'2024-02-05',6600),
(60,2,600,'2024-03-05',6000),

(61,3,1000,'2023-11-10',69000),
(62,3,1000,'2023-12-10',68000),
(63,3,1000,'2024-01-10',67000),
(64,3,1000,'2024-02-10',66000),
(65,3,1000,'2024-03-10',65000),

(66,4,800,'2023-11-15',11200),
(67,4,800,'2023-12-15',10400),
(68,4,800,'2024-01-15',9600),
(69,4,800,'2024-02-15',8800),
(70,4,800,'2024-03-15',8000),

(71,5,700,'2023-11-20',6300),
(72,5,700,'2023-12-20',5600),
(73,5,700,'2024-01-20',4900),
(74,5,700,'2024-02-20',4200),
(75,5,700,'2024-03-20',3500),

(76,1,500,'2024-04-01',2000),
(77,1,500,'2024-05-01',1500),
(78,1,500,'2024-06-01',1000),
(79,1,500,'2024-07-01',500),
(80,1,500,'2024-08-01',0),

(81,2,600,'2024-04-05',5400),
(82,2,600,'2024-05-05',4800),
(83,2,600,'2024-06-05',4200),
(84,2,600,'2024-07-05',3600),
(85,2,600,'2024-08-05',3000),

(86,3,1000,'2024-04-10',64000),
(87,3,1000,'2024-05-10',63000),
(88,3,1000,'2024-06-10',62000),
(89,3,1000,'2024-07-10',61000),
(90,3,1000,'2024-08-10',60000),

(91,4,800,'2024-04-15',7200),
(92,4,800,'2024-05-15',6400),
(93,4,800,'2024-06-15',5600),
(94,4,800,'2024-07-15',4800),
(95,4,800,'2024-08-15',4000),

(96,5,700,'2024-04-20',2800),
(97,5,700,'2024-05-20',2100),
(98,5,700,'2024-06-20',1400),
(99,5,700,'2024-07-20',700),
(100,5,700,'2024-08-20',0),

(101,1,500,'2024-09-01',0),
(102,2,600,'2024-09-05',2400),
(103,3,1000,'2024-09-10',59000),
(104,4,800,'2024-09-15',3200),
(105,5,700,'2024-09-20',0),

(106,1,500,'2024-10-01',0),
(107,2,600,'2024-10-05',1800),
(108,3,1000,'2024-10-10',58000),
(109,4,800,'2024-10-15',2400),
(110,5,700,'2024-10-20',0),

(111,1,500,'2024-11-01',0),
(112,2,600,'2024-11-05',1200),
(113,3,1000,'2024-11-10',57000),
(114,4,800,'2024-11-15',1600),
(115,5,700,'2024-11-20',0),

(116,1,500,'2024-12-01',0),
(117,2,600,'2024-12-05',600),
(118,3,1000,'2024-12-10',56000),
(119,4,800,'2024-12-15',800),
(120,5,700,'2024-12-20',0),

(121,1,500,'2025-01-01',0),
(122,1,500,'2025-02-01',0),
(123,1,500,'2025-03-01',0),
(124,1,500,'2025-04-01',0),
(125,1,500,'2025-05-01',0),

(126,2,600,'2025-01-05',0),
(127,2,600,'2025-02-05',0),
(128,2,600,'2025-03-05',0),
(129,2,600,'2025-04-05',0),
(130,2,600,'2025-05-05',0),

(131,3,1000,'2025-01-10',55000),
(132,3,1000,'2025-02-10',54000),
(133,3,1000,'2025-03-10',53000),
(134,3,1000,'2025-04-10',52000),
(135,3,1000,'2025-05-10',51000),

(136,4,800,'2025-01-15',0),
(137,4,800,'2025-02-15',0),
(138,4,800,'2025-03-15',0),
(139,4,800,'2025-04-15',0),
(140,4,800,'2025-05-15',0),

(141,5,700,'2025-01-20',0),
(142,5,700,'2025-02-20',0),
(143,5,700,'2025-03-20',0),
(144,5,700,'2025-04-20',0),
(145,5,700,'2025-05-20',0),

(146,1,500,'2025-06-01',0),
(147,1,500,'2025-07-01',0),
(148,1,500,'2025-08-01',0),
(149,1,500,'2025-09-01',0),
(150,1,500,'2025-10-01',0),

(151,2,600,'2025-06-05',0),
(152,2,600,'2025-07-05',0),
(153,2,600,'2025-08-05',0),
(154,2,600,'2025-09-05',0),
(155,2,600,'2025-10-05',0),

(156,3,1000,'2025-06-10',50000),
(157,3,1000,'2025-07-10',49000),
(158,3,1000,'2025-08-10',48000),
(159,3,1000,'2025-09-10',47000),
(160,3,1000,'2025-10-10',46000),

(161,4,800,'2025-06-15',0),
(162,4,800,'2025-07-15',0),
(163,4,800,'2025-08-15',0),
(164,4,800,'2025-09-15',0),
(165,4,800,'2025-10-15',0),

(166,5,700,'2025-06-20',0),
(167,5,700,'2025-07-20',0),
(168,5,700,'2025-08-20',0),
(169,5,700,'2025-09-20',0),
(170,5,700,'2025-10-20',0),

(171,1,500,'2025-11-01',0),
(172,1,500,'2025-12-01',0),
(173,2,600,'2025-11-05',0),
(174,2,600,'2025-12-05',0),
(175,3,1000,'2025-11-10',45000),

(176,3,1000,'2025-12-10',44000),
(177,4,800,'2025-11-15',0),
(178,4,800,'2025-12-15',0),
(179,5,700,'2025-11-20',0),
(180,5,700,'2025-12-20',0),

(181,1,500,'2026-01-01',0),
(182,1,500,'2026-02-01',0),
(183,2,600,'2026-01-05',0),
(184,2,600,'2026-02-05',0),
(185,3,1000,'2026-01-10',43000),

(186,3,1000,'2026-02-10',42000),
(187,4,800,'2026-01-15',0),
(188,4,800,'2026-02-15',0),
(189,5,700,'2026-01-20',0),
(190,5,700,'2026-02-20',0),

(191,1,500,'2026-03-01',0),
(192,2,600,'2026-03-05',0),
(193,3,1000,'2026-03-10',41000),
(194,4,800,'2026-03-15',0),
(195,5,700,'2026-03-20',0),

(196,1,500,'2026-04-01',0),
(197,2,600,'2026-04-05',0),
(198,3,1000,'2026-04-10',40000),
(199,4,800,'2026-04-15',0),
(200,5,700,'2026-04-20',0),


(201,1,500,'2026-05-01',0),
(202,1,500,'2026-06-01',0),
(203,1,500,'2026-07-01',0),
(204,1,500,'2026-08-01',0),
(205,1,500,'2026-09-01',0),

(206,2,600,'2026-05-05',0),
(207,2,600,'2026-06-05',0),
(208,2,600,'2026-07-05',0),
(209,2,600,'2026-08-05',0),
(210,2,600,'2026-09-05',0),

(211,3,1000,'2026-05-10',39000),
(212,3,1000,'2026-06-10',38000),
(213,3,1000,'2026-07-10',37000),
(214,3,1000,'2026-08-10',36000),
(215,3,1000,'2026-09-10',35000),

(216,4,800,'2026-05-15',0),
(217,4,800,'2026-06-15',0),
(218,4,800,'2026-07-15',0),
(219,4,800,'2026-08-15',0),
(220,4,800,'2026-09-15',0),

(221,5,700,'2026-05-20',0),
(222,5,700,'2026-06-20',0),
(223,5,700,'2026-07-20',0),
(224,5,700,'2026-08-20',0),
(225,5,700,'2026-09-20',0),

(226,1,500,'2026-10-01',0),
(227,1,500,'2026-11-01',0),
(228,1,500,'2026-12-01',0),
(229,2,600,'2026-10-05',0),
(230,2,600,'2026-11-05',0),

(231,2,600,'2026-12-05',0),
(232,3,1000,'2026-10-10',34000),
(233,3,1000,'2026-11-10',33000),
(234,3,1000,'2026-12-10',32000),
(235,4,800,'2026-10-15',0),

(236,4,800,'2026-11-15',0),
(237,4,800,'2026-12-15',0),
(238,5,700,'2026-10-20',0),
(239,5,700,'2026-11-20',0),
(240,5,700,'2026-12-20',0),

(241,1,500,'2027-01-01',0),
(242,1,500,'2027-02-01',0),
(243,2,600,'2027-01-05',0),
(244,2,600,'2027-02-05',0),
(245,3,1000,'2027-01-10',31000),

(246,3,1000,'2027-02-10',30000),
(247,4,800,'2027-01-15',0),
(248,4,800,'2027-02-15',0),
(249,5,700,'2027-01-20',0),
(250,5,700,'2027-02-20',0),

(251,1,500,'2027-03-01',0),
(252,1,500,'2027-04-01',0),
(253,2,600,'2027-03-05',0),
(254,2,600,'2027-04-05',0),
(255,3,1000,'2027-03-10',29000),

(256,3,1000,'2027-04-10',28000),
(257,4,800,'2027-03-15',0),
(258,4,800,'2027-04-15',0),
(259,5,700,'2027-03-20',0),
(260,5,700,'2027-04-20',0),

(261,1,500,'2027-05-01',0),
(262,1,500,'2027-06-01',0),
(263,2,600,'2027-05-05',0),
(264,2,600,'2027-06-05',0),
(265,3,1000,'2027-05-10',27000),

(266,3,1000,'2027-06-10',26000),
(267,4,800,'2027-05-15',0),
(268,4,800,'2027-06-15',0),
(269,5,700,'2027-05-20',0),
(270,5,700,'2027-06-20',0),

(271,1,500,'2027-07-01',0),
(272,1,500,'2027-08-01',0),
(273,2,600,'2027-07-05',0),
(274,2,600,'2027-08-05',0),
(275,3,1000,'2027-07-10',25000),

(276,3,1000,'2027-08-10',24000),
(277,4,800,'2027-07-15',0),
(278,4,800,'2027-08-15',0),
(279,5,700,'2027-07-20',0),
(280,5,700,'2027-08-20',0),

(281,1,500,'2027-09-01',0),
(282,1,500,'2027-10-01',0),
(283,2,600,'2027-09-05',0),
(284,2,600,'2027-10-05',0),
(285,3,1000,'2027-09-10',23000),

(286,3,1000,'2027-10-10',22000),
(287,4,800,'2027-09-15',0),
(288,4,800,'2027-10-15',0),
(289,5,700,'2027-09-20',0),
(290,5,700,'2027-10-20',0),

(291,1,500,'2027-11-01',0),
(292,1,500,'2027-12-01',0),
(293,2,600,'2027-11-05',0),
(294,2,600,'2027-12-05',0),
(295,3,1000,'2027-11-10',21000),

(296,3,1000,'2027-12-10',20000),
(297,4,800,'2027-11-15',0),
(298,4,800,'2027-12-15',0),
(299,5,700,'2027-11-20',0),
(300,5,700,'2027-12-20',0),

(301,1,500,'2028-01-01',0),
(302,1,500,'2028-02-01',0),
(303,2,600,'2028-01-05',0),
(304,2,600,'2028-02-05',0),
(305,3,1000,'2028-01-10',19000),

(306,3,1000,'2028-02-10',18000),
(307,4,800,'2028-01-15',0),
(308,4,800,'2028-02-15',0),
(309,5,700,'2028-01-20',0),
(310,5,700,'2028-02-20',0),

(311,1,500,'2028-03-01',0),
(312,1,500,'2028-04-01',0),
(313,2,600,'2028-03-05',0),
(314,2,600,'2028-04-05',0),
(315,3,1000,'2028-03-10',17000),

(316,3,1000,'2028-04-10',16000),
(317,4,800,'2028-03-15',0),
(318,4,800,'2028-04-15',0),
(319,5,700,'2028-03-20',0),
(320,5,700,'2028-04-20',0),

(321,1,500,'2028-05-01',0),
(322,1,500,'2028-06-01',0),
(323,2,600,'2028-05-05',0),
(324,2,600,'2028-06-05',0),
(325,3,1000,'2028-05-10',14000),

(326,3,1000,'2028-06-10',13000),
(327,4,800,'2028-05-15',0),
(328,4,800,'2028-06-15',0),
(329,5,700,'2028-05-20',0),
(330,5,700,'2028-06-20',0),

(331,1,500,'2028-07-01',0),
(332,1,500,'2028-08-01',0),
(333,2,600,'2028-07-05',0),
(334,2,600,'2028-08-05',0),
(335,3,1000,'2028-07-10',12000),

(336,3,1000,'2028-08-10',11000),
(337,4,800,'2028-07-15',0),
(338,4,800,'2028-08-15',0),
(339,5,700,'2028-07-20',0),
(340,5,700,'2028-08-20',0),


(341,1,500,'2028-09-01',0),
(342,1,500,'2028-10-01',0),
(343,2,600,'2028-09-05',0),
(344,2,600,'2028-10-05',0),
(345,3,1000,'2028-09-10',9000),

(346,3,1000,'2028-10-10',8000),
(347,4,800,'2028-09-15',0),
(348,4,800,'2028-10-15',0),
(349,5,700,'2028-09-20',0),
(350,5,700,'2028-10-20',0);


CREATE TABLE CreditScores 
   (CustomerID INT PRIMARY KEY,
    CreditScore INT,
    UpdatedAt DATETIME,
    FOREIGN KEY (CustomerID) REFERENCES Customers(CustomerID));


INSERT INTO CreditScores
(CustomerID, CreditScore, UpdatedAt)
VALUES
(1,720,'2026-01-01'),
(2,680,'2026-01-01'),
(3,750,'2026-01-01'),
(4,690,'2026-01-01'),
(5,710,'2026-01-01'),
(6,700,'2026-01-01'),
(7,730,'2026-01-01'),
(8,725,'2026-01-01'),
(9,695,'2026-01-01'),
(10,705,'2026-01-01'),
(11,710,'2026-01-01'),
(12,720,'2026-01-01'),
(13,735,'2026-01-01'),
(14,695,'2026-01-01'),
(15,705,'2026-01-01'),
(16,700,'2026-01-01'),
(17,725,'2026-01-01'),
(18,710,'2026-01-01'),
(19,690,'2026-01-01'),
(20,715,'2026-01-01'),
(21,720,'2026-01-01'),
(22,730,'2026-01-01'),
(23,705,'2026-01-01'),
(24,700,'2026-01-01'),
(25,715,'2026-01-01'),
(26,725,'2026-01-01'),
(27,710,'2026-01-01'),
(28,695,'2026-01-01'),
(29,705,'2026-01-01'),
(30,720,'2026-01-01'),
(31,730,'2026-01-01'),
(32,710,'2026-01-01'),
(33,695,'2026-01-01'),
(34,700,'2026-01-01'),
(35,715,'2026-01-01'),
(36,725,'2026-01-01'),
(37,705,'2026-01-01'),
(38,710,'2026-01-01'),
(39,695,'2026-01-01'),
(40,720,'2026-01-01'),
(41,730,'2026-01-01'),
(42,700,'2026-01-01'),
(43,715,'2026-01-01'),
(44,725,'2026-01-01'),
(45,710,'2026-01-01'),
(46,695,'2026-01-01'),
(47,705,'2026-01-01'),
(48,720,'2026-01-01'),
(49,730,'2026-01-01'),
(50,710,'2026-01-01'),
(51,700,'2026-01-01'),
(52,715,'2026-01-01'),
(53,725,'2026-01-01'),
(54,705,'2026-01-01'),
(55,710,'2026-01-01'),
(56,695,'2026-01-01'),
(57,720,'2026-01-01'),
(58,730,'2026-01-01'),
(59,715,'2026-01-01'),
(60,700,'2026-01-01'),
(61,705,'2026-01-01'),
(62,710,'2026-01-01'),
(63,725,'2026-01-01'),
(64,695,'2026-01-01'),
(65,720,'2026-01-01'),
(66,730,'2026-01-01'),
(67,715,'2026-01-01'),
(68,705,'2026-01-01'),
(69,700,'2026-01-01'),
(70,710,'2026-01-01'),


(71,720,'2026-01-01'),
(72,705,'2026-01-01'),
(73,710,'2026-01-01'),
(74,695,'2026-01-01'),
(75,725,'2026-01-01'),
(76,700,'2026-01-01'),
(77,715,'2026-01-01'),
(78,730,'2026-01-01'),
(79,710,'2026-01-01'),
(80,705,'2026-01-01'),
(81,720,'2026-01-01'),
(82,695,'2026-01-01'),
(83,725,'2026-01-01'),
(84,710,'2026-01-01'),
(85,700,'2026-01-01'),
(86,715,'2026-01-01'),
(87,730,'2026-01-01'),
(88,705,'2026-01-01'),
(89,720,'2026-01-01'),
(90,710,'2026-01-01'),
(91,695,'2026-01-01'),
(92,725,'2026-01-01'),
(93,700,'2026-01-01'),
(94,715,'2026-01-01'),
(95,730,'2026-01-01'),
(96,710,'2026-01-01'),
(97,705,'2026-01-01'),
(98,720,'2026-01-01'),
(99,695,'2026-01-01'),
(100,725,'2026-01-01'),

(101,710,'2026-01-01'),
(102,700,'2026-01-01'),
(103,715,'2026-01-01'),
(104,730,'2026-01-01'),
(105,705,'2026-01-01'),
(106,720,'2026-01-01'),
(107,695,'2026-01-01'),
(108,725,'2026-01-01'),
(109,710,'2026-01-01'),
(110,700,'2026-01-01'),
(111,715,'2026-01-01'),
(112,730,'2026-01-01'),
(113,705,'2026-01-01'),
(114,720,'2026-01-01'),
(115,695,'2026-01-01'),
(116,725,'2026-01-01'),
(117,710,'2026-01-01'),
(118,700,'2026-01-01'),
(119,715,'2026-01-01'),
(120,730,'2026-01-01'),

(121,705,'2026-01-01'),
(122,720,'2026-01-01'),
(123,695,'2026-01-01'),
(124,725,'2026-01-01'),
(125,710,'2026-01-01'),
(126,700,'2026-01-01'),
(127,715,'2026-01-01'),
(128,730,'2026-01-01'),
(129,705,'2026-01-01'),
(130,720,'2026-01-01'),
(131,695,'2026-01-01'),
(132,725,'2026-01-01'),
(133,710,'2026-01-01'),
(134,700,'2026-01-01'),
(135,715,'2026-01-01'),
(136,730,'2026-01-01'),
(137,705,'2026-01-01'),
(138,720,'2026-01-01'),
(139,695,'2026-01-01'),
(140,725,'2026-01-01'),

(141,710,'2026-01-01'),
(142,700,'2026-01-01'),
(143,715,'2026-01-01'),
(144,730,'2026-01-01'),
(145,705,'2026-01-01'),
(146,720,'2026-01-01'),
(147,695,'2026-01-01'),
(148,725,'2026-01-01'),
(149,710,'2026-01-01'),
(150,700,'2026-01-01'),
(151,715,'2026-01-01'),
(152,730,'2026-01-01'),
(153,705,'2026-01-01'),
(154,720,'2026-01-01'),
(155,695,'2026-01-01'),
(156,725,'2026-01-01'),
(157,710,'2026-01-01'),
(158,700,'2026-01-01'),
(159,715,'2026-01-01'),
(160,730,'2026-01-01'),

(161,705,'2026-01-01'),
(162,720,'2026-01-01'),
(163,695,'2026-01-01'),
(164,725,'2026-01-01'),
(165,710,'2026-01-01'),
(166,700,'2026-01-01'),
(167,715,'2026-01-01'),
(168,730,'2026-01-01'),
(169,705,'2026-01-01'),
(170,720,'2026-01-01'),
(171,695,'2026-01-01'),
(172,725,'2026-01-01'),
(173,710,'2026-01-01'),
(174,700,'2026-01-01'),
(175,715,'2026-01-01'),
(176,730,'2026-01-01'),
(177,705,'2026-01-01'),
(178,720,'2026-01-01'),
(179,695,'2026-01-01'),
(180,725,'2026-01-01'),

(181,710,'2026-01-01'),
(182,700,'2026-01-01'),
(183,715,'2026-01-01'),
(184,730,'2026-01-01'),
(185,705,'2026-01-01'),
(186,720,'2026-01-01'),
(187,695,'2026-01-01'),
(188,725,'2026-01-01'),
(189,710,'2026-01-01'),
(190,700,'2026-01-01'),
(191,715,'2026-01-01'),
(192,730,'2026-01-01'),
(193,705,'2026-01-01'),
(194,720,'2026-01-01'),
(195,695,'2026-01-01'),
(196,725,'2026-01-01'),
(197,710,'2026-01-01'),
(198,700,'2026-01-01'),
(199,715,'2026-01-01'),
(200,730,'2026-01-01'),

(201,720,'2026-01-01'),
(202,705,'2026-01-01'),
(203,710,'2026-01-01'),
(204,695,'2026-01-01'),
(205,725,'2026-01-01'),
(206,700,'2026-01-01'),
(207,715,'2026-01-01'),
(208,730,'2026-01-01'),
(209,710,'2026-01-01'),
(210,705,'2026-01-01'),
(211,720,'2026-01-01'),
(212,695,'2026-01-01'),
(213,725,'2026-01-01'),
(214,710,'2026-01-01'),
(215,700,'2026-01-01'),
(216,715,'2026-01-01'),
(217,730,'2026-01-01'),
(218,705,'2026-01-01'),
(219,720,'2026-01-01'),
(220,710,'2026-01-01'),

(221,695,'2026-01-01'),
(222,725,'2026-01-01'),
(223,700,'2026-01-01'),
(224,715,'2026-01-01'),
(225,730,'2026-01-01'),
(226,710,'2026-01-01'),
(227,705,'2026-01-01'),
(228,720,'2026-01-01'),
(229,695,'2026-01-01'),
(230,725,'2026-01-01'),
(231,710,'2026-01-01'),
(232,700,'2026-01-01'),
(233,715,'2026-01-01'),
(234,730,'2026-01-01'),
(235,705,'2026-01-01'),
(236,720,'2026-01-01'),
(237,695,'2026-01-01'),
(238,725,'2026-01-01'),
(239,710,'2026-01-01'),
(240,700,'2026-01-01'),

(241,715,'2026-01-01'),
(242,730,'2026-01-01'),
(243,705,'2026-01-01'),
(244,720,'2026-01-01'),
(245,695,'2026-01-01'),
(246,725,'2026-01-01'),
(247,710,'2026-01-01'),
(248,700,'2026-01-01'),
(249,715,'2026-01-01'),
(250,730,'2026-01-01'),
(251,705,'2026-01-01'),
(252,720,'2026-01-01'),
(253,695,'2026-01-01'),
(254,725,'2026-01-01'),
(255,710,'2026-01-01'),
(256,700,'2026-01-01'),
(257,715,'2026-01-01'),
(258,730,'2026-01-01'),
(259,705,'2026-01-01'),
(260,720,'2026-01-01'),

(261,695,'2026-01-01'),
(262,725,'2026-01-01'),
(263,710,'2026-01-01'),
(264,700,'2026-01-01'),
(265,715,'2026-01-01'),
(266,730,'2026-01-01'),
(267,705,'2026-01-01'),
(268,720,'2026-01-01'),
(269,695,'2026-01-01'),
(270,725,'2026-01-01'),
(271,710,'2026-01-01'),
(272,700,'2026-01-01'),
(273,715,'2026-01-01'),
(274,730,'2026-01-01'),
(275,705,'2026-01-01'),
(276,720,'2026-01-01'),
(277,695,'2026-01-01'),
(278,725,'2026-01-01'),
(279,710,'2026-01-01'),
(280,700,'2026-01-01'),

(281,715,'2026-01-01'),
(282,730,'2026-01-01'),
(283,705,'2026-01-01'),
(284,720,'2026-01-01'),
(285,695,'2026-01-01'),
(286,725,'2026-01-01'),
(287,710,'2026-01-01'),
(288,700,'2026-01-01'),
(289,715,'2026-01-01'),
(290,730,'2026-01-01'),
(291,705,'2026-01-01'),
(292,720,'2026-01-01'),
(293,695,'2026-01-01'),
(294,725,'2026-01-01'),
(295,710,'2026-01-01'),
(296,700,'2026-01-01'),
(297,715,'2026-01-01'),
(298,730,'2026-01-01'),
(299,705,'2026-01-01'),
(300,720,'2026-01-01'),

(301,695,'2026-01-01'),
(302,725,'2026-01-01'),
(303,710,'2026-01-01'),
(304,700,'2026-01-01'),
(305,715,'2026-01-01'),
(306,730,'2026-01-01'),
(307,705,'2026-01-01'),
(308,720,'2026-01-01'),
(309,695,'2026-01-01'),
(310,725,'2026-01-01'),
(311,710,'2026-01-01'),
(312,700,'2026-01-01'),
(313,715,'2026-01-01'),
(314,730,'2026-01-01'),
(315,705,'2026-01-01'),
(316,720,'2026-01-01'),
(317,695,'2026-01-01'),
(318,725,'2026-01-01'),
(319,710,'2026-01-01'),
(320,700,'2026-01-01'),

(321,715,'2026-01-01'),
(322,730,'2026-01-01'),
(323,705,'2026-01-01'),
(324,720,'2026-01-01'),
(325,695,'2026-01-01'),
(326,725,'2026-01-01'),
(327,710,'2026-01-01'),
(328,700,'2026-01-01'),
(329,715,'2026-01-01'),
(330,730,'2026-01-01'),
(331,705,'2026-01-01'),
(332,720,'2026-01-01'),
(333,695,'2026-01-01'),
(334,725,'2026-01-01'),
(335,710,'2026-01-01'),
(336,700,'2026-01-01'),
(337,715,'2026-01-01'),
(338,730,'2026-01-01'),
(339,705,'2026-01-01'),
(340,720,'2026-01-01'),

(341,695,'2026-01-01'),
(342,725,'2026-01-01'),
(343,710,'2026-01-01'),
(344,700,'2026-01-01'),
(345,715,'2026-01-01'),
(346,730,'2026-01-01'),
(347,705,'2026-01-01'),
(348,720,'2026-01-01'),
(349,695,'2026-01-01'),
(350,725,'2026-01-01');

ALTER TABLE dbo.CreditScores
NOCHECK CONSTRAINT FK__CreditSco__Custo__11558062;


CREATE TABLE DebtCollection 
   (DebtID INT PRIMARY KEY,
    CustomerID INT,
    AmountDue DECIMAL(15,2),
    DueDate DATE,
    CollectorAssigned VARCHAR(100),
    FOREIGN KEY (CustomerID) REFERENCES Customers(CustomerID));


INSERT INTO DebtCollection
(DebtID, CustomerID, AmountDue, DueDate, CollectorAssigned)
VALUES
(1,1,1200,'2026-06-15','Collector 3'),
(2,2,450,'2026-07-10','Collector 7'),
(3,3,3200,'2026-08-05','Collector 2'),
(4,4,780,'2026-09-20','Collector 5'),
(5,5,1500,'2026-06-25','Collector 1'),
(6,6,2200,'2026-07-30','Collector 9'),
(7,7,310,'2026-08-18','Collector 4'),
(8,8,4800,'2026-09-10','Collector 6'),
(9,9,650,'2026-07-22','Collector 8'),
(10,10,2900,'2026-08-30','Collector 10'),

(11,11,1300,'2026-06-12','Collector 1'),
(12,12,4000,'2026-07-05','Collector 2'),
(13,13,2250,'2026-08-15','Collector 3'),
(14,14,1750,'2026-09-25','Collector 4'),
(15,15,950,'2026-06-18','Collector 5'),
(16,16,2850,'2026-07-28','Collector 6'),
(17,17,1250,'2026-08-22','Collector 7'),
(18,18,3600,'2026-09-12','Collector 8'),
(19,19,500,'2026-06-30','Collector 9'),
(20,20,2000,'2026-07-15','Collector 10'),

(21,21,1400,'2026-06-20','Collector 1'),
(22,22,750,'2026-07-25','Collector 2'),
(23,23,1950,'2026-08-12','Collector 3'),
(24,24,2750,'2026-09-08','Collector 4'),
(25,25,3200,'2026-06-10','Collector 5'),
(26,26,1100,'2026-07-18','Collector 6'),
(27,27,900,'2026-08-05','Collector 7'),
(28,28,4150,'2026-09-20','Collector 8'),
(29,29,1600,'2026-06-25','Collector 9'),
(30,30,2300,'2026-07-30','Collector 10'),

(31,31,1250,'2026-06-15','Collector 1'),
(32,32,3400,'2026-07-10','Collector 2'),
(33,33,2800,'2026-08-05','Collector 3'),
(34,34,950,'2026-09-20','Collector 4'),
(35,35,1200,'2026-06-25','Collector 5'),
(36,36,2600,'2026-07-30','Collector 6'),
(37,37,1750,'2026-08-18','Collector 7'),
(38,38,4000,'2026-09-10','Collector 8'),
(39,39,600,'2026-07-22','Collector 9'),
(40,40,2200,'2026-08-30','Collector 10'),

(41,41,1350,'2026-06-12','Collector 1'),
(42,42,4200,'2026-07-05','Collector 2'),
(43,43,2100,'2026-08-15','Collector 3'),
(44,44,1850,'2026-09-25','Collector 4'),
(45,45,1000,'2026-06-18','Collector 5'),
(46,46,2900,'2026-07-28','Collector 6'),
(47,47,1300,'2026-08-22','Collector 7'),
(48,48,3500,'2026-09-12','Collector 8'),
(49,49,550,'2026-06-30','Collector 9'),
(50,50,2100,'2026-07-15','Collector 10'),

(51,51,1500,'2026-06-20','Collector 1'),
(52,52,800,'2026-07-25','Collector 2'),
(53,53,2000,'2026-08-12','Collector 3'),
(54,54,2800,'2026-09-08','Collector 4'),
(55,55,3300,'2026-06-10','Collector 5'),
(56,56,1150,'2026-07-18','Collector 6'),
(57,57,950,'2026-08-05','Collector 7'),
(58,58,4300,'2026-09-20','Collector 8'),
(59,59,1650,'2026-06-25','Collector 9'),
(60,60,2400,'2026-07-30','Collector 10'),

(61,61,1300,'2026-06-15','Collector 1'),
(62,62,3500,'2026-07-10','Collector 2'),
(63,63,2900,'2026-08-05','Collector 3'),
(64,64,1000,'2026-09-20','Collector 4'),
(65,65,1250,'2026-06-25','Collector 5'),
(66,66,2700,'2026-07-30','Collector 6'),
(67,67,1800,'2026-08-18','Collector 7'),
(68,68,4100,'2026-09-10','Collector 8'),
(69,69,650,'2026-07-22','Collector 9'),
(70,70,2300,'2026-08-30','Collector 10'),

(71,71,1400,'2026-06-12','Collector 1'),
(72,72,4300,'2026-07-05','Collector 2'),
(73,73,2150,'2026-08-15','Collector 3'),
(74,74,1900,'2026-09-25','Collector 4'),
(75,75,1050,'2026-06-18','Collector 5'),
(76,76,2950,'2026-07-28','Collector 6'),
(77,77,1350,'2026-08-22','Collector 7'),
(78,78,3600,'2026-09-12','Collector 8'),
(79,79,575,'2026-06-30','Collector 9'),
(80,80,2200,'2026-07-15','Collector 10'),

(81,81,1550,'2026-06-20','Collector 1'),
(82,82,820,'2026-07-25','Collector 2'),
(83,83,2050,'2026-08-12','Collector 3'),
(84,84,2850,'2026-09-08','Collector 4'),
(85,85,3350,'2026-06-10','Collector 5'),
(86,86,1180,'2026-07-18','Collector 6'),
(87,87,980,'2026-08-05','Collector 7'),
(88,88,4350,'2026-09-20','Collector 8'),
(89,89,1680,'2026-06-25','Collector 9'),
(90,90,2450,'2026-07-30','Collector 10'),

(91,91,1320,'2026-06-15','Collector 1'),
(92,92,3550,'2026-07-10','Collector 2'),
(93,93,2950,'2026-08-05','Collector 3'),
(94,94,1020,'2026-09-20','Collector 4'),
(95,95,1280,'2026-06-25','Collector 5'),
(96,96,2750,'2026-07-30','Collector 6'),
(97,97,1850,'2026-08-18','Collector 7'),
(98,98,4150,'2026-09-10','Collector 8'),

(99,99,670,'2026-07-22','Collector 9'),
(100,100,2350,'2026-08-30','Collector 10'),

(101,101,1250,'2026-06-15','Collector 2'),
(102,102,3100,'2026-07-10','Collector 5'),
(103,103,480,'2026-08-05','Collector 1'),
(104,104,2200,'2026-09-20','Collector 3'),
(105,105,1450,'2026-06-25','Collector 7'),
(106,106,3000,'2026-07-30','Collector 4'),
(107,107,720,'2026-08-18','Collector 9'),
(108,108,2650,'2026-09-10','Collector 6'),
(109,109,950,'2026-07-22','Collector 8'),
(110,110,1800,'2026-08-30','Collector 10'),

(111,111,1300,'2026-06-12','Collector 1'),
(112,112,2100,'2026-07-05','Collector 2'),
(113,113,3200,'2026-08-15','Collector 3'),
(114,114,1550,'2026-09-25','Collector 4'),
(115,115,400,'2026-06-18','Collector 5'),
(116,116,2900,'2026-07-28','Collector 6'),
(117,117,1700,'2026-08-22','Collector 7'),
(118,118,3500,'2026-09-12','Collector 8'),
(119,119,680,'2026-06-30','Collector 9'),
(120,120,2100,'2026-07-15','Collector 10'),

(121,121,1500,'2026-06-20','Collector 1'),
(122,122,900,'2026-07-25','Collector 2'),
(123,123,2450,'2026-08-12','Collector 3'),
(124,124,3100,'2026-09-08','Collector 4'),
(125,125,2000,'2026-06-10','Collector 5'),
(126,126,1150,'2026-07-18','Collector 6'),
(127,127,780,'2026-08-05','Collector 7'),
(128,128,4200,'2026-09-20','Collector 8'),
(129,129,1650,'2026-06-25','Collector 9'),
(130,130,2400,'2026-07-30','Collector 10'),

(131,131,1350,'2026-06-15','Collector 1'),
(132,132,3500,'2026-07-10','Collector 2'),
(133,133,2800,'2026-08-05','Collector 3'),
(134,134,950,'2026-09-20','Collector 4'),
(135,135,1200,'2026-06-25','Collector 5'),
(136,136,2600,'2026-07-30','Collector 6'),
(137,137,1750,'2026-08-18','Collector 7'),
(138,138,4000,'2026-09-10','Collector 8'),
(139,139,600,'2026-07-22','Collector 9'),
(140,140,2200,'2026-08-30','Collector 10'),

(141,141,1400,'2026-06-12','Collector 1'),
(142,142,4200,'2026-07-05','Collector 2'),
(143,143,2100,'2026-08-15','Collector 3'),
(144,144,1850,'2026-09-25','Collector 4'),
(145,145,1000,'2026-06-18','Collector 5'),
(146,146,2900,'2026-07-28','Collector 6'),
(147,147,1300,'2026-08-22','Collector 7'),
(148,148,3500,'2026-09-12','Collector 8'),
(149,149,550,'2026-06-30','Collector 9'),
(150,150,2100,'2026-07-15','Collector 10'),

(151,151,1550,'2026-06-20','Collector 1'),
(152,152,850,'2026-07-25','Collector 2'),
(153,153,2000,'2026-08-12','Collector 3'),
(154,154,2800,'2026-09-08','Collector 4'),
(155,155,3300,'2026-06-10','Collector 5'),
(156,156,1100,'2026-07-18','Collector 6'),
(157,157,950,'2026-08-05','Collector 7'),
(158,158,4300,'2026-09-20','Collector 8'),
(159,159,1650,'2026-06-25','Collector 9'),
(160,160,2400,'2026-07-30','Collector 10'),

(161,161,1300,'2026-06-15','Collector 1'),
(162,162,3550,'2026-07-10','Collector 2'),
(163,163,2950,'2026-08-05','Collector 3'),
(164,164,1020,'2026-09-20','Collector 4'),
(165,165,1280,'2026-06-25','Collector 5'),
(166,166,2750,'2026-07-30','Collector 6'),
(167,167,1850,'2026-08-18','Collector 7'),
(168,168,4150,'2026-09-10','Collector 8'),
(169,169,670,'2026-07-22','Collector 9'),
(170,170,2350,'2026-08-30','Collector 10'),

(171,171,1450,'2026-06-12','Collector 1'),
(172,172,4300,'2026-07-05','Collector 2'),
(173,173,2150,'2026-08-15','Collector 3'),
(174,174,1900,'2026-09-25','Collector 4'),
(175,175,1050,'2026-06-18','Collector 5'),
(176,176,2950,'2026-07-28','Collector 6'),
(177,177,1350,'2026-08-22','Collector 7'),
(178,178,3600,'2026-09-12','Collector 8'),
(179,179,575,'2026-06-30','Collector 9'),
(180,180,2200,'2026-07-15','Collector 10'),

(181,181,1550,'2026-06-20','Collector 1'),
(182,182,820,'2026-07-25','Collector 2'),
(183,183,2050,'2026-08-12','Collector 3'),
(184,184,2850,'2026-09-08','Collector 4'),
(185,185,3350,'2026-06-10','Collector 5'),
(186,186,1180,'2026-07-18','Collector 6'),
(187,187,980,'2026-08-05','Collector 7'),
(188,188,4350,'2026-09-20','Collector 8'),
(189,189,1680,'2026-06-25','Collector 9'),
(190,190,2450,'2026-07-30','Collector 10'),

(191,191,1320,'2026-06-15','Collector 1'),
(192,192,3550,'2026-07-10','Collector 2'),
(193,193,2950,'2026-08-05','Collector 3'),
(194,194,1020,'2026-09-20','Collector 4'),
(195,195,1280,'2026-06-25','Collector 5'),

(196,196,2750,'2026-07-30','Collector 6'),
(197,197,1850,'2026-08-18','Collector 7'),
(198,198,4150,'2026-09-10','Collector 8'),
(199,199,670,'2026-07-22','Collector 9'),
(200,200,2350,'2026-08-30','Collector 10'),

(201,201,1400,'2026-06-12','Collector 1'),
(202,202,4200,'2026-07-05','Collector 2'),
(203,203,2150,'2026-08-15','Collector 3'),
(204,204,1950,'2026-09-25','Collector 4'),
(205,205,1050,'2026-06-18','Collector 5'),
(206,206,3000,'2026-07-28','Collector 6'),
(207,207,1400,'2026-08-22','Collector 7'),
(208,208,3600,'2026-09-12','Collector 8'),
(209,209,580,'2026-06-30','Collector 9'),
(210,210,2250,'2026-07-15','Collector 10'),

(211,211,1550,'2026-06-20','Collector 1'),
(212,212,870,'2026-07-25','Collector 2'),
(213,213,2000,'2026-08-12','Collector 3'),
(214,214,2800,'2026-09-08','Collector 4'),
(215,215,3300,'2026-06-10','Collector 5'),
(216,216,1150,'2026-07-18','Collector 6'),
(217,217,950,'2026-08-05','Collector 7'),
(218,218,4300,'2026-09-20','Collector 8'),
(219,219,1650,'2026-06-25','Collector 9'),
(220,220,2400,'2026-07-30','Collector 10'),

(221,221,1500,'2026-06-15','Collector 1'),
(222,222,3200,'2026-07-10','Collector 2'),
(223,223,450,'2026-08-05','Collector 3'),
(224,224,2100,'2026-09-20','Collector 4'),
(225,225,1400,'2026-06-25','Collector 5'),
(226,226,3050,'2026-07-30','Collector 6'),
(227,227,700,'2026-08-18','Collector 7'),
(228,228,2700,'2026-09-10','Collector 8'),
(229,229,950,'2026-07-22','Collector 9'),
(230,230,1850,'2026-08-30','Collector 10'),

(231,231,1250,'2026-06-12','Collector 1'),
(232,232,2150,'2026-07-05','Collector 2'),
(233,233,3300,'2026-08-15','Collector 3'),
(234,234,1550,'2026-09-25','Collector 4'),
(235,235,500,'2026-06-18','Collector 5'),
(236,236,2950,'2026-07-28','Collector 6'),
(237,237,1700,'2026-08-22','Collector 7'),
(238,238,3600,'2026-09-12','Collector 8'),
(239,239,650,'2026-06-30','Collector 9'),
(240,240,2250,'2026-07-15','Collector 10'),

(241,241,1500,'2026-06-20','Collector 1'),
(242,242,850,'2026-07-25','Collector 2'),
(243,243,2000,'2026-08-12','Collector 3'),
(244,244,2850,'2026-09-08','Collector 4'),
(245,245,3400,'2026-06-10','Collector 5'),
(246,246,1200,'2026-07-18','Collector 6'),
(247,247,950,'2026-08-05','Collector 7'),
(248,248,4400,'2026-09-20','Collector 8'),
(249,249,1700,'2026-06-25','Collector 9'),
(250,250,2500,'2026-07-30','Collector 10'),

(251,251,1350,'2026-06-15','Collector 1'),
(252,252,3600,'2026-07-10','Collector 2'),
(253,253,2900,'2026-08-05','Collector 3'),
(254,254,1000,'2026-09-20','Collector 4'),
(255,255,1250,'2026-06-25','Collector 5'),
(256,256,2750,'2026-07-30','Collector 6'),
(257,257,1850,'2026-08-18','Collector 7'),
(258,258,4200,'2026-09-10','Collector 8'),
(259,259,700,'2026-07-22','Collector 9'),
(260,260,2350,'2026-08-30','Collector 10'),

(261,261,1450,'2026-06-12','Collector 1'),
(262,262,4350,'2026-07-05','Collector 2'),
(263,263,2200,'2026-08-15','Collector 3'),
(264,264,1950,'2026-09-25','Collector 4'),
(265,265,1100,'2026-06-18','Collector 5'),
(266,266,3050,'2026-07-28','Collector 6'),
(267,267,1400,'2026-08-22','Collector 7'),
(268,268,3700,'2026-09-12','Collector 8'),
(269,269,600,'2026-06-30','Collector 9'),
(270,270,2400,'2026-07-15','Collector 10'),

(271,271,1550,'2026-06-20','Collector 1'),
(272,272,870,'2026-07-25','Collector 2'),
(273,273,2050,'2026-08-12','Collector 3'),
(274,274,2850,'2026-09-08','Collector 4'),
(275,275,3350,'2026-06-10','Collector 5'),
(276,276,1180,'2026-07-18','Collector 6'),
(277,277,980,'2026-08-05','Collector 7'),
(278,278,4450,'2026-09-20','Collector 8'),
(279,279,1680,'2026-06-25','Collector 9'),
(280,280,2450,'2026-07-30','Collector 10'),

(281,281,1320,'2026-06-15','Collector 1'),
(282,282,3650,'2026-07-10','Collector 2'),
(283,283,3000,'2026-08-05','Collector 3'),
(284,284,1050,'2026-09-20','Collector 4'),
(285,285,1300,'2026-06-25','Collector 5'),
(286,286,2800,'2026-07-30','Collector 6'),
(287,287,1900,'2026-08-18','Collector 7'),
(288,288,4200,'2026-09-10','Collector 8'),
(289,289,680,'2026-07-22','Collector 9'),
(290,290,2400,'2026-08-30','Collector 10'),

(291,291,1400,'2026-06-12','Collector 1'),
(292,292,4300,'2026-07-05','Collector 2'),
(293,293,2150,'2026-08-15','Collector 3'),
(294,294,1950,'2026-09-25','Collector 4'),
(295,295,1100,'2026-06-18','Collector 5'),
(296,296,3000,'2026-07-28','Collector 6'),
(297,297,1450,'2026-08-22','Collector 7'),
(298,298,3700,'2026-09-12','Collector 8'),
(299,299,600,'2026-06-30','Collector 9'),
(300,300,2350,'2026-07-15','Collector 10'),

(301,301,1550,'2026-06-20','Collector 1'),
(302,302,880,'2026-07-25','Collector 2'),
(303,303,2100,'2026-08-12','Collector 3'),
(304,304,2900,'2026-09-08','Collector 4'),
(305,305,3400,'2026-06-10','Collector 5'),
(306,306,1200,'2026-07-18','Collector 6'),
(307,307,970,'2026-08-05','Collector 7'),
(308,308,4500,'2026-09-20','Collector 8'),
(309,309,1700,'2026-06-25','Collector 9'),
(310,310,2500,'2026-07-30','Collector 10'),

(311,311,1350,'2026-06-15','Collector 1'),
(312,312,3650,'2026-07-10','Collector 2'),
(313,313,2950,'2026-08-05','Collector 3'),
(314,314,1050,'2026-09-20','Collector 4'),
(315,315,1300,'2026-06-25','Collector 5'),

(316,316,2850,'2026-07-30','Collector 6'),
(317,317,1900,'2026-08-18','Collector 7'),
(318,318,4300,'2026-09-10','Collector 8'),
(319,319,700,'2026-07-22','Collector 9'),
(320,320,2450,'2026-08-30','Collector 10'),

(321,321,1420,'2026-06-12','Collector 1'),
(322,322,4350,'2026-07-05','Collector 2'),
(323,323,2200,'2026-08-15','Collector 3'),
(324,324,2000,'2026-09-25','Collector 4'),
(325,325,1150,'2026-06-18','Collector 5'),
(326,326,3100,'2026-07-28','Collector 6'),
(327,327,1500,'2026-08-22','Collector 7'),
(328,328,3800,'2026-09-12','Collector 8'),
(329,329,650,'2026-06-30','Collector 9'),
(330,330,2400,'2026-07-15','Collector 10'),

(331,331,1570,'2026-06-20','Collector 1'),
(332,332,890,'2026-07-25','Collector 2'),
(333,333,2150,'2026-08-12','Collector 3'),
(334,334,2950,'2026-09-08','Collector 4'),
(335,335,3450,'2026-06-10','Collector 5'),
(336,336,1220,'2026-07-18','Collector 6'),
(337,337,980,'2026-08-05','Collector 7'),
(338,338,4550,'2026-09-20','Collector 8'),
(339,339,1720,'2026-06-25','Collector 9'),
(340,340,2550,'2026-07-30','Collector 10'),

(341,341,1370,'2026-06-15','Collector 1'),
(342,342,3700,'2026-07-10','Collector 2'),
(343,343,3000,'2026-08-05','Collector 3'),
(344,344,1070,'2026-09-20','Collector 4'),
(345,345,1320,'2026-06-25','Collector 5'),
(346,346,2900,'2026-07-30','Collector 6'),
(347,347,1950,'2026-08-18','Collector 7'),
(348,348,4400,'2026-09-10','Collector 8'),
(349,349,720,'2026-07-22','Collector 9'),
(350,350,2500,'2026-08-30','Collector 10');

ALTER TABLE dbo.DebtCollection
NOCHECK CONSTRAINT FK__DebtColle__Custo__1431ED0D;


CREATE TABLE KYC 
   (KYCID INT PRIMARY KEY,
    CustomerID INT,
    DocumentType VARCHAR(50),
    DocumentNumber VARCHAR(50),
    VerifiedBy VARCHAR(100));



INSERT INTO KYC
(KYCID, CustomerID, DocumentType, DocumentNumber, VerifiedBy)
VALUES
(1,1,'Passport','AA000001','Officer 1'),
(2,2,'ID Card','AA000002','Officer 2'),
(3,3,'DriverLicense','AA000003','Officer 3'),
(4,4,'Passport','AA000004','Officer 4'),
(5,5,'ID Card','AA000005','Officer 5'),
(6,6,'DriverLicense','AA000006','Officer 6'),
(7,7,'Passport','AA000007','Officer 7'),
(8,8,'ID Card','AA000008','Officer 8'),
(9,9,'DriverLicense','AA000009','Officer 9'),
(10,10,'Passport','AA000010','Officer 10'),

(11,11,'ID Card','AA000011','Officer 1'),
(12,12,'DriverLicense','AA000012','Officer 2'),
(13,13,'Passport','AA000013','Officer 3'),
(14,14,'ID Card','AA000014','Officer 4'),
(15,15,'DriverLicense','AA000015','Officer 5'),
(16,16,'Passport','AA000016','Officer 6'),
(17,17,'ID Card','AA000017','Officer 7'),
(18,18,'DriverLicense','AA000018','Officer 8'),
(19,19,'Passport','AA000019','Officer 9'),
(20,20,'ID Card','AA000020','Officer 10'),

(21,21,'DriverLicense','AA000021','Officer 1'),
(22,22,'Passport','AA000022','Officer 2'),
(23,23,'ID Card','AA000023','Officer 3'),
(24,24,'DriverLicense','AA000024','Officer 4'),
(25,25,'Passport','AA000025','Officer 5'),
(26,26,'ID Card','AA000026','Officer 6'),
(27,27,'DriverLicense','AA000027','Officer 7'),
(28,28,'Passport','AA000028','Officer 8'),
(29,29,'ID Card','AA000029','Officer 9'),
(30,30,'DriverLicense','AA000030','Officer 10'),

(31,31,'Passport','AA000031','Officer 1'),
(32,32,'ID Card','AA000032','Officer 2'),
(33,33,'DriverLicense','AA000033','Officer 3'),
(34,34,'Passport','AA000034','Officer 4'),
(35,35,'ID Card','AA000035','Officer 5'),
(36,36,'DriverLicense','AA000036','Officer 6'),
(37,37,'Passport','AA000037','Officer 7'),
(38,38,'ID Card','AA000038','Officer 8'),
(39,39,'DriverLicense','AA000039','Officer 9'),
(40,40,'Passport','AA000040','Officer 10'),

(41,41,'ID Card','AA000041','Officer 1'),
(42,42,'DriverLicense','AA000042','Officer 2'),
(43,43,'Passport','AA000043','Officer 3'),
(44,44,'ID Card','AA000044','Officer 4'),
(45,45,'DriverLicense','AA000045','Officer 5'),
(46,46,'Passport','AA000046','Officer 6'),
(47,47,'ID Card','AA000047','Officer 7'),
(48,48,'DriverLicense','AA000048','Officer 8'),
(49,49,'Passport','AA000049','Officer 9'),
(50,50,'ID Card','AA000050','Officer 10'),

(51,51,'DriverLicense','AA000051','Officer 1'),
(52,52,'Passport','AA000052','Officer 2'),
(53,53,'ID Card','AA000053','Officer 3'),
(54,54,'DriverLicense','AA000054','Officer 4'),
(55,55,'Passport','AA000055','Officer 5'),
(56,56,'ID Card','AA000056','Officer 6'),
(57,57,'DriverLicense','AA000057','Officer 7'),
(58,58,'Passport','AA000058','Officer 8'),
(59,59,'ID Card','AA000059','Officer 9'),
(60,60,'DriverLicense','AA000060','Officer 10'),

(61,61,'Passport','AA000061','Officer 1'),
(62,62,'ID Card','AA000062','Officer 2'),
(63,63,'DriverLicense','AA000063','Officer 3'),
(64,64,'Passport','AA000064','Officer 4'),
(65,65,'ID Card','AA000065','Officer 5'),
(66,66,'DriverLicense','AA000066','Officer 6'),
(67,67,'Passport','AA000067','Officer 7'),
(68,68,'ID Card','AA000068','Officer 8'),
(69,69,'DriverLicense','AA000069','Officer 9'),
(70,70,'Passport','AA000070','Officer 10'),

(71,71,'ID Card','AA000071','Officer 1'),
(72,72,'DriverLicense','AA000072','Officer 2'),
(73,73,'Passport','AA000073','Officer 3'),
(74,74,'ID Card','AA000074','Officer 4'),
(75,75,'DriverLicense','AA000075','Officer 5'),
(76,76,'Passport','AA000076','Officer 6'),
(77,77,'ID Card','AA000077','Officer 7'),
(78,78,'DriverLicense','AA000078','Officer 8'),
(79,79,'Passport','AA000079','Officer 9'),
(80,80,'ID Card','AA000080','Officer 10'),

(81,81,'DriverLicense','AA000081','Officer 1'),
(82,82,'Passport','AA000082','Officer 2'),
(83,83,'ID Card','AA000083','Officer 3'),
(84,84,'DriverLicense','AA000084','Officer 4'),
(85,85,'Passport','AA000085','Officer 5'),
(86,86,'ID Card','AA000086','Officer 6'),
(87,87,'DriverLicense','AA000087','Officer 7'),
(88,88,'Passport','AA000088','Officer 8'),
(89,89,'ID Card','AA000089','Officer 9'),
(90,90,'DriverLicense','AA000090','Officer 10'),

(91,91,'Passport','AA000091','Officer 1'),
(92,92,'ID Card','AA000092','Officer 2'),
(93,93,'DriverLicense','AA000093','Officer 3'),
(94,94,'Passport','AA000094','Officer 4'),
(95,95,'ID Card','AA000095','Officer 5'),
(96,96,'DriverLicense','AA000096','Officer 6'),
(97,97,'Passport','AA000097','Officer 7'),
(98,98,'ID Card','AA000098','Officer 8'),
(99,99,'DriverLicense','AA000099','Officer 9'),
(100,100,'Passport','AA000100','Officer 10'),


(101,101,'Passport','AA000101','Officer 1'),
(102,102,'ID Card','AA000102','Officer 2'),
(103,103,'DriverLicense','AA000103','Officer 3'),
(104,104,'Passport','AA000104','Officer 4'),
(105,105,'ID Card','AA000105','Officer 5'),
(106,106,'DriverLicense','AA000106','Officer 6'),
(107,107,'Passport','AA000107','Officer 7'),
(108,108,'ID Card','AA000108','Officer 8'),
(109,109,'DriverLicense','AA000109','Officer 9'),
(110,110,'Passport','AA000110','Officer 10'),

(111,111,'ID Card','AA000111','Officer 1'),
(112,112,'DriverLicense','AA000112','Officer 2'),
(113,113,'Passport','AA000113','Officer 3'),
(114,114,'ID Card','AA000114','Officer 4'),
(115,115,'DriverLicense','AA000115','Officer 5'),
(116,116,'Passport','AA000116','Officer 6'),
(117,117,'ID Card','AA000117','Officer 7'),
(118,118,'DriverLicense','AA000118','Officer 8'),
(119,119,'Passport','AA000119','Officer 9'),
(120,120,'ID Card','AA000120','Officer 10'),

(121,121,'DriverLicense','AA000121','Officer 1'),
(122,122,'Passport','AA000122','Officer 2'),
(123,123,'ID Card','AA000123','Officer 3'),
(124,124,'DriverLicense','AA000124','Officer 4'),
(125,125,'Passport','AA000125','Officer 5'),
(126,126,'ID Card','AA000126','Officer 6'),
(127,127,'DriverLicense','AA000127','Officer 7'),
(128,128,'Passport','AA000128','Officer 8'),
(129,129,'ID Card','AA000129','Officer 9'),
(130,130,'DriverLicense','AA000130','Officer 10'),

(131,131,'Passport','AA000131','Officer 1'),
(132,132,'ID Card','AA000132','Officer 2'),
(133,133,'DriverLicense','AA000133','Officer 3'),
(134,134,'Passport','AA000134','Officer 4'),
(135,135,'ID Card','AA000135','Officer 5'),
(136,136,'DriverLicense','AA000136','Officer 6'),
(137,137,'Passport','AA000137','Officer 7'),
(138,138,'ID Card','AA000138','Officer 8'),
(139,139,'DriverLicense','AA000139','Officer 9'),
(140,140,'Passport','AA000140','Officer 10'),

(141,141,'ID Card','AA000141','Officer 1'),
(142,142,'DriverLicense','AA000142','Officer 2'),
(143,143,'Passport','AA000143','Officer 3'),
(144,144,'ID Card','AA000144','Officer 4'),
(145,145,'DriverLicense','AA000145','Officer 5'),
(146,146,'Passport','AA000146','Officer 6'),
(147,147,'ID Card','AA000147','Officer 7'),
(148,148,'DriverLicense','AA000148','Officer 8'),
(149,149,'Passport','AA000149','Officer 9'),
(150,150,'ID Card','AA000150','Officer 10'),

(151,151,'DriverLicense','AA000151','Officer 1'),
(152,152,'Passport','AA000152','Officer 2'),
(153,153,'ID Card','AA000153','Officer 3'),
(154,154,'DriverLicense','AA000154','Officer 4'),
(155,155,'Passport','AA000155','Officer 5'),
(156,156,'ID Card','AA000156','Officer 6'),
(157,157,'DriverLicense','AA000157','Officer 7'),
(158,158,'Passport','AA000158','Officer 8'),
(159,159,'ID Card','AA000159','Officer 9'),
(160,160,'DriverLicense','AA000160','Officer 10'),

(161,161,'Passport','AA000161','Officer 1'),
(162,162,'ID Card','AA000162','Officer 2'),
(163,163,'DriverLicense','AA000163','Officer 3'),
(164,164,'Passport','AA000164','Officer 4'),
(165,165,'ID Card','AA000165','Officer 5'),
(166,166,'DriverLicense','AA000166','Officer 6'),
(167,167,'Passport','AA000167','Officer 7'),
(168,168,'ID Card','AA000168','Officer 8'),
(169,169,'DriverLicense','AA000169','Officer 9'),
(170,170,'Passport','AA000170','Officer 10'),

(171,171,'ID Card','AA000171','Officer 1'),
(172,172,'DriverLicense','AA000172','Officer 2'),
(173,173,'Passport','AA000173','Officer 3'),
(174,174,'ID Card','AA000174','Officer 4'),
(175,175,'DriverLicense','AA000175','Officer 5'),
(176,176,'Passport','AA000176','Officer 6'),
(177,177,'ID Card','AA000177','Officer 7'),
(178,178,'DriverLicense','AA000178','Officer 8'),
(179,179,'Passport','AA000179','Officer 9'),
(180,180,'ID Card','AA000180','Officer 10'),

(181,181,'DriverLicense','AA000181','Officer 1'),
(182,182,'Passport','AA000182','Officer 2'),
(183,183,'ID Card','AA000183','Officer 3'),
(184,184,'DriverLicense','AA000184','Officer 4'),
(185,185,'Passport','AA000185','Officer 5'),
(186,186,'ID Card','AA000186','Officer 6'),
(187,187,'DriverLicense','AA000187','Officer 7'),
(188,188,'Passport','AA000188','Officer 8'),
(189,189,'ID Card','AA000189','Officer 9'),
(190,190,'DriverLicense','AA000190','Officer 10'),

(191,191,'Passport','AA000191','Officer 1'),
(192,192,'ID Card','AA000192','Officer 2'),
(193,193,'DriverLicense','AA000193','Officer 3'),
(194,194,'Passport','AA000194','Officer 4'),
(195,195,'ID Card','AA000195','Officer 5'),
(196,196,'DriverLicense','AA000196','Officer 6'),
(197,197,'Passport','AA000197','Officer 7'),
(198,198,'ID Card','AA000198','Officer 8'),
(199,199,'DriverLicense','AA000199','Officer 9'),
(200,200,'Passport','AA000200','Officer 10'),

(201,201,'ID Card','AA000201','Officer 1'),
(202,202,'DriverLicense','AA000202','Officer 2'),
(203,203,'Passport','AA000203','Officer 3'),
(204,204,'ID Card','AA000204','Officer 4'),
(205,205,'DriverLicense','AA000205','Officer 5'),
(206,206,'Passport','AA000206','Officer 6'),
(207,207,'ID Card','AA000207','Officer 7'),
(208,208,'DriverLicense','AA000208','Officer 8'),
(209,209,'Passport','AA000209','Officer 9'),
(210,210,'ID Card','AA000210','Officer 10'),

(211,211,'DriverLicense','AA000211','Officer 1'),
(212,212,'Passport','AA000212','Officer 2'),
(213,213,'ID Card','AA000213','Officer 3'),
(214,214,'DriverLicense','AA000214','Officer 4'),
(215,215,'Passport','AA000215','Officer 5'),
(216,216,'ID Card','AA000216','Officer 6'),
(217,217,'DriverLicense','AA000217','Officer 7'),
(218,218,'Passport','AA000218','Officer 8'),
(219,219,'ID Card','AA000219','Officer 9'),
(220,220,'DriverLicense','AA000220','Officer 10'),


(221,221,'Passport','AA000221','Officer 1'),
(222,222,'ID Card','AA000222','Officer 2'),
(223,223,'DriverLicense','AA000223','Officer 3'),
(224,224,'Passport','AA000224','Officer 4'),
(225,225,'ID Card','AA000225','Officer 5'),
(226,226,'DriverLicense','AA000226','Officer 6'),
(227,227,'Passport','AA000227','Officer 7'),
(228,228,'ID Card','AA000228','Officer 8'),
(229,229,'DriverLicense','AA000229','Officer 9'),
(230,230,'Passport','AA000230','Officer 10'),

(231,231,'ID Card','AA000231','Officer 1'),
(232,232,'DriverLicense','AA000232','Officer 2'),
(233,233,'Passport','AA000233','Officer 3'),
(234,234,'ID Card','AA000234','Officer 4'),
(235,235,'DriverLicense','AA000235','Officer 5'),
(236,236,'Passport','AA000236','Officer 6'),
(237,237,'ID Card','AA000237','Officer 7'),
(238,238,'DriverLicense','AA000238','Officer 8'),
(239,239,'Passport','AA000239','Officer 9'),
(240,240,'ID Card','AA000240','Officer 10'),

(241,241,'DriverLicense','AA000241','Officer 1'),
(242,242,'Passport','AA000242','Officer 2'),
(243,243,'ID Card','AA000243','Officer 3'),
(244,244,'DriverLicense','AA000244','Officer 4'),
(245,245,'Passport','AA000245','Officer 5'),
(246,246,'ID Card','AA000246','Officer 6'),
(247,247,'DriverLicense','AA000247','Officer 7'),
(248,248,'Passport','AA000248','Officer 8'),
(249,249,'ID Card','AA000249','Officer 9'),
(250,250,'DriverLicense','AA000250','Officer 10'),

(251,251,'Passport','AA000251','Officer 1'),
(252,252,'ID Card','AA000252','Officer 2'),
(253,253,'DriverLicense','AA000253','Officer 3'),
(254,254,'Passport','AA000254','Officer 4'),
(255,255,'ID Card','AA000255','Officer 5'),
(256,256,'DriverLicense','AA000256','Officer 6'),
(257,257,'Passport','AA000257','Officer 7'),
(258,258,'ID Card','AA000258','Officer 8'),
(259,259,'DriverLicense','AA000259','Officer 9'),
(260,260,'Passport','AA000260','Officer 10'),

(261,261,'ID Card','AA000261','Officer 1'),
(262,262,'DriverLicense','AA000262','Officer 2'),
(263,263,'Passport','AA000263','Officer 3'),
(264,264,'ID Card','AA000264','Officer 4'),
(265,265,'DriverLicense','AA000265','Officer 5'),
(266,266,'Passport','AA000266','Officer 6'),
(267,267,'ID Card','AA000267','Officer 7'),
(268,268,'DriverLicense','AA000268','Officer 8'),
(269,269,'Passport','AA000269','Officer 9'),
(270,270,'ID Card','AA000270','Officer 10'),

(271,271,'DriverLicense','AA000271','Officer 1'),
(272,272,'Passport','AA000272','Officer 2'),
(273,273,'ID Card','AA000273','Officer 3'),
(274,274,'DriverLicense','AA000274','Officer 4'),
(275,275,'Passport','AA000275','Officer 5'),
(276,276,'ID Card','AA000276','Officer 6'),
(277,277,'DriverLicense','AA000277','Officer 7'),
(278,278,'Passport','AA000278','Officer 8'),
(279,279,'ID Card','AA000279','Officer 9'),
(280,280,'DriverLicense','AA000280','Officer 10'),

(281,281,'Passport','AA000281','Officer 1'),
(282,282,'ID Card','AA000282','Officer 2'),
(283,283,'DriverLicense','AA000283','Officer 3'),
(284,284,'Passport','AA000284','Officer 4'),
(285,285,'ID Card','AA000285','Officer 5'),
(286,286,'DriverLicense','AA000286','Officer 6'),
(287,287,'Passport','AA000287','Officer 7'),
(288,288,'ID Card','AA000288','Officer 8'),
(289,289,'DriverLicense','AA000289','Officer 9'),
(290,290,'Passport','AA000290','Officer 10'),

(291,291,'ID Card','AA000291','Officer 1'),
(292,292,'DriverLicense','AA000292','Officer 2'),
(293,293,'Passport','AA000293','Officer 3'),
(294,294,'ID Card','AA000294','Officer 4'),
(295,295,'DriverLicense','AA000295','Officer 5'),
(296,296,'Passport','AA000296','Officer 6'),
(297,297,'ID Card','AA000297','Officer 7'),
(298,298,'DriverLicense','AA000298','Officer 8'),
(299,299,'Passport','AA000299','Officer 9'),
(300,300,'ID Card','AA000300','Officer 10'),

(301,301,'DriverLicense','AA000301','Officer 1'),
(302,302,'Passport','AA000302','Officer 2'),
(303,303,'ID Card','AA000303','Officer 3'),
(304,304,'DriverLicense','AA000304','Officer 4'),
(305,305,'Passport','AA000305','Officer 5'),
(306,306,'ID Card','AA000306','Officer 6'),
(307,307,'DriverLicense','AA000307','Officer 7'),
(308,308,'Passport','AA000308','Officer 8'),
(309,309,'ID Card','AA000309','Officer 9'),
(310,310,'DriverLicense','AA000310','Officer 10'),

(311,311,'Passport','AA000311','Officer 1'),
(312,312,'ID Card','AA000312','Officer 2'),
(313,313,'DriverLicense','AA000313','Officer 3'),
(314,314,'Passport','AA000314','Officer 4'),
(315,315,'ID Card','AA000315','Officer 5'),
(316,316,'DriverLicense','AA000316','Officer 6'),
(317,317,'Passport','AA000317','Officer 7'),
(318,318,'ID Card','AA000318','Officer 8'),
(319,319,'DriverLicense','AA000319','Officer 9'),
(320,320,'Passport','AA000320','Officer 10'),

(321,321,'ID Card','AA000321','Officer 1'),
(322,322,'DriverLicense','AA000322','Officer 2'),
(323,323,'Passport','AA000323','Officer 3'),
(324,324,'ID Card','AA000324','Officer 4'),
(325,325,'DriverLicense','AA000325','Officer 5'),
(326,326,'Passport','AA000326','Officer 6'),
(327,327,'ID Card','AA000327','Officer 7'),
(328,328,'DriverLicense','AA000328','Officer 8'),
(329,329,'Passport','AA000329','Officer 9'),
(330,330,'ID Card','AA000330','Officer 10'),

(331,331,'DriverLicense','AA000331','Officer 1'),
(332,332,'Passport','AA000332','Officer 2'),
(333,333,'ID Card','AA000333','Officer 3'),
(334,334,'DriverLicense','AA000334','Officer 4'),
(335,335,'Passport','AA000335','Officer 5'),
(336,336,'ID Card','AA000336','Officer 6'),
(337,337,'DriverLicense','AA000337','Officer 7'),
(338,338,'Passport','AA000338','Officer 8'),
(339,339,'ID Card','AA000339','Officer 9'),
(340,340,'DriverLicense','AA000340','Officer 10'),

(341,341,'Passport','AA000341','Officer 1'),
(342,342,'ID Card','AA000342','Officer 2'),
(343,343,'DriverLicense','AA000343','Officer 3'),
(344,344,'Passport','AA000344','Officer 4'),
(345,345,'ID Card','AA000345','Officer 5'),
(346,346,'DriverLicense','AA000346','Officer 6'),
(347,347,'Passport','AA000347','Officer 7'),
(348,348,'ID Card','AA000348','Officer 8'),
(349,349,'DriverLicense','AA000349','Officer 9'),
(350,350,'Passport','AA000350','Officer 10');



CREATE TABLE FraudDetection 
    (FraudID INT PRIMARY KEY,
    CustomerID INT,
    TransactionID INT,
    RiskLevel VARCHAR(20),
    ReportedDate DATETIME);

    --FOREIGN KEY (CustomerID) REFERENCES Customers(CustomerID),
    --FOREIGN KEY (TransactionID) REFERENCES Transactions(TransactionID));



INSERT INTO FraudDetection
(FraudID, CustomerID, TransactionID, RiskLevel, ReportedDate)
VALUES
(1,1,1001,'Low','2026-01-01'),
(2,2,1002,'Medium','2026-01-02'),
(3,3,1003,'High','2026-01-03'),
(4,4,1004,'Low','2026-01-04'),
(5,5,1005,'Medium','2026-01-05'),
(6,6,1006,'High','2026-01-06'),
(7,7,1007,'Low','2026-01-07'),
(8,8,1008,'Medium','2026-01-08'),
(9,9,1009,'High','2026-01-09'),
(10,10,1010,'Low','2026-01-10'),

(11,11,1011,'Medium','2026-01-11'),
(12,12,1012,'High','2026-01-12'),
(13,13,1013,'Low','2026-01-13'),
(14,14,1014,'Medium','2026-01-14'),
(15,15,1015,'High','2026-01-15'),
(16,16,1016,'Low','2026-01-16'),
(17,17,1017,'Medium','2026-01-17'),
(18,18,1018,'High','2026-01-18'),
(19,19,1019,'Low','2026-01-19'),
(20,20,1020,'Medium','2026-01-20'),

(21,21,1021,'High','2026-01-21'),
(22,22,1022,'Low','2026-01-22'),
(23,23,1023,'Medium','2026-01-23'),
(24,24,1024,'High','2026-01-24'),
(25,25,1025,'Low','2026-01-25'),
(26,26,1026,'Medium','2026-01-26'),
(27,27,1027,'High','2026-01-27'),
(28,28,1028,'Low','2026-01-28'),
(29,29,1029,'Medium','2026-01-29'),
(30,30,1030,'High','2026-01-30'),

(31,31,1031,'Low','2026-02-01'),
(32,32,1032,'Medium','2026-02-02'),
(33,33,1033,'High','2026-02-03'),
(34,34,1034,'Low','2026-02-04'),
(35,35,1035,'Medium','2026-02-05'),
(36,36,1036,'High','2026-02-06'),
(37,37,1037,'Low','2026-02-07'),
(38,38,1038,'Medium','2026-02-08'),
(39,39,1039,'High','2026-02-09'),
(40,40,1040,'Low','2026-02-10'),

(41,41,1041,'Medium','2026-02-11'),
(42,42,1042,'High','2026-02-12'),
(43,43,1043,'Low','2026-02-13'),
(44,44,1044,'Medium','2026-02-14'),
(45,45,1045,'High','2026-02-15'),
(46,46,1046,'Low','2026-02-16'),
(47,47,1047,'Medium','2026-02-17'),
(48,48,1048,'High','2026-02-18'),
(49,49,1049,'Low','2026-02-19'),
(50,50,1050,'Medium','2026-02-20'),

(51,51,1051,'High','2026-02-21'),
(52,52,1052,'Low','2026-02-22'),
(53,53,1053,'Medium','2026-02-23'),
(54,54,1054,'High','2026-02-24'),
(55,55,1055,'Low','2026-02-25'),
(56,56,1056,'Medium','2026-02-26'),
(57,57,1057,'High','2026-02-27'),
(58,58,1058,'Low','2026-02-28'),
(59,59,1059,'Medium','2026-03-01'),
(60,60,1060,'High','2026-03-02'),

(61,61,1061,'Low','2026-03-03'),
(62,62,1062,'Medium','2026-03-04'),
(63,63,1063,'High','2026-03-05'),
(64,64,1064,'Low','2026-03-06'),
(65,65,1065,'Medium','2026-03-07'),
(66,66,1066,'High','2026-03-08'),
(67,67,1067,'Low','2026-03-09'),
(68,68,1068,'Medium','2026-03-10'),
(69,69,1069,'High','2026-03-11'),
(70,70,1070,'Low','2026-03-12'),

(71,71,1071,'Medium','2026-03-13'),
(72,72,1072,'High','2026-03-14'),
(73,73,1073,'Low','2026-03-15'),
(74,74,1074,'Medium','2026-03-16'),
(75,75,1075,'High','2026-03-17'),
(76,76,1076,'Low','2026-03-18'),
(77,77,1077,'Medium','2026-03-19'),
(78,78,1078,'High','2026-03-20'),
(79,79,1079,'Low','2026-03-21'),
(80,80,1080,'Medium','2026-03-22'),

(81,81,1081,'High','2026-03-23'),
(82,82,1082,'Low','2026-03-24'),
(83,83,1083,'Medium','2026-03-25'),
(84,84,1084,'High','2026-03-26'),
(85,85,1085,'Low','2026-03-27'),
(86,86,1086,'Medium','2026-03-28'),
(87,87,1087,'High','2026-03-29'),
(88,88,1088,'Low','2026-03-30'),
(89,89,1089,'Medium','2026-03-31'),
(90,90,1090,'High','2026-04-01'),

(91,91,1091,'Low','2026-04-02'),
(92,92,1092,'Medium','2026-04-03'),
(93,93,1093,'High','2026-04-04'),
(94,94,1094,'Low','2026-04-05'),
(95,95,1095,'Medium','2026-04-06'),
(96,96,1096,'High','2026-04-07'),
(97,97,1097,'Low','2026-04-08'),
(98,98,1098,'Medium','2026-04-09'),
(99,99,1099,'High','2026-04-10'),
(100,100,1100,'Low','2026-04-11'),

(101,101,1101,'Medium','2026-05-01'),
(102,102,1102,'High','2026-05-01'),
(103,103,1103,'Low','2026-05-01'),
(104,104,1104,'Medium','2026-05-01'),
(105,105,1105,'High','2026-05-01'),

(106,106,1106,'Low','2026-05-01'),
(107,107,1107,'Medium','2026-05-01'),
(108,108,1108,'High','2026-05-01'),
(109,109,1109,'Low','2026-05-01'),
(110,110,1110,'Medium','2026-05-01'),

(111,111,1111,'High','2026-05-01'),
(112,112,1112,'Low','2026-05-01'),
(113,113,1113,'Medium','2026-05-01'),
(114,114,1114,'High','2026-05-01'),
(115,115,1115,'Low','2026-05-01'),

(116,116,1116,'Medium','2026-05-01'),
(117,117,1117,'High','2026-05-01'),
(118,118,1118,'Low','2026-05-01'),
(119,119,1119,'Medium','2026-05-01'),
(120,120,1120,'High','2026-05-01'),

(121,121,1121,'Low','2026-05-01'),
(122,122,1122,'Medium','2026-05-01'),
(123,123,1123,'High','2026-05-01'),
(124,124,1124,'Low','2026-05-01'),
(125,125,1125,'Medium','2026-05-01'),

(126,126,1126,'High','2026-05-01'),
(127,127,1127,'Low','2026-05-01'),
(128,128,1128,'Medium','2026-05-01'),
(129,129,1129,'High','2026-05-01'),
(130,130,1130,'Low','2026-05-01'),

(131,131,1131,'Medium','2026-05-01'),
(132,132,1132,'High','2026-05-01'),
(133,133,1133,'Low','2026-05-01'),
(134,134,1134,'Medium','2026-05-01'),
(135,135,1135,'High','2026-05-01'),

(136,136,1136,'Low','2026-05-01'),
(137,137,1137,'Medium','2026-05-01'),
(138,138,1138,'High','2026-05-01'),
(139,139,1139,'Low','2026-05-01'),
(140,140,1140,'Medium','2026-05-01'),

(141,141,1141,'High','2026-05-01'),
(142,142,1142,'Low','2026-05-01'),
(143,143,1143,'Medium','2026-05-01'),
(144,144,1144,'High','2026-05-01'),
(145,145,1145,'Low','2026-05-01'),

(146,146,1146,'Medium','2026-05-01'),
(147,147,1147,'High','2026-05-01'),
(148,148,1148,'Low','2026-05-01'),
(149,149,1149,'Medium','2026-05-01'),
(150,150,1150,'High','2026-05-01'),

(151,151,1151,'Low','2026-05-01'),
(152,152,1152,'Medium','2026-05-01'),
(153,153,1153,'High','2026-05-01'),
(154,154,1154,'Low','2026-05-01'),
(155,155,1155,'Medium','2026-05-01'),

(156,156,1156,'High','2026-05-01'),
(157,157,1157,'Low','2026-05-01'),
(158,158,1158,'Medium','2026-05-01'),
(159,159,1159,'High','2026-05-01'),
(160,160,1160,'Low','2026-05-01'),

(161,161,1161,'Medium','2026-05-01'),
(162,162,1162,'High','2026-05-01'),
(163,163,1163,'Low','2026-05-01'),
(164,164,1164,'Medium','2026-05-01'),
(165,165,1165,'High','2026-05-01'),

(166,166,1166,'Low','2026-05-01'),
(167,167,1167,'Medium','2026-05-01'),
(168,168,1168,'High','2026-05-01'),
(169,169,1169,'Low','2026-05-01'),
(170,170,1170,'Medium','2026-05-01'),

(171,171,1171,'High','2026-05-01'),
(172,172,1172,'Low','2026-05-01'),
(173,173,1173,'Medium','2026-05-01'),
(174,174,1174,'High','2026-05-01'),
(175,175,1175,'Low','2026-05-01'),

(176,176,1176,'Medium','2026-05-01'),
(177,177,1177,'High','2026-05-01'),
(178,178,1178,'Low','2026-05-01'),
(179,179,1179,'Medium','2026-05-01'),
(180,180,1180,'High','2026-05-01'),

(181,181,1181,'Low','2026-05-01'),
(182,182,1182,'Medium','2026-05-01'),
(183,183,1183,'High','2026-05-01'),
(184,184,1184,'Low','2026-05-01'),
(185,185,1185,'Medium','2026-05-01'),

(186,186,1186,'High','2026-05-01'),
(187,187,1187,'Low','2026-05-01'),
(188,188,1188,'Medium','2026-05-01'),
(189,189,1189,'High','2026-05-01'),
(190,190,1190,'Low','2026-05-01'),

(191,191,1191,'Medium','2026-05-01'),
(192,192,1192,'High','2026-05-01'),
(193,193,1193,'Low','2026-05-01'),
(194,194,1194,'Medium','2026-05-01'),
(195,195,1195,'High','2026-05-01'),

(196,196,1196,'Low','2026-05-01'),
(197,197,1197,'Medium','2026-05-01'),
(198,198,1198,'High','2026-05-01'),
(199,199,1199,'Low','2026-05-01'),
(200,200,1200,'Medium','2026-05-01'),

(201,201,1201,'High','2026-05-01'),
(202,202,1202,'Low','2026-05-01'),
(203,203,1203,'Medium','2026-05-01'),
(204,204,1204,'High','2026-05-01'),
(205,205,1205,'Low','2026-05-01'),

(206,206,1206,'Medium','2026-05-01'),
(207,207,1207,'High','2026-05-01'),
(208,208,1208,'Low','2026-05-01'),
(209,209,1209,'Medium','2026-05-01'),
(210,210,1210,'High','2026-05-01'),

(211,211,1211,'Low','2026-05-01'),
(212,212,1212,'Medium','2026-05-01'),

(213,213,1213,'High','2026-05-01'),
(214,214,1214,'Low','2026-05-01'),
(215,215,1215,'Medium','2026-05-01'),

(216,216,1216,'High','2026-05-01'),
(217,217,1217,'Low','2026-05-01'),
(218,218,1218,'Medium','2026-05-01'),
(219,219,1219,'High','2026-05-01'),
(220,220,1220,'Low','2026-05-01'),

(221,221,1221,'High','2026-06-01'),
(222,222,1222,'Low','2026-06-01'),
(223,223,1223,'Medium','2026-06-01'),
(224,224,1224,'High','2026-06-01'),
(225,225,1225,'Low','2026-06-01'),

(226,226,1226,'Medium','2026-06-01'),
(227,227,1227,'High','2026-06-01'),
(228,228,1228,'Low','2026-06-01'),
(229,229,1229,'Medium','2026-06-01'),
(230,230,1230,'High','2026-06-01'),

(231,231,1231,'Low','2026-06-01'),
(232,232,1232,'Medium','2026-06-01'),
(233,233,1233,'High','2026-06-01'),
(234,234,1234,'Low','2026-06-01'),
(235,235,1235,'Medium','2026-06-01'),

(236,236,1236,'High','2026-06-01'),
(237,237,1237,'Low','2026-06-01'),
(238,238,1238,'Medium','2026-06-01'),
(239,239,1239,'High','2026-06-01'),
(240,240,1240,'Low','2026-06-01'),

(241,241,1241,'Medium','2026-06-01'),
(242,242,1242,'High','2026-06-01'),
(243,243,1243,'Low','2026-06-01'),
(244,244,1244,'Medium','2026-06-01'),
(245,245,1245,'High','2026-06-01'),

(246,246,1246,'Low','2026-06-01'),
(247,247,1247,'Medium','2026-06-01'),
(248,248,1248,'High','2026-06-01'),
(249,249,1249,'Low','2026-06-01'),
(250,250,1250,'Medium','2026-06-01'),

(251,251,1251,'High','2026-06-01'),
(252,252,1252,'Low','2026-06-01'),
(253,253,1253,'Medium','2026-06-01'),
(254,254,1254,'High','2026-06-01'),
(255,255,1255,'Low','2026-06-01'),

(256,256,1256,'Medium','2026-06-01'),
(257,257,1257,'High','2026-06-01'),
(258,258,1258,'Low','2026-06-01'),
(259,259,1259,'Medium','2026-06-01'),
(260,260,1260,'High','2026-06-01'),

(261,261,1261,'Low','2026-06-01'),
(262,262,1262,'Medium','2026-06-01'),
(263,263,1263,'High','2026-06-01'),
(264,264,1264,'Low','2026-06-01'),
(265,265,1265,'Medium','2026-06-01'),

(266,266,1266,'High','2026-06-01'),
(267,267,1267,'Low','2026-06-01'),
(268,268,1268,'Medium','2026-06-01'),
(269,269,1269,'High','2026-06-01'),
(270,270,1270,'Low','2026-06-01'),

(271,271,1271,'Medium','2026-06-01'),
(272,272,1272,'High','2026-06-01'),
(273,273,1273,'Low','2026-06-01'),
(274,274,1274,'Medium','2026-06-01'),
(275,275,1275,'High','2026-06-01'),

(276,276,1276,'Low','2026-06-01'),
(277,277,1277,'Medium','2026-06-01'),
(278,278,1278,'High','2026-06-01'),
(279,279,1279,'Low','2026-06-01'),
(280,280,1280,'Medium','2026-06-01'),

(281,281,1281,'High','2026-06-01'),
(282,282,1282,'Low','2026-06-01'),
(283,283,1283,'Medium','2026-06-01'),
(284,284,1284,'High','2026-06-01'),
(285,285,1285,'Low','2026-06-01'),

(286,286,1286,'Medium','2026-06-01'),
(287,287,1287,'High','2026-06-01'),
(288,288,1288,'Low','2026-06-01'),
(289,289,1289,'Medium','2026-06-01'),
(290,290,1290,'High','2026-06-01'),

(291,291,1291,'Low','2026-06-01'),
(292,292,1292,'Medium','2026-06-01'),
(293,293,1293,'High','2026-06-01'),
(294,294,1294,'Low','2026-06-01'),
(295,295,1295,'Medium','2026-06-01'),

(296,296,1296,'High','2026-06-01'),
(297,297,1297,'Low','2026-06-01'),
(298,298,1298,'Medium','2026-06-01'),
(299,299,1299,'High','2026-06-01'),
(300,300,1300,'Low','2026-06-01'),

(301,301,1301,'Medium','2026-06-01'),
(302,302,1302,'High','2026-06-01'),
(303,303,1303,'Low','2026-06-01'),
(304,304,1304,'Medium','2026-06-01'),
(305,305,1305,'High','2026-06-01'),

(306,306,1306,'Low','2026-06-01'),
(307,307,1307,'Medium','2026-06-01'),
(308,308,1308,'High','2026-06-01'),
(309,309,1309,'Low','2026-06-01'),
(310,310,1310,'Medium','2026-06-01'),

(311,311,1311,'High','2026-06-01'),
(312,312,1312,'Low','2026-06-01'),
(313,313,1313,'Medium','2026-06-01'),
(314,314,1314,'High','2026-06-01'),
(315,315,1315,'Low','2026-06-01'),

(316,316,1316,'Medium','2026-06-01'),
(317,317,1317,'High','2026-06-01'),
(318,318,1318,'Low','2026-06-01'),
(319,319,1319,'Medium','2026-06-01'),
(320,320,1320,'High','2026-06-01'),

(321,321,1321,'Low','2026-06-01'),
(322,322,1322,'Medium','2026-06-01'),
(323,323,1323,'High','2026-06-01'),
(324,324,1324,'Low','2026-06-01'),
(325,325,1325,'Medium','2026-06-01'),

(326,326,1326,'High','2026-06-01'),
(327,327,1327,'Low','2026-06-01'),
(328,328,1328,'Medium','2026-06-01'),
(329,329,1329,'High','2026-06-01'),
(330,330,1330,'Low','2026-06-01'),

(331,331,1331,'Medium','2026-06-01'),
(332,332,1332,'High','2026-06-01'),

(333,333,1333,'Low','2026-06-01'),
(334,334,1334,'Medium','2026-06-01'),
(335,335,1335,'High','2026-06-01'),

(336,336,1336,'Low','2026-06-01'),
(337,337,1337,'Medium','2026-06-01'),
(338,338,1338,'High','2026-06-01'),
(339,339,1339,'Low','2026-06-01'),
(340,340,1340,'Medium','2026-06-01'),

(341,341,1341,'High','2026-06-01'),
(342,342,1342,'Low','2026-06-01'),
(343,343,1343,'Medium','2026-06-01'),
(344,344,1344,'High','2026-06-01'),
(345,345,1345,'Low','2026-06-01'),

(346,346,1346,'Medium','2026-06-01'),
(347,347,1347,'High','2026-06-01'),
(348,348,1348,'Low','2026-06-01'),
(349,349,1349,'Medium','2026-06-01'),
(350,350,1350,'High','2026-06-01');


CREATE TABLE AMLCases 
   (CaseID INT PRIMARY KEY,
    CustomerID INT,
    CaseType VARCHAR(50),
    Status VARCHAR(20),
    InvestigatorID INT);

	  --FOREIGN KEY (CustomerID) REFERENCES Customers(CustomerID)

INSERT INTO AMLCases (CaseID, CustomerID, CaseType, Status, InvestigatorID)
VALUES
(1, 1, 'KYC Review', 'Open', 101),
(2, 2, 'Fraud Alert', 'Closed', 102),
(3, 3, 'Transaction Monitoring', 'Under Review', 103),
(4, 4, 'KYC Review', 'Open', 104),
(5, 5, 'Fraud Alert', 'Closed', 105),
(6, 6, 'Transaction Monitoring', 'Under Review', 101),
(7, 7, 'KYC Review', 'Open', 102),
(8, 8, 'Fraud Alert', 'Closed', 103),
(9, 9, 'Transaction Monitoring', 'Under Review', 104),
(10, 10, 'KYC Review', 'Open', 105),

(11, 11, 'Fraud Alert', 'Closed', 101),
(12, 12, 'Transaction Monitoring', 'Under Review', 102),
(13, 13, 'KYC Review', 'Open', 103),
(14, 14, 'Fraud Alert', 'Closed', 104),
(15, 15, 'Transaction Monitoring', 'Under Review', 105),
(16, 16, 'KYC Review', 'Open', 101),
(17, 17, 'Fraud Alert', 'Closed', 102),
(18, 18, 'Transaction Monitoring', 'Under Review', 103),
(19, 19, 'KYC Review', 'Open', 104),
(20, 20, 'Fraud Alert', 'Closed', 105),

(21, 21, 'Transaction Monitoring', 'Under Review', 101),
(22, 22, 'KYC Review', 'Open', 102),
(23, 23, 'Fraud Alert', 'Closed', 103),
(24, 24, 'Transaction Monitoring', 'Under Review', 104),
(25, 25, 'KYC Review', 'Open', 105),
(26, 26, 'Fraud Alert', 'Closed', 101),
(27, 27, 'Transaction Monitoring', 'Under Review', 102),
(28, 28, 'KYC Review', 'Open', 103),
(29, 29, 'Fraud Alert', 'Closed', 104),
(30, 30, 'Transaction Monitoring', 'Under Review', 105),

(31, 31, 'KYC Review', 'Open', 101),
(32, 32, 'Fraud Alert', 'Closed', 102),
(33, 33, 'Transaction Monitoring', 'Under Review', 103),
(34, 34, 'KYC Review', 'Open', 104),
(35, 35, 'Fraud Alert', 'Closed', 105),
(36, 36, 'Transaction Monitoring', 'Under Review', 101),
(37, 37, 'KYC Review', 'Open', 102),
(38, 38, 'Fraud Alert', 'Closed', 103),
(39, 39, 'Transaction Monitoring', 'Under Review', 104),
(40, 40, 'KYC Review', 'Open', 105),

(41, 41, 'Fraud Alert', 'Closed', 101),
(42, 42, 'Transaction Monitoring', 'Under Review', 102),
(43, 43, 'KYC Review', 'Open', 103),
(44, 44, 'Fraud Alert', 'Closed', 104),
(45, 45, 'Transaction Monitoring', 'Under Review', 105),
(46, 46, 'KYC Review', 'Open', 101),
(47, 47, 'Fraud Alert', 'Closed', 102),
(48, 48, 'Transaction Monitoring', 'Under Review', 103),
(49, 49, 'KYC Review', 'Open', 104),
(50, 50, 'Fraud Alert', 'Closed', 105),

(51, 51, 'Transaction Monitoring', 'Under Review', 101),
(52, 52, 'KYC Review', 'Open', 102),
(53, 53, 'Fraud Alert', 'Closed', 103),
(54, 54, 'Transaction Monitoring', 'Under Review', 104),
(55, 55, 'KYC Review', 'Open', 105),
(56, 56, 'Fraud Alert', 'Closed', 101),
(57, 57, 'Transaction Monitoring', 'Under Review', 102),
(58, 58, 'KYC Review', 'Open', 103),
(59, 59, 'Fraud Alert', 'Closed', 104),
(60, 60, 'Transaction Monitoring', 'Under Review', 105),

(61, 61, 'KYC Review', 'Open', 101),
(62, 62, 'Fraud Alert', 'Closed', 102),
(63, 63, 'Transaction Monitoring', 'Under Review', 103),
(64, 64, 'KYC Review', 'Open', 104),
(65, 65, 'Fraud Alert', 'Closed', 105),
(66, 66, 'Transaction Monitoring', 'Under Review', 101),
(67, 67, 'KYC Review', 'Open', 102),
(68, 68, 'Fraud Alert', 'Closed', 103),
(69, 69, 'Transaction Monitoring', 'Under Review', 104),
(70, 70, 'KYC Review', 'Open', 105),

(71, 71, 'Fraud Alert', 'Closed', 101),
(72, 72, 'Transaction Monitoring', 'Under Review', 102),
(73, 73, 'KYC Review', 'Open', 103),
(74, 74, 'Fraud Alert', 'Closed', 104),
(75, 75, 'Transaction Monitoring', 'Under Review', 105),
(76, 76, 'KYC Review', 'Open', 101),
(77, 77, 'Fraud Alert', 'Closed', 102),
(78, 78, 'Transaction Monitoring', 'Under Review', 103),
(79, 79, 'KYC Review', 'Open', 104),
(80, 80, 'Fraud Alert', 'Closed', 105),

(81, 81, 'Transaction Monitoring', 'Under Review', 101),
(82, 82, 'KYC Review', 'Open', 102),
(83, 83, 'Fraud Alert', 'Closed', 103),
(84, 84, 'Transaction Monitoring', 'Under Review', 104),
(85, 85, 'KYC Review', 'Open', 105),
(86, 86, 'Fraud Alert', 'Closed', 101),
(87, 87, 'Transaction Monitoring', 'Under Review', 102),
(88, 88, 'KYC Review', 'Open', 103),
(89, 89, 'Fraud Alert', 'Closed', 104),
(90, 90, 'Transaction Monitoring', 'Under Review', 105),

(91, 91, 'KYC Review', 'Open', 101),
(92, 92, 'Fraud Alert', 'Closed', 102),
(93, 93, 'Transaction Monitoring', 'Under Review', 103),
(94, 94, 'KYC Review', 'Open', 104),
(95, 95, 'Fraud Alert', 'Closed', 105),
(96, 96, 'Transaction Monitoring', 'Under Review', 101),
(97, 97, 'KYC Review', 'Open', 102),
(98, 98, 'Fraud Alert', 'Closed', 103),
(99, 99, 'Transaction Monitoring', 'Under Review', 104),
(100, 100, 'KYC Review', 'Open', 105),

(101, 101, 'Fraud Alert', 'Closed', 101),
(102, 102, 'Transaction Monitoring', 'Under Review', 102),
(103, 103, 'KYC Review', 'Open', 103),
(104, 104, 'Fraud Alert', 'Closed', 104),
(105, 105, 'Transaction Monitoring', 'Under Review', 105),
(106, 106, 'KYC Review', 'Open', 101),
(107, 107, 'Fraud Alert', 'Closed', 102),
(108, 108, 'Transaction Monitoring', 'Under Review', 103),
(109, 109, 'KYC Review', 'Open', 104),
(110, 110, 'Fraud Alert', 'Closed', 105),

(111, 111, 'Transaction Monitoring', 'Under Review', 101),
(112, 112, 'KYC Review', 'Open', 102),
(113, 113, 'Fraud Alert', 'Closed', 103),
(114, 114, 'Transaction Monitoring', 'Under Review', 104),
(115, 115, 'KYC Review', 'Open', 105),
(116, 116, 'Fraud Alert', 'Closed', 101),
(117, 117, 'Transaction Monitoring', 'Under Review', 102),
(118, 118, 'KYC Review', 'Open', 103),
(119, 119, 'Fraud Alert', 'Closed', 104),
(120, 120, 'Transaction Monitoring', 'Under Review', 105),

(121, 121, 'KYC Review', 'Open', 101),
(122, 122, 'Fraud Alert', 'Closed', 102),
(123, 123, 'Transaction Monitoring', 'Under Review', 103),
(124, 124, 'KYC Review', 'Open', 104),
(125, 125, 'Fraud Alert', 'Closed', 105),
(126, 126, 'Transaction Monitoring', 'Under Review', 101),
(127, 127, 'KYC Review', 'Open', 102),
(128, 128, 'Fraud Alert', 'Closed', 103),
(129, 129, 'Transaction Monitoring', 'Under Review', 104),
(130, 130, 'KYC Review', 'Open', 105),

(131, 131, 'Fraud Alert', 'Closed', 101),
(132, 132, 'Transaction Monitoring', 'Under Review', 102),
(133, 133, 'KYC Review', 'Open', 103),
(134, 134, 'Fraud Alert', 'Closed', 104),
(135, 135, 'Transaction Monitoring', 'Under Review', 105),
(136, 136, 'KYC Review', 'Open', 101),
(137, 137, 'Fraud Alert', 'Closed', 102),
(138, 138, 'Transaction Monitoring', 'Under Review', 103),
(139, 139, 'KYC Review', 'Open', 104),
(140, 140, 'Fraud Alert', 'Closed', 105),

(141, 141, 'Transaction Monitoring', 'Under Review', 101),
(142, 142, 'KYC Review', 'Open', 102),
(143, 143, 'Fraud Alert', 'Closed', 103),
(144, 144, 'Transaction Monitoring', 'Under Review', 104),
(145, 145, 'KYC Review', 'Open', 105),
(146, 146, 'Fraud Alert', 'Closed', 101),
(147, 147, 'Transaction Monitoring', 'Under Review', 102),
(148, 148, 'KYC Review', 'Open', 103),
(149, 149, 'Fraud Alert', 'Closed', 104),
(150, 150, 'Transaction Monitoring', 'Under Review', 105),

(151, 151, 'KYC Review', 'Open', 101),
(152, 152, 'Fraud Alert', 'Closed', 102),
(153, 153, 'Transaction Monitoring', 'Under Review', 103),
(154, 154, 'KYC Review', 'Open', 104),
(155, 155, 'Fraud Alert', 'Closed', 105),
(156, 156, 'Transaction Monitoring', 'Under Review', 101),
(157, 157, 'KYC Review', 'Open', 102),
(158, 158, 'Fraud Alert', 'Closed', 103),
(159, 159, 'Transaction Monitoring', 'Under Review', 104),
(160, 160, 'KYC Review', 'Open', 105),

(161, 161, 'Fraud Alert', 'Closed', 101),
(162, 162, 'Transaction Monitoring', 'Under Review', 102),
(163, 163, 'KYC Review', 'Open', 103),
(164, 164, 'Fraud Alert', 'Closed', 104),
(165, 165, 'Transaction Monitoring', 'Under Review', 105),
(166, 166, 'KYC Review', 'Open', 101),
(167, 167, 'Fraud Alert', 'Closed', 102),
(168, 168, 'Transaction Monitoring', 'Under Review', 103),
(169, 169, 'KYC Review', 'Open', 104),
(170, 170, 'Fraud Alert', 'Closed', 105),

(171, 171, 'Transaction Monitoring', 'Under Review', 101),
(172, 172, 'KYC Review', 'Open', 102),
(173, 173, 'Fraud Alert', 'Closed', 103),
(174, 174, 'Transaction Monitoring', 'Under Review', 104),
(175, 175, 'KYC Review', 'Open', 105),
(176, 176, 'Fraud Alert', 'Closed', 101),
(177, 177, 'Transaction Monitoring', 'Under Review', 102),
(178, 178, 'KYC Review', 'Open', 103),
(179, 179, 'Fraud Alert', 'Closed', 104),
(180, 180, 'Transaction Monitoring', 'Under Review', 105),

(181, 181, 'KYC Review', 'Open', 101),
(182, 182, 'Fraud Alert', 'Closed', 102),
(183, 183, 'Transaction Monitoring', 'Under Review', 103),
(184, 184, 'KYC Review', 'Open', 104),
(185, 185, 'Fraud Alert', 'Closed', 105),
(186, 186, 'Transaction Monitoring', 'Under Review', 101),
(187, 187, 'KYC Review', 'Open', 102),
(188, 188, 'Fraud Alert', 'Closed', 103),
(189, 189, 'Transaction Monitoring', 'Under Review', 104),
(190, 190, 'KYC Review', 'Open', 105),

(191, 191, 'Fraud Alert', 'Closed', 101),
(192, 192, 'Transaction Monitoring', 'Under Review', 102),
(193, 193, 'KYC Review', 'Open', 103),
(194, 194, 'Fraud Alert', 'Closed', 104),
(195, 195, 'Transaction Monitoring', 'Under Review', 105),
(196, 196, 'KYC Review', 'Open', 101),
(197, 197, 'Fraud Alert', 'Closed', 102),
(198, 198, 'Transaction Monitoring', 'Under Review', 103),
(199, 199, 'KYC Review', 'Open', 104),
(200, 200, 'Fraud Alert', 'Closed', 105),

(201, 201, 'KYC Review', 'Open', 101),
(202, 202, 'Fraud Alert', 'Closed', 102),
(203, 203, 'Transaction Monitoring', 'Open', 103),
(204, 204, 'KYC Review', 'Closed', 104),
(205, 205, 'Fraud Alert', 'Open', 105),
(206, 206, 'Transaction Monitoring', 'Closed', 101),
(207, 207, 'KYC Review', 'Open', 102),
(208, 208, 'Fraud Alert', 'Closed', 103),
(209, 209, 'Transaction Monitoring', 'Open', 104),
(210, 210, 'KYC Review', 'Closed', 105),

(211, 211, 'Fraud Alert', 'Open', 101),
(212, 212, 'Transaction Monitoring', 'Closed', 102),
(213, 213, 'KYC Review', 'Open', 103),
(214, 214, 'Fraud Alert', 'Closed', 104),
(215, 215, 'Transaction Monitoring', 'Open', 105),
(216, 216, 'KYC Review', 'Closed', 101),
(217, 217, 'Fraud Alert', 'Open', 102),
(218, 218, 'Transaction Monitoring', 'Closed', 103),
(219, 219, 'KYC Review', 'Open', 104),
(220, 220, 'Fraud Alert', 'Closed', 105),

(221, 221, 'Transaction Monitoring', 'Open', 101),
(222, 222, 'KYC Review', 'Closed', 102),
(223, 223, 'Fraud Alert', 'Open', 103),
(224, 224, 'Transaction Monitoring', 'Closed', 104),
(225, 225, 'KYC Review', 'Open', 105),
(226, 226, 'Fraud Alert', 'Closed', 101),
(227, 227, 'Transaction Monitoring', 'Open', 102),
(228, 228, 'KYC Review', 'Closed', 103),
(229, 229, 'Fraud Alert', 'Open', 104),
(230, 230, 'Transaction Monitoring', 'Closed', 105),

(231, 231, 'KYC Review', 'Open', 101),
(232, 232, 'Fraud Alert', 'Closed', 102),
(233, 233, 'Transaction Monitoring', 'Open', 103),
(234, 234, 'KYC Review', 'Closed', 104),
(235, 235, 'Fraud Alert', 'Open', 105),
(236, 236, 'Transaction Monitoring', 'Closed', 101),
(237, 237, 'KYC Review', 'Open', 102),
(238, 238, 'Fraud Alert', 'Closed', 103),
(239, 239, 'Transaction Monitoring', 'Open', 104),
(240, 240, 'KYC Review', 'Closed', 105),

(241, 241, 'Fraud Alert', 'Open', 101),
(242, 242, 'Transaction Monitoring', 'Closed', 102),
(243, 243, 'KYC Review', 'Open', 103),
(244, 244, 'Fraud Alert', 'Closed', 104),
(245, 245, 'Transaction Monitoring', 'Open', 105),
(246, 246, 'KYC Review', 'Closed', 101),
(247, 247, 'Fraud Alert', 'Open', 102),
(248, 248, 'Transaction Monitoring', 'Closed', 103),
(249, 249, 'KYC Review', 'Open', 104),
(250, 250, 'Fraud Alert', 'Closed', 105),

(251, 251, 'Transaction Monitoring', 'Open', 101),
(252, 252, 'KYC Review', 'Closed', 102),
(253, 253, 'Fraud Alert', 'Open', 103),
(254, 254, 'Transaction Monitoring', 'Closed', 104),
(255, 255, 'KYC Review', 'Open', 105),
(256, 256, 'Fraud Alert', 'Closed', 101),
(257, 257, 'Transaction Monitoring', 'Open', 102),
(258, 258, 'KYC Review', 'Closed', 103),
(259, 259, 'Fraud Alert', 'Open', 104),
(260, 260, 'Transaction Monitoring', 'Closed', 105),

(261, 261, 'KYC Review', 'Open', 101),
(262, 262, 'Fraud Alert', 'Closed', 102),
(263, 263, 'Transaction Monitoring', 'Open', 103),
(264, 264, 'KYC Review', 'Closed', 104),
(265, 265, 'Fraud Alert', 'Open', 105),
(266, 266, 'Transaction Monitoring', 'Closed', 101),
(267, 267, 'KYC Review', 'Open', 102),
(268, 268, 'Fraud Alert', 'Closed', 103),
(269, 269, 'Transaction Monitoring', 'Open', 104),
(270, 270, 'KYC Review', 'Closed', 105),

(271, 271, 'Fraud Alert', 'Open', 101),
(272, 272, 'Transaction Monitoring', 'Closed', 102),
(273, 273, 'KYC Review', 'Open', 103),
(274, 274, 'Fraud Alert', 'Closed', 104),
(275, 275, 'Transaction Monitoring', 'Open', 105),
(276, 276, 'KYC Review', 'Closed', 101),
(277, 277, 'Fraud Alert', 'Open', 102),
(278, 278, 'Transaction Monitoring', 'Closed', 103),
(279, 279, 'KYC Review', 'Open', 104),
(280, 280, 'Fraud Alert', 'Closed', 105),

(281, 281, 'Transaction Monitoring', 'Open', 101),
(282, 282, 'KYC Review', 'Closed', 102),
(283, 283, 'Fraud Alert', 'Open', 103),
(284, 284, 'Transaction Monitoring', 'Closed', 104),
(285, 285, 'KYC Review', 'Open', 105),
(286, 286, 'Fraud Alert', 'Closed', 101),
(287, 287, 'Transaction Monitoring', 'Open', 102),
(288, 288, 'KYC Review', 'Closed', 103),
(289, 289, 'Fraud Alert', 'Open', 104),
(290, 290, 'Transaction Monitoring', 'Closed', 105),

(291, 291, 'KYC Review', 'Open', 101),
(292, 292, 'Fraud Alert', 'Closed', 102),
(293, 293, 'Transaction Monitoring', 'Open', 103),
(294, 294, 'KYC Review', 'Closed', 104),
(295, 295, 'Fraud Alert', 'Open', 105),
(296, 296, 'Transaction Monitoring', 'Closed', 101),
(297, 297, 'KYC Review', 'Open', 102),
(298, 298, 'Fraud Alert', 'Closed', 103),
(299, 299, 'Transaction Monitoring', 'Open', 104),
(300, 300, 'KYC Review', 'Closed', 105),

(301, 301, 'Fraud Alert', 'Open', 101),
(302, 302, 'Transaction Monitoring', 'Closed', 102),
(303, 303, 'KYC Review', 'Open', 103),
(304, 304, 'Fraud Alert', 'Closed', 104),
(305, 305, 'Transaction Monitoring', 'Open', 105),
(306, 306, 'KYC Review', 'Closed', 101),
(307, 307, 'Fraud Alert', 'Open', 102),
(308, 308, 'Transaction Monitoring', 'Closed', 103),
(309, 309, 'KYC Review', 'Open', 104),
(310, 310, 'Fraud Alert', 'Closed', 105),

(311, 311, 'Transaction Monitoring', 'Open', 101),
(312, 312, 'KYC Review', 'Closed', 102),
(313, 313, 'Fraud Alert', 'Open', 103),
(314, 314, 'Transaction Monitoring', 'Closed', 104),
(315, 315, 'KYC Review', 'Open', 105),
(316, 316, 'Fraud Alert', 'Closed', 101),
(317, 317, 'Transaction Monitoring', 'Open', 102),
(318, 318, 'KYC Review', 'Closed', 103),
(319, 319, 'Fraud Alert', 'Open', 104),
(320, 320, 'Transaction Monitoring', 'Closed', 105),

(321, 321, 'KYC Review', 'Open', 101),
(322, 322, 'Fraud Alert', 'Closed', 102),
(323, 323, 'Transaction Monitoring', 'Open', 103),
(324, 324, 'KYC Review', 'Closed', 104),
(325, 325, 'Fraud Alert', 'Open', 105),
(326, 326, 'Transaction Monitoring', 'Closed', 101),
(327, 327, 'KYC Review', 'Open', 102),
(328, 328, 'Fraud Alert', 'Closed', 103),
(329, 329, 'Transaction Monitoring', 'Open', 104),
(330, 330, 'KYC Review', 'Closed', 105),

(331, 331, 'Fraud Alert', 'Open', 101),
(332, 332, 'Transaction Monitoring', 'Closed', 102),
(333, 333, 'KYC Review', 'Open', 103),
(334, 334, 'Fraud Alert', 'Closed', 104),
(335, 335, 'Transaction Monitoring', 'Open', 105),
(336, 336, 'KYC Review', 'Closed', 101),
(337, 337, 'Fraud Alert', 'Open', 102),
(338, 338, 'Transaction Monitoring', 'Closed', 103),
(339, 339, 'KYC Review', 'Open', 104),
(340, 340, 'Fraud Alert', 'Closed', 105),

(341, 341, 'Transaction Monitoring', 'Open', 101),
(342, 342, 'KYC Review', 'Closed', 102),
(343, 343, 'Fraud Alert', 'Open', 103),
(344, 344, 'Transaction Monitoring', 'Closed', 104),
(345, 345, 'KYC Review', 'Open', 105),
(346, 346, 'Fraud Alert', 'Closed', 101),
(347, 347, 'Transaction Monitoring', 'Open', 102),
(348, 348, 'KYC Review', 'Closed', 103),
(349, 349, 'Fraud Alert', 'Open', 104),
(350, 350, 'Transaction Monitoring', 'Closed', 105);




CREATE TABLE RegulatoryReports (
    ReportID INT PRIMARY KEY,
    ReportType VARCHAR(50),
    SubmissionDate DATETIME);

INSERT INTO RegulatoryReports (ReportID, ReportType, SubmissionDate)
VALUES
(1, 'AML Monthly', '2026-01-31'),
(2, 'KYC Quarterly', '2026-03-31'),
(3, 'Suspicious Transaction Report', '2026-02-15'),
(4, 'AML Monthly', '2026-02-28'),
(5, 'KYC Quarterly', '2026-06-30'),
(6, 'Suspicious Transaction Report', '2026-03-15'),
(7, 'AML Monthly', '2026-03-31'),
(8, 'KYC Quarterly', '2026-09-30'),
(9, 'Suspicious Transaction Report', '2026-04-15'),
(10, 'AML Monthly', '2026-04-30'),

(11, 'KYC Quarterly', '2026-12-31'),
(12, 'Suspicious Transaction Report', '2026-05-15'),
(13, 'AML Monthly', '2026-05-31'),
(14, 'KYC Quarterly', '2027-03-31'),
(15, 'Suspicious Transaction Report', '2026-06-15'),
(16, 'AML Monthly', '2026-06-30'),
(17, 'KYC Quarterly', '2027-06-30'),
(18, 'Suspicious Transaction Report', '2026-07-15'),
(19, 'AML Monthly', '2026-07-31'),
(20, 'KYC Quarterly', '2027-09-30'),

(21, 'Suspicious Transaction Report', '2026-08-15'),
(22, 'AML Monthly', '2026-08-31'),
(23, 'KYC Quarterly', '2027-12-31'),
(24, 'Suspicious Transaction Report', '2026-09-15'),
(25, 'AML Monthly', '2026-09-30'),
(26, 'KYC Quarterly', '2028-03-31'),
(27, 'Suspicious Transaction Report', '2026-10-15'),
(28, 'AML Monthly', '2026-10-31'),
(29, 'KYC Quarterly', '2028-06-30'),
(30, 'Suspicious Transaction Report', '2026-11-15'),

(31, 'AML Monthly', '2026-11-30'),
(32, 'KYC Quarterly', '2028-09-30'),
(33, 'Suspicious Transaction Report', '2026-12-15'),
(34, 'AML Monthly', '2026-12-31'),
(35, 'KYC Quarterly', '2029-03-31'),
(36, 'Suspicious Transaction Report', '2027-01-15'),
(37, 'AML Monthly', '2027-01-31'),
(38, 'KYC Quarterly', '2029-06-30'),
(39, 'Suspicious Transaction Report', '2027-02-15'),
(40, 'AML Monthly', '2027-02-28'),

(41, 'KYC Quarterly', '2029-09-30'),
(42, 'Suspicious Transaction Report', '2027-03-15'),
(43, 'AML Monthly', '2027-03-31'),
(44, 'KYC Quarterly', '2029-12-31'),
(45, 'Suspicious Transaction Report', '2027-04-15'),
(46, 'AML Monthly', '2027-04-30'),
(47, 'KYC Quarterly', '2030-03-31'),
(48, 'Suspicious Transaction Report', '2027-05-15'),
(49, 'AML Monthly', '2027-05-31'),
(50, 'KYC Quarterly', '2030-06-30'),

(51, 'Suspicious Transaction Report', '2027-06-15'),
(52, 'AML Monthly', '2027-06-30'),
(53, 'KYC Quarterly', '2030-09-30'),
(54, 'Suspicious Transaction Report', '2027-07-15'),
(55, 'AML Monthly', '2027-07-31'),
(56, 'KYC Quarterly', '2030-12-31'),
(57, 'Suspicious Transaction Report', '2027-08-15'),
(58, 'AML Monthly', '2027-08-31'),
(59, 'KYC Quarterly', '2031-03-31'),
(60, 'Suspicious Transaction Report', '2027-09-15'),

(61, 'AML Monthly', '2027-09-30'),
(62, 'KYC Quarterly', '2031-06-30'),
(63, 'Suspicious Transaction Report', '2027-10-15'),
(64, 'AML Monthly', '2027-10-31'),
(65, 'KYC Quarterly', '2031-09-30'),
(66, 'Suspicious Transaction Report', '2027-11-15'),
(67, 'AML Monthly', '2027-11-30'),
(68, 'KYC Quarterly', '2031-12-31'),
(69, 'Suspicious Transaction Report', '2027-12-15'),
(70, 'AML Monthly', '2027-12-31'),

(71, 'KYC Quarterly', '2032-03-31'),
(72, 'Suspicious Transaction Report', '2028-01-15'),
(73, 'AML Monthly', '2028-01-31'),
(74, 'KYC Quarterly', '2032-06-30'),
(75, 'Suspicious Transaction Report', '2028-02-15'),
(76, 'AML Monthly', '2028-02-29'),
(77, 'KYC Quarterly', '2032-09-30'),
(78, 'Suspicious Transaction Report', '2028-03-15'),
(79, 'AML Monthly', '2028-03-31'),
(80, 'KYC Quarterly', '2032-12-31'),

(81, 'Suspicious Transaction Report', '2028-04-15'),
(82, 'AML Monthly', '2028-04-30'),
(83, 'KYC Quarterly', '2033-03-31'),
(84, 'Suspicious Transaction Report', '2028-05-15'),
(85, 'AML Monthly', '2028-05-31'),
(86, 'KYC Quarterly', '2033-06-30'),
(87, 'Suspicious Transaction Report', '2028-06-15'),
(88, 'AML Monthly', '2028-06-30'),
(89, 'KYC Quarterly', '2033-09-30'),
(90, 'Suspicious Transaction Report', '2028-07-15'),

(91, 'AML Monthly', '2028-07-31'),
(92, 'KYC Quarterly', '2033-12-31'),
(93, 'Suspicious Transaction Report', '2028-08-15'),
(94, 'AML Monthly', '2028-08-31'),
(95, 'KYC Quarterly', '2034-03-31'),
(96, 'Suspicious Transaction Report', '2028-09-15'),
(97, 'AML Monthly', '2028-09-30'),
(98, 'KYC Quarterly', '2034-06-30'),
(99, 'Suspicious Transaction Report', '2028-10-15'),
(100, 'AML Monthly', '2028-10-31'),


(101, 'KYC Quarterly', '2034-09-30'),
(102, 'Suspicious Transaction Report', '2028-11-15'),
(103, 'AML Monthly', '2028-11-30'),
(104, 'KYC Quarterly', '2035-03-31'),
(105, 'Suspicious Transaction Report', '2028-12-15'),
(106, 'AML Monthly', '2028-12-31'),
(107, 'KYC Quarterly', '2035-06-30'),
(108, 'Suspicious Transaction Report', '2029-01-15'),
(109, 'AML Monthly', '2029-01-31'),
(110, 'KYC Quarterly', '2035-09-30'),

(111, 'Suspicious Transaction Report', '2029-02-15'),
(112, 'AML Monthly', '2029-02-28'),
(113, 'KYC Quarterly', '2035-12-31'),
(114, 'Suspicious Transaction Report', '2029-03-15'),
(115, 'AML Monthly', '2029-03-31'),
(116, 'KYC Quarterly', '2036-03-31'),
(117, 'Suspicious Transaction Report', '2029-04-15'),
(118, 'AML Monthly', '2029-04-30'),
(119, 'KYC Quarterly', '2036-06-30'),
(120, 'Suspicious Transaction Report', '2029-05-15'),

(121, 'AML Monthly', '2029-05-31'),
(122, 'KYC Quarterly', '2036-09-30'),
(123, 'Suspicious Transaction Report', '2029-06-15'),
(124, 'AML Monthly', '2029-06-30'),
(125, 'KYC Quarterly', '2036-12-31'),
(126, 'Suspicious Transaction Report', '2029-07-15'),
(127, 'AML Monthly', '2029-07-31'),
(128, 'KYC Quarterly', '2037-03-31'),
(129, 'Suspicious Transaction Report', '2029-08-15'),
(130, 'AML Monthly', '2029-08-31'),

(131, 'KYC Quarterly', '2037-06-30'),
(132, 'Suspicious Transaction Report', '2029-09-15'),
(133, 'AML Monthly', '2029-09-30'),
(134, 'KYC Quarterly', '2037-09-30'),
(135, 'Suspicious Transaction Report', '2029-10-15'),
(136, 'AML Monthly', '2029-10-31'),
(137, 'KYC Quarterly', '2037-12-31'),
(138, 'Suspicious Transaction Report', '2029-11-15'),
(139, 'AML Monthly', '2029-11-30'),
(140, 'KYC Quarterly', '2038-03-31'),

(141, 'Suspicious Transaction Report', '2029-12-15'),
(142, 'AML Monthly', '2029-12-31'),
(143, 'KYC Quarterly', '2038-06-30'),
(144, 'Suspicious Transaction Report', '2030-01-15'),
(145, 'AML Monthly', '2030-01-31'),
(146, 'KYC Quarterly', '2038-09-30'),
(147, 'Suspicious Transaction Report', '2030-02-15'),
(148, 'AML Monthly', '2030-02-28'),
(149, 'KYC Quarterly', '2038-12-31'),
(150, 'Suspicious Transaction Report', '2030-03-15'),

(151, 'AML Monthly', '2030-03-31'),
(152, 'KYC Quarterly', '2039-03-31'),
(153, 'Suspicious Transaction Report', '2030-04-15'),
(154, 'AML Monthly', '2030-04-30'),
(155, 'KYC Quarterly', '2039-06-30'),
(156, 'Suspicious Transaction Report', '2030-05-15'),
(157, 'AML Monthly', '2030-05-31'),
(158, 'KYC Quarterly', '2039-09-30'),
(159, 'Suspicious Transaction Report', '2030-06-15'),
(160, 'AML Monthly', '2030-06-30'),

(161, 'KYC Quarterly', '2039-12-31'),
(162, 'Suspicious Transaction Report', '2030-07-15'),
(163, 'AML Monthly', '2030-07-31'),
(164, 'KYC Quarterly', '2040-03-31'),
(165, 'Suspicious Transaction Report', '2030-08-15'),
(166, 'AML Monthly', '2030-08-31'),
(167, 'KYC Quarterly', '2040-06-30'),
(168, 'Suspicious Transaction Report', '2030-09-15'),
(169, 'AML Monthly', '2030-09-30'),
(170, 'KYC Quarterly', '2040-09-30'),

(171, 'Suspicious Transaction Report', '2030-10-15'),
(172, 'AML Monthly', '2030-10-31'),
(173, 'KYC Quarterly', '2040-12-31'),
(174, 'Suspicious Transaction Report', '2030-11-15'),
(175, 'AML Monthly', '2030-11-30'),
(176, 'KYC Quarterly', '2041-03-31'),
(177, 'Suspicious Transaction Report', '2030-12-15'),
(178, 'AML Monthly', '2030-12-31'),
(179, 'KYC Quarterly', '2041-06-30'),
(180, 'Suspicious Transaction Report', '2031-01-15'),

(181, 'AML Monthly', '2031-01-31'),
(182, 'KYC Quarterly', '2041-09-30'),
(183, 'Suspicious Transaction Report', '2031-02-15'),
(184, 'AML Monthly', '2031-02-28'),
(185, 'KYC Quarterly', '2041-12-31'),
(186, 'Suspicious Transaction Report', '2031-03-15'),
(187, 'AML Monthly', '2031-03-31'),
(188, 'KYC Quarterly', '2042-03-31'),
(189, 'Suspicious Transaction Report', '2031-04-15'),
(190, 'AML Monthly', '2031-04-30'),

(191, 'KYC Quarterly', '2042-06-30'),
(192, 'Suspicious Transaction Report', '2031-05-15'),
(193, 'AML Monthly', '2031-05-31'),
(194, 'KYC Quarterly', '2042-09-30'),
(195, 'Suspicious Transaction Report', '2031-06-15'),
(196, 'AML Monthly', '2031-06-30'),
(197, 'KYC Quarterly', '2042-12-31'),
(198, 'Suspicious Transaction Report', '2031-07-15'),
(199, 'AML Monthly', '2031-07-31'),
(200, 'KYC Quarterly', '2043-03-31'),

(201, 'Suspicious Transaction Report', '2031-04-15'),
(202, 'AML Monthly', '2031-04-30'),
(203, 'KYC Quarterly', '2043-06-30'),
(204, 'Suspicious Transaction Report', '2031-05-15'),
(205, 'AML Monthly', '2031-05-31'),
(206, 'KYC Quarterly', '2043-09-30'),
(207, 'Suspicious Transaction Report', '2031-06-15'),
(208, 'AML Monthly', '2031-06-30'),
(209, 'KYC Quarterly', '2043-12-31'),
(210, 'Suspicious Transaction Report', '2031-07-15'),

(211, 'AML Monthly', '2031-07-31'),
(212, 'KYC Quarterly', '2044-03-31'),
(213, 'Suspicious Transaction Report', '2031-08-15'),
(214, 'AML Monthly', '2031-08-31'),
(215, 'KYC Quarterly', '2044-06-30'),
(216, 'Suspicious Transaction Report', '2031-09-15'),
(217, 'AML Monthly', '2031-09-30'),
(218, 'KYC Quarterly', '2044-09-30'),
(219, 'Suspicious Transaction Report', '2031-10-15'),
(220, 'AML Monthly', '2031-10-31'),

(221, 'KYC Quarterly', '2044-12-31'),
(222, 'Suspicious Transaction Report', '2031-11-15'),
(223, 'AML Monthly', '2031-11-30'),
(224, 'KYC Quarterly', '2045-03-31'),
(225, 'Suspicious Transaction Report', '2031-12-15'),
(226, 'AML Monthly', '2031-12-31'),
(227, 'KYC Quarterly', '2045-06-30'),
(228, 'Suspicious Transaction Report', '2032-01-15'),
(229, 'AML Monthly', '2032-01-31'),
(230, 'KYC Quarterly', '2045-09-30'),

(231, 'Suspicious Transaction Report', '2032-02-15'),
(232, 'AML Monthly', '2032-02-29'),
(233, 'KYC Quarterly', '2045-12-31'),
(234, 'Suspicious Transaction Report', '2032-03-15'),
(235, 'AML Monthly', '2032-03-31'),
(236, 'KYC Quarterly', '2046-03-31'),
(237, 'Suspicious Transaction Report', '2032-04-15'),
(238, 'AML Monthly', '2032-04-30'),
(239, 'KYC Quarterly', '2046-06-30'),
(240, 'Suspicious Transaction Report', '2032-05-15'),

(241, 'AML Monthly', '2032-05-31'),
(242, 'KYC Quarterly', '2046-09-30'),
(243, 'Suspicious Transaction Report', '2032-06-15'),
(244, 'AML Monthly', '2032-06-30'),
(245, 'KYC Quarterly', '2046-12-31'),
(246, 'Suspicious Transaction Report', '2032-07-15'),
(247, 'AML Monthly', '2032-07-31'),
(248, 'KYC Quarterly', '2047-03-31'),
(249, 'Suspicious Transaction Report', '2032-08-15'),
(250, 'AML Monthly', '2032-08-31'),

(251, 'KYC Quarterly', '2047-06-30'),
(252, 'Suspicious Transaction Report', '2032-09-15'),
(253, 'AML Monthly', '2032-09-30'),
(254, 'KYC Quarterly', '2047-09-30'),
(255, 'Suspicious Transaction Report', '2032-10-15'),
(256, 'AML Monthly', '2032-10-31'),
(257, 'KYC Quarterly', '2047-12-31'),
(258, 'Suspicious Transaction Report', '2032-11-15'),
(259, 'AML Monthly', '2032-11-30'),
(260, 'KYC Quarterly', '2048-03-31'),

(261, 'Suspicious Transaction Report', '2032-12-15'),
(262, 'AML Monthly', '2032-12-31'),
(263, 'KYC Quarterly', '2048-06-30'),
(264, 'Suspicious Transaction Report', '2033-01-15'),
(265, 'AML Monthly', '2033-01-31'),
(266, 'KYC Quarterly', '2048-09-30'),
(267, 'Suspicious Transaction Report', '2033-02-15'),
(268, 'AML Monthly', '2033-02-28'),
(269, 'KYC Quarterly', '2048-12-31'),
(270, 'Suspicious Transaction Report', '2033-03-15'),

(271, 'AML Monthly', '2033-03-31'),
(272, 'KYC Quarterly', '2049-03-31'),
(273, 'Suspicious Transaction Report', '2033-04-15'),
(274, 'AML Monthly', '2033-04-30'),
(275, 'KYC Quarterly', '2049-06-30'),
(276, 'Suspicious Transaction Report', '2033-05-15'),
(277, 'AML Monthly', '2033-05-31'),
(278, 'KYC Quarterly', '2049-09-30'),
(279, 'Suspicious Transaction Report', '2033-06-15'),
(280, 'AML Monthly', '2033-06-30'),

(281, 'KYC Quarterly', '2049-12-31'),
(282, 'Suspicious Transaction Report', '2033-07-15'),
(283, 'AML Monthly', '2033-07-31'),
(284, 'KYC Quarterly', '2050-03-31'),
(285, 'Suspicious Transaction Report', '2033-08-15'),
(286, 'AML Monthly', '2033-08-31'),
(287, 'KYC Quarterly', '2050-06-30'),
(288, 'Suspicious Transaction Report', '2033-09-15'),
(289, 'AML Monthly', '2033-09-30'),
(290, 'KYC Quarterly', '2050-09-30'),

(291, 'Suspicious Transaction Report', '2033-10-15'),
(292, 'AML Monthly', '2033-10-31'),
(293, 'KYC Quarterly', '2050-12-31'),
(294, 'Suspicious Transaction Report', '2033-11-15'),
(295, 'AML Monthly', '2033-11-30'),
(296, 'KYC Quarterly', '2051-03-31'),
(297, 'Suspicious Transaction Report', '2033-12-15'),
(298, 'AML Monthly', '2033-12-31'),
(299, 'KYC Quarterly', '2051-06-30'),
(300, 'Suspicious Transaction Report', '2034-01-15'),

(301, 'AML Monthly', '2034-01-31'),
(302, 'KYC Quarterly', '2051-09-30'),
(303, 'Suspicious Transaction Report', '2034-02-15'),
(304, 'AML Monthly', '2034-02-28'),
(305, 'KYC Quarterly', '2051-12-31'),
(306, 'Suspicious Transaction Report', '2034-03-15'),
(307, 'AML Monthly', '2034-03-31'),
(308, 'KYC Quarterly', '2052-03-31'),
(309, 'Suspicious Transaction Report', '2034-04-15'),
(310, 'AML Monthly', '2034-04-30'),

(311, 'KYC Quarterly', '2052-06-30'),
(312, 'Suspicious Transaction Report', '2034-05-15'),
(313, 'AML Monthly', '2034-05-31'),
(314, 'KYC Quarterly', '2052-09-30'),
(315, 'Suspicious Transaction Report', '2034-06-15'),
(316, 'AML Monthly', '2034-06-30'),
(317, 'KYC Quarterly', '2052-12-31'),
(318, 'Suspicious Transaction Report', '2034-07-15'),
(319, 'AML Monthly', '2034-07-31'),
(320, 'KYC Quarterly', '2053-03-31'),

(321, 'Suspicious Transaction Report', '2034-08-15'),
(322, 'AML Monthly', '2034-08-31'),
(323, 'KYC Quarterly', '2053-06-30'),
(324, 'Suspicious Transaction Report', '2034-09-15'),
(325, 'AML Monthly', '2034-09-30'),
(326, 'KYC Quarterly', '2053-09-30'),
(327, 'Suspicious Transaction Report', '2034-10-15'),
(328, 'AML Monthly', '2034-10-31'),
(329, 'KYC Quarterly', '2053-12-31'),
(330, 'Suspicious Transaction Report', '2034-11-15'),

(331, 'AML Monthly', '2034-11-30'),
(332, 'KYC Quarterly', '2054-03-31'),
(333, 'Suspicious Transaction Report', '2034-12-15'),
(334, 'AML Monthly', '2034-12-31'),
(335, 'KYC Quarterly', '2054-06-30'),
(336, 'Suspicious Transaction Report', '2035-01-15'),
(337, 'AML Monthly', '2035-01-31'),
(338, 'KYC Quarterly', '2054-09-30'),
(339, 'Suspicious Transaction Report', '2035-02-15'),
(340, 'AML Monthly', '2035-02-28'),

(341, 'KYC Quarterly', '2054-12-31'),
(342, 'Suspicious Transaction Report', '2035-03-15'),
(343, 'AML Monthly', '2035-03-31'),
(344, 'KYC Quarterly', '2055-03-31'),
(345, 'Suspicious Transaction Report', '2035-04-15'),
(346, 'AML Monthly', '2035-04-30'),
(347, 'KYC Quarterly', '2055-06-30'),
(348, 'Suspicious Transaction Report', '2035-05-15'),
(349, 'AML Monthly', '2035-05-31'),
(350, 'KYC Quarterly', '2055-09-30');


drop table if exists Departments

CREATE TABLE Departments (
    DepartmentID INT PRIMARY KEY,
    DepartmentName VARCHAR(100),
    ManagerID INT);


INSERT INTO Departments (DepartmentID, DepartmentName, ManagerID)
VALUES
(1, 'Finance', 101),
(2, 'Human Resources', 102),
(3, 'IT', 103),
(4, 'Compliance', 104),
(5, 'Risk Management', 105),
(6, 'Operations', 101),
(7, 'Legal', 102),
(8, 'Marketing', 103),
(9, 'Sales', 104),
(10, 'Customer Service', 105),

(11, 'Procurement', 101),
(12, 'Audit', 102),
(13, 'Treasury', 103),
(14, 'Internal Control', 104),
(15, 'Corporate Strategy', 105),
(16, 'Business Development', 101),
(17, 'Training', 102),
(18, 'Research & Development', 103),
(19, 'Facilities Management', 104),
(20, 'Project Management', 105),

(21, 'Data Analytics', 101),
(22, 'Product Management', 102),
(23, 'Investor Relations', 103),
(24, 'Public Relations', 104),
(25, 'Quality Assurance', 105),
(26, 'Logistics', 101),
(27, 'Customer Experience', 102),
(28, 'IT Security', 103),
(29, 'Enterprise Architecture', 104),
(30, 'Regulatory Affairs', 105),

(31, 'Knowledge Management', 101),
(32, 'Business Intelligence', 102),
(33, 'Supply Chain', 103),
(34, 'Digital Transformation', 104),
(35, 'Strategy & Planning', 105),
(36, 'Innovation', 101),
(37, 'Corporate Communications', 102),
(38, 'Performance Management', 103),
(39, 'Payroll', 104),
(40, 'Investor Compliance', 105),

(41, 'Customer Analytics', 101),
(42, 'Vendor Management', 102),
(43, 'IT Support', 103),
(44, 'Enterprise Risk', 104),
(45, 'Change Management', 105),
(46, 'Operations Strategy', 101),
(47, 'Corporate Governance', 102),
(48, 'Market Research', 103),
(49, 'Sales Enablement', 104),
(50, 'Employee Relations', 105),

(51, 'Regulatory Compliance', 101),
(52, 'Fraud Prevention', 102),
(53, 'AML & KYC', 103),
(54, 'Customer Onboarding', 104),
(55, 'Technology Innovation', 105),
(56, 'Data Governance', 101),
(57, 'Service Delivery', 102),
(58, 'Internal Audit', 103),
(59, 'Financial Planning', 104),
(60, 'Risk Analytics', 105),

(61, 'Cybersecurity', 101),
(62, 'Legal Advisory', 102),
(63, 'Corporate Planning', 103),
(64, 'Marketing Strategy', 104),
(65, 'Product Development', 105),
(66, 'Customer Support', 101),
(67, 'Talent Management', 102),
(68, 'Business Operations', 103),
(69, 'Project Office', 104),
(70, 'Compliance Monitoring', 105),


(71, 'Enterprise Architecture', 101),
(72, 'Digital Marketing', 102),
(73, 'Client Onboarding', 103),
(74, 'Vendor Relations', 104),
(75, 'Business Continuity', 105),
(76, 'Internal Communications', 101),
(77, 'Corporate Social Responsibility', 102),
(78, 'Product Support', 103),
(79, 'Compliance Reporting', 104),
(80, 'Risk Assessment', 105),

(81, 'Customer Insights', 101),
(82, 'Data Science', 102),
(83, 'IT Infrastructure', 103),
(84, 'Fraud Detection', 104),
(85, 'AML Monitoring', 105),
(86, 'Regulatory Strategy', 101),
(87, 'Operations Planning', 102),
(88, 'Project Coordination', 103),
(89, 'Business Analytics', 104),
(90, 'Employee Training', 105),

(91, 'Market Intelligence', 101),
(92, 'Investor Reporting', 102),
(93, 'Legal Compliance', 103),
(94, 'Customer Retention', 104),
(95, 'Payroll & Benefits', 105),
(96, 'Procurement Strategy', 101),
(97, 'Product Marketing', 102),
(98, 'IT Operations', 103),
(99, 'Risk Control', 104),
(100, 'Quality Control', 105),

(101, 'Customer Support Analytics', 101),
(102, 'Vendor Audit', 102),
(103, 'Technology Operations', 103),
(104, 'Internal Risk Management', 104),
(105, 'Corporate Finance', 105),
(106, 'Strategic Projects', 101),
(107, 'HR Analytics', 102),
(108, 'Client Services', 103),
(109, 'IT Governance', 104),
(110, 'Fraud Analytics', 105),

(111, 'AML Compliance', 101),
(112, 'Regulatory Review', 102),
(113, 'Financial Reporting', 103),
(114, 'Business Transformation', 104),
(115, 'Operations Excellence', 105),
(116, 'Training & Development', 101),
(117, 'Marketing Analytics', 102),
(118, 'Product Innovation', 103),
(119, 'Customer Success', 104),
(120, 'Investor Compliance', 105),

(121, 'Digital Transformation', 101),
(122, 'Data Governance', 102),
(123, 'Internal Audit & Controls', 103),
(124, 'Project Management Office', 104),
(125, 'Legal Advisory', 105),
(126, 'Employee Engagement', 101),
(127, 'Procurement Management', 102),
(128, 'Customer Experience', 103),
(129, 'IT Security', 104),
(130, 'Business Risk', 105),

(131, 'Compliance Operations', 101),
(132, 'Financial Planning & Analysis', 102),
(133, 'Strategy & Operations', 103),
(134, 'Customer Relationship', 104),
(135, 'Technology Innovation', 105),
(136, 'Training Programs', 101),
(137, 'Market Strategy', 102),
(138, 'Product Management', 103),
(139, 'Investor Relations', 104),
(140, 'Risk Mitigation', 105),

(141, 'Audit & Assurance', 101),
(142, 'Corporate Strategy', 102),
(143, 'Business Analytics & Insights', 103),
(144, 'Customer Loyalty', 104),
(145, 'Operations Risk', 105),
(146, 'IT Project Delivery', 101),
(147, 'Digital Innovation', 102),
(148, 'Compliance Risk', 103),
(149, 'Employee Benefits', 104),
(150, 'Regulatory Affairs', 105),

(151, 'Corporate Compliance', 101),
(152, 'IT Service Management', 102),
(153, 'Financial Risk', 103),
(154, 'Operational Excellence', 104),
(155, 'Customer Retention Programs', 105),
(156, 'Talent Acquisition', 101),
(157, 'Vendor Compliance', 102),
(158, 'Data Analytics & Insights', 103),
(159, 'Project Delivery', 104),
(160, 'Legal Risk', 105),

(161, 'Business Intelligence & Reporting', 101),
(162, 'Employee Relations Programs', 102),
(163, 'Product Support Services', 103),
(164, 'Strategic Planning', 104),
(165, 'Fraud Monitoring', 105),
(166, 'AML Operations', 101),
(167, 'Corporate Strategy Implementation', 102),
(168, 'IT Infrastructure Planning', 103),
(169, 'Customer Success Programs', 104),
(170, 'Payroll & Compensation', 105),

(171, 'Investor Compliance & Reporting', 101),
(172, 'Market Research & Insights', 102),
(173, 'Digital Banking', 103),
(174, 'Operational Risk', 104),
(175, 'Business Transformation Programs', 105),
(176, 'Internal Controls', 101),
(177, 'Customer Analytics', 102),
(178, 'Compliance Monitoring', 103),
(179, 'IT Security Operations', 104),
(180, 'Strategy & Performance', 105),

(181, 'Employee Training Programs', 101),
(182, 'Corporate Governance', 102),
(183, 'Product Development & Innovation', 103),
(184, 'Business Continuity Planning', 104),
(185, 'Customer Service Excellence', 105),
(186, 'Financial Planning & Analysis', 101),
(187, 'Risk Assessment & Mitigation', 102),
(188, 'Digital Transformation Programs', 103),
(189, 'Project Portfolio Management', 104),
(190, 'Talent Management Programs', 105),

(191, 'IT Governance & Compliance', 101),
(192, 'Corporate Communications', 102),
(193, 'Business Development', 103),
(194, 'Audit & Assurance', 104),
(195, 'Regulatory Reporting', 105),
(196, 'Customer Experience Management', 101),
(197, 'Procurement & Sourcing', 102),
(198, 'Operational Strategy', 103),
(199, 'Fraud Prevention', 104),
(200, 'Risk Analytics', 105),

(201, 'AML Monitoring & Compliance', 101),
(202, 'Corporate Finance & Treasury', 102),
(203, 'Internal Audit & Risk', 103),
(204, 'Business Process Improvement', 104),
(205, 'Customer Relationship Management', 105),
(206, 'IT Project Management', 101),
(207, 'Employee Engagement Programs', 102),
(208, 'Product Lifecycle Management', 103),
(209, 'Regulatory Compliance Monitoring', 104),
(210, 'Strategy & Innovation', 105),

(211, 'Digital Services', 101),
(212, 'Financial Controls', 102),
(213, 'Market Analytics', 103),
(214, 'Customer Operations', 104),
(215, 'HR Policy & Compliance', 105),
(216, 'Data Governance & Security', 101),
(217, 'Operational Planning', 102),
(218, 'Training & Development Programs', 103),
(219, 'Investor Relations & Reporting', 104),
(220, 'Legal & Regulatory Affairs', 105),

(221, 'Customer Feedback & Insights', 101),
(222, 'Corporate Social Initiatives', 102),
(223, 'Product Quality Assurance', 103),
(224, 'IT Risk Management', 104),
(225, 'Business Continuity & Resilience', 105),
(226, 'Financial Risk Management', 101),
(227, 'Investor Compliance Programs', 102),
(228, 'Digital Strategy', 103),
(229, 'Employee Wellness Programs', 104),
(230, 'Compliance Auditing', 105),

(231, 'Procurement Planning', 101),
(232, 'Operational Excellence Programs', 102),
(233, 'IT Service Delivery', 103),
(234, 'Market Development', 104),
(235, 'Customer Retention Analytics', 105),
(236, 'Business Intelligence Systems', 101),
(237, 'Project Oversight', 102),
(238, 'Corporate Communications Strategy', 103),
(239, 'Training & Learning', 104),
(240, 'Regulatory Affairs & Reporting', 105),

(241, 'Digital Operations', 101),
(242, 'Financial Planning Strategy', 102),
(243, 'Operational Risk Monitoring', 103),
(244, 'Customer Experience Programs', 104),
(245, 'Talent Acquisition & Onboarding', 105),
(246, 'IT Compliance', 101),
(247, 'Internal Audit Strategy', 102),
(248, 'Business Process Optimization', 103),
(249, 'Product Management & Development', 104),
(250, 'Investor Reporting & Analytics', 105),

(251, 'Corporate Governance & Policy', 101),
(252, 'Fraud Risk Management', 102),
(253, 'AML Compliance Operations', 103),
(254, 'Customer Relationship Strategy', 104),
(255, 'Technology Innovation Programs', 105),
(256, 'Data Analytics Programs', 101),
(257, 'Service Delivery Management', 102),
(258, 'Financial Reporting & Controls', 103),
(259, 'Operational Planning & Strategy', 104),
(260, 'Risk Assessment & Control', 105),

(261, 'Cybersecurity Operations', 101),
(262, 'Legal Advisory & Support', 102),
(263, 'Corporate Strategy Planning', 103),
(264, 'Marketing Operations', 104),
(265, 'Product Lifecycle Programs', 105),
(266, 'Customer Support & Services', 101),
(267, 'Talent Management Strategy', 102),
(268, 'Business Operations Oversight', 103),
(269, 'Project Management Office', 104),
(270, 'Compliance Monitoring Programs', 105),

(271, 'Financial Planning & Analysis', 101),
(272, 'Risk Analytics & Reporting', 102),
(273, 'IT Project Delivery', 103),
(274, 'Digital Innovation & Strategy', 104),
(275, 'Employee Benefits & Compensation', 105),
(276, 'Audit & Assurance Programs', 101),
(277, 'Business Strategy & Planning', 102),
(278, 'Customer Analytics & Insights', 103),
(279, 'Operations Risk Monitoring', 104),
(280, 'Legal & Regulatory Compliance', 105),

(281, 'Training Programs & Development', 101),
(282, 'Corporate Communications Management', 102),
(283, 'Business Development & Growth', 103),
(284, 'Investor Relations Strategy', 104),
(285, 'Market Intelligence & Research', 105),
(286, 'IT Governance Programs', 101),
(287, 'Employee Engagement & Recognition', 102),
(288, 'Product Innovation & Design', 103),
(289, 'Risk Mitigation & Control', 104),
(290, 'Customer Success Programs', 105),

(291, 'Digital Banking Services', 101),
(292, 'Financial Controls & Compliance', 102),
(293, 'Operational Analytics', 103),
(294, 'Customer Operations Management', 104),
(295, 'HR Policy & Administration', 105),
(296, 'Data Governance & Security Programs', 101),
(297, 'Project Planning & Execution', 102),
(298, 'Training & Skills Development', 103),
(299, 'Investor Relations & Reporting', 104),
(300, 'Legal Risk & Compliance', 105),

(301, 'Corporate Compliance Programs', 101),
(302, 'IT Service Operations', 102),
(303, 'Financial Risk & Planning', 103),
(304, 'Business Process Improvement Programs', 104),
(305, 'Customer Retention Strategy', 105),
(306, 'Talent Acquisition Strategy', 101),
(307, 'Vendor Management Programs', 102),
(308, 'Data Analytics & Reporting', 103),
(309, 'Project Delivery Oversight', 104),
(310, 'Legal Advisory & Risk', 105),

(311, 'Business Intelligence & Reporting Systems', 101),
(312, 'Employee Relations Strategy', 102),
(313, 'Product Support & Services', 103),
(314, 'Strategic Planning & Execution', 104),
(315, 'Fraud Detection & Prevention', 105),
(316, 'AML Monitoring & Compliance Programs', 101),
(317, 'Corporate Strategy Implementation Programs', 102),
(318, 'IT Infrastructure & Operations', 103),
(319, 'Customer Success & Engagement', 104),
(320, 'Payroll & Compensation Management', 105),

(321, 'Investor Compliance & Reporting Programs', 101),
(322, 'Market Research & Analytics', 102),
(323, 'Digital Transformation Programs', 103),
(324, 'Operational Risk & Control', 104),
(325, 'Business Transformation Initiatives', 105),
(326, 'Internal Controls & Audit', 101),
(327, 'Customer Insights Programs', 102),
(328, 'Compliance Monitoring & Reporting', 103),
(329, 'IT Security Operations & Governance', 104),
(330, 'Strategy & Performance Management', 105),

(331, 'Employee Training & Development Programs', 101),
(332, 'Corporate Governance & Policies', 102),
(333, 'Product Innovation & Management', 103),
(334, 'Business Continuity & Resilience Programs', 104),
(335, 'Customer Service Excellence Programs', 105),
(336, 'Financial Planning & Analysis Programs', 101),
(337, 'Risk Assessment & Mitigation Programs', 102),
(338, 'Digital Transformation Strategy', 103),
(339, 'Project Portfolio & Program Management', 104),
(340, 'Talent Management & Development Programs', 105),

(341, 'IT Governance & Compliance Programs', 101),
(342, 'Corporate Communications Strategy', 102),
(343, 'Business Development Programs', 103),
(344, 'Audit & Assurance Programs', 104),
(345, 'Regulatory Reporting & Compliance', 105),
(346, 'Customer Experience & Engagement Programs', 101),
(347, 'Procurement & Sourcing Management', 102),
(348, 'Operational Strategy & Planning', 103),
(349, 'Fraud Prevention & Risk Management', 104),
(350, 'Risk Analytics & Monitoring', 105);

drop table if exists salaries

CREATE TABLE Salaries (
    SalaryID INT PRIMARY KEY,
    EmployeeID INT,
    BaseSalary DECIMAL(15,2),
    Bonus DECIMAL(15,2),
    Deductions DECIMAL(15,2),
    PaymentDate DATE);

    --FOREIGN KEY (EmployeeID) REFERENCES Employees(EmployeeID)

INSERT INTO Salaries (SalaryID, EmployeeID, BaseSalary, Bonus, Deductions, PaymentDate)
VALUES
(1, 101, 8000.00, 500.00, 200.00, '2034-01-31'),
(2, 102, 7500.00, 450.00, 150.00, '2034-01-31'),
(3, 103, 9000.00, 600.00, 300.00, '2034-01-31'),
(4, 104, 8200.00, 520.00, 210.00, '2034-01-31'),
(5, 105, 7800.00, 480.00, 180.00, '2034-01-31'),
(6, 101, 8000.00, 500.00, 200.00, '2034-02-28'),
(7, 102, 7500.00, 450.00, 150.00, '2034-02-28'),
(8, 103, 9000.00, 600.00, 300.00, '2034-02-28'),
(9, 104, 8200.00, 520.00, 210.00, '2034-02-28'),
(10, 105, 7800.00, 480.00, 180.00, '2034-02-28'),

(11, 101, 8000.00, 500.00, 200.00, '2034-03-31'),
(12, 102, 7500.00, 450.00, 150.00, '2034-03-31'),
(13, 103, 9000.00, 600.00, 300.00, '2034-03-31'),
(14, 104, 8200.00, 520.00, 210.00, '2034-03-31'),
(15, 105, 7800.00, 480.00, 180.00, '2034-03-31'),
(16, 101, 8000.00, 500.00, 200.00, '2034-04-30'),
(17, 102, 7500.00, 450.00, 150.00, '2034-04-30'),
(18, 103, 9000.00, 600.00, 300.00, '2034-04-30'),
(19, 104, 8200.00, 520.00, 210.00, '2034-04-30'),
(20, 105, 7800.00, 480.00, 180.00, '2034-04-30'),

(21, 101, 8000.00, 500.00, 200.00, '2034-05-31'),
(22, 102, 7500.00, 450.00, 150.00, '2034-05-31'),
(23, 103, 9000.00, 600.00, 300.00, '2034-05-31'),
(24, 104, 8200.00, 520.00, 210.00, '2034-05-31'),
(25, 105, 7800.00, 480.00, 180.00, '2034-05-31'),
(26, 101, 8000.00, 500.00, 200.00, '2034-06-30'),
(27, 102, 7500.00, 450.00, 150.00, '2034-06-30'),
(28, 103, 9000.00, 600.00, 300.00, '2034-06-30'),
(29, 104, 8200.00, 520.00, 210.00, '2034-06-30'),
(30, 105, 7800.00, 480.00, 180.00, '2034-06-30'),

(31, 101, 8000.00, 500.00, 200.00, '2034-07-31'),
(32, 102, 7500.00, 450.00, 150.00, '2034-07-31'),
(33, 103, 9000.00, 600.00, 300.00, '2034-07-31'),
(34, 104, 8200.00, 520.00, 210.00, '2034-07-31'),
(35, 105, 7800.00, 480.00, 180.00, '2034-07-31'),
(36, 101, 8000.00, 500.00, 200.00, '2034-08-31'),
(37, 102, 7500.00, 450.00, 150.00, '2034-08-31'),
(38, 103, 9000.00, 600.00, 300.00, '2034-08-31'),
(39, 104, 8200.00, 520.00, 210.00, '2034-08-31'),
(40, 105, 7800.00, 480.00, 180.00, '2034-08-31'),

(41, 101, 8000.00, 500.00, 200.00, '2034-09-30'),
(42, 102, 7500.00, 450.00, 150.00, '2034-09-30'),
(43, 103, 9000.00, 600.00, 300.00, '2034-09-30'),
(44, 104, 8200.00, 520.00, 210.00, '2034-09-30'),
(45, 105, 7800.00, 480.00, 180.00, '2034-09-30'),
(46, 101, 8000.00, 500.00, 200.00, '2034-10-31'),
(47, 102, 7500.00, 450.00, 150.00, '2034-10-31'),
(48, 103, 9000.00, 600.00, 300.00, '2034-10-31'),
(49, 104, 8200.00, 520.00, 210.00, '2034-10-31'),
(50, 105, 7800.00, 480.00, 180.00, '2034-10-31'),

(51, 101, 8000.00, 500.00, 200.00, '2034-11-30'),
(52, 102, 7500.00, 450.00, 150.00, '2034-11-30'),
(53, 103, 9000.00, 600.00, 300.00, '2034-11-30'),
(54, 104, 8200.00, 520.00, 210.00, '2034-11-30'),
(55, 105, 7800.00, 480.00, 180.00, '2034-11-30'),
(56, 101, 8000.00, 500.00, 200.00, '2034-12-31'),
(57, 102, 7500.00, 450.00, 150.00, '2034-12-31'),
(58, 103, 9000.00, 600.00, 300.00, '2034-12-31'),
(59, 104, 8200.00, 520.00, 210.00, '2034-12-31'),
(60, 105, 7800.00, 480.00, 180.00, '2034-12-31'),

(61, 101, 8000.00, 500.00, 200.00, '2035-01-31'),
(62, 102, 7500.00, 450.00, 150.00, '2035-01-31'),
(63, 103, 9000.00, 600.00, 300.00, '2035-01-31'),
(64, 104, 8200.00, 520.00, 210.00, '2035-01-31'),
(65, 105, 7800.00, 480.00, 180.00, '2035-01-31'),
(66, 101, 8000.00, 500.00, 200.00, '2035-02-28'),
(67, 102, 7500.00, 450.00, 150.00, '2035-02-28'),
(68, 103, 9000.00, 600.00, 300.00, '2035-02-28'),
(69, 104, 8200.00, 520.00, 210.00, '2035-02-28'),
(70, 105, 7800.00, 480.00, 180.00, '2035-02-28'),


(71, 101, 8000.00, 500.00, 200.00, '2035-03-31'),
(72, 102, 7500.00, 450.00, 150.00, '2035-03-31'),
(73, 103, 9000.00, 600.00, 300.00, '2035-03-31'),
(74, 104, 8200.00, 520.00, 210.00, '2035-03-31'),
(75, 105, 7800.00, 480.00, 180.00, '2035-03-31'),

(76, 101, 8000.00, 500.00, 200.00, '2035-04-30'),
(77, 102, 7500.00, 450.00, 150.00, '2035-04-30'),
(78, 103, 9000.00, 600.00, 300.00, '2035-04-30'),
(79, 104, 8200.00, 520.00, 210.00, '2035-04-30'),
(80, 105, 7800.00, 480.00, 180.00, '2035-04-30'),

(81, 101, 8000.00, 500.00, 200.00, '2035-05-31'),
(82, 102, 7500.00, 450.00, 150.00, '2035-05-31'),
(83, 103, 9000.00, 600.00, 300.00, '2035-05-31'),
(84, 104, 8200.00, 520.00, 210.00, '2035-05-31'),
(85, 105, 7800.00, 480.00, 180.00, '2035-05-31'),

(86, 101, 8000.00, 500.00, 200.00, '2035-06-30'),
(87, 102, 7500.00, 450.00, 150.00, '2035-06-30'),
(88, 103, 9000.00, 600.00, 300.00, '2035-06-30'),
(89, 104, 8200.00, 520.00, 210.00, '2035-06-30'),
(90, 105, 7800.00, 480.00, 180.00, '2035-06-30'),

(91, 101, 8000.00, 500.00, 200.00, '2035-07-31'),
(92, 102, 7500.00, 450.00, 150.00, '2035-07-31'),
(93, 103, 9000.00, 600.00, 300.00, '2035-07-31'),
(94, 104, 8200.00, 520.00, 210.00, '2035-07-31'),
(95, 105, 7800.00, 480.00, 180.00, '2035-07-31'),

(96, 101, 8000.00, 500.00, 200.00, '2035-08-31'),
(97, 102, 7500.00, 450.00, 150.00, '2035-08-31'),
(98, 103, 9000.00, 600.00, 300.00, '2035-08-31'),
(99, 104, 8200.00, 520.00, 210.00, '2035-08-31'),
(100, 105, 7800.00, 480.00, 180.00, '2035-08-31'),

(101, 101, 8000.00, 500.00, 200.00, '2035-09-30'),
(102, 102, 7500.00, 450.00, 150.00, '2035-09-30'),
(103, 103, 9000.00, 600.00, 300.00, '2035-09-30'),
(104, 104, 8200.00, 520.00, 210.00, '2035-09-30'),
(105, 105, 7800.00, 480.00, 180.00, '2035-09-30'),

(106, 101, 8000.00, 500.00, 200.00, '2035-10-31'),
(107, 102, 7500.00, 450.00, 150.00, '2035-10-31'),
(108, 103, 9000.00, 600.00, 300.00, '2035-10-31'),
(109, 104, 8200.00, 520.00, 210.00, '2035-10-31'),
(110, 105, 7800.00, 480.00, 180.00, '2035-10-31'),

(111, 101, 8000.00, 500.00, 200.00, '2035-11-30'),
(112, 102, 7500.00, 450.00, 150.00, '2035-11-30'),
(113, 103, 9000.00, 600.00, 300.00, '2035-11-30'),
(114, 104, 8200.00, 520.00, 210.00, '2035-11-30'),
(115, 105, 7800.00, 480.00, 180.00, '2035-11-30'),

(116, 101, 8000.00, 500.00, 200.00, '2035-12-31'),
(117, 102, 7500.00, 450.00, 150.00, '2035-12-31'),
(118, 103, 9000.00, 600.00, 300.00, '2035-12-31'),
(119, 104, 8200.00, 520.00, 210.00, '2035-12-31'),
(120, 105, 7800.00, 480.00, 180.00, '2035-12-31'),

(121, 101, 8000.00, 500.00, 200.00, '2036-01-31'),
(122, 102, 7500.00, 450.00, 150.00, '2036-01-31'),
(123, 103, 9000.00, 600.00, 300.00, '2036-01-31'),
(124, 104, 8200.00, 520.00, 210.00, '2036-01-31'),
(125, 105, 7800.00, 480.00, 180.00, '2036-01-31'),

(126, 101, 8000.00, 500.00, 200.00, '2036-02-29'),
(127, 102, 7500.00, 450.00, 150.00, '2036-02-29'),
(128, 103, 9000.00, 600.00, 300.00, '2036-02-29'),
(129, 104, 8200.00, 520.00, 210.00, '2036-02-29'),
(130, 105, 7800.00, 480.00, 180.00, '2036-02-29'),

(131, 101, 8000.00, 500.00, 200.00, '2036-03-31'),
(132, 102, 7500.00, 450.00, 150.00, '2036-03-31'),
(133, 103, 9000.00, 600.00, 300.00, '2036-03-31'),
(134, 104, 8200.00, 520.00, 210.00, '2036-03-31'),
(135, 105, 7800.00, 480.00, 180.00, '2036-03-31'),

(136, 101, 8000.00, 500.00, 200.00, '2036-04-30'),
(137, 102, 7500.00, 450.00, 150.00, '2036-04-30'),
(138, 103, 9000.00, 600.00, 300.00, '2036-04-30'),
(139, 104, 8200.00, 520.00, 210.00, '2036-04-30'),
(140, 105, 7800.00, 480.00, 180.00, '2036-04-30'),

(141, 101, 8000.00, 500.00, 200.00, '2036-05-31'),
(142, 102, 7500.00, 450.00, 150.00, '2036-05-31'),
(143, 103, 9000.00, 600.00, 300.00, '2036-05-31'),
(144, 104, 8200.00, 520.00, 210.00, '2036-05-31'),
(145, 105, 7800.00, 480.00, 180.00, '2036-05-31'),

(146, 101, 8000.00, 500.00, 200.00, '2036-06-30'),
(147, 102, 7500.00, 450.00, 150.00, '2036-06-30'),
(148, 103, 9000.00, 600.00, 300.00, '2036-06-30'),
(149, 104, 8200.00, 520.00, 210.00, '2036-06-30'),
(150, 105, 7800.00, 480.00, 180.00, '2036-06-30'),


(151, 101, 8000.00, 500.00, 200.00, '2036-07-31'),
(152, 102, 7500.00, 450.00, 150.00, '2036-07-31'),
(153, 103, 9000.00, 600.00, 300.00, '2036-07-31'),
(154, 104, 8200.00, 520.00, 210.00, '2036-07-31'),
(155, 105, 7800.00, 480.00, 180.00, '2036-07-31'),

(156, 101, 8000.00, 500.00, 200.00, '2036-08-31'),
(157, 102, 7500.00, 450.00, 150.00, '2036-08-31'),
(158, 103, 9000.00, 600.00, 300.00, '2036-08-31'),
(159, 104, 8200.00, 520.00, 210.00, '2036-08-31'),
(160, 105, 7800.00, 480.00, 180.00, '2036-08-31'),

(161, 101, 8000.00, 500.00, 200.00, '2036-09-30'),
(162, 102, 7500.00, 450.00, 150.00, '2036-09-30'),
(163, 103, 9000.00, 600.00, 300.00, '2036-09-30'),
(164, 104, 8200.00, 520.00, 210.00, '2036-09-30'),
(165, 105, 7800.00, 480.00, 180.00, '2036-09-30'),

(166, 101, 8000.00, 500.00, 200.00, '2036-10-31'),
(167, 102, 7500.00, 450.00, 150.00, '2036-10-31'),
(168, 103, 9000.00, 600.00, 300.00, '2036-10-31'),
(169, 104, 8200.00, 520.00, 210.00, '2036-10-31'),
(170, 105, 7800.00, 480.00, 180.00, '2036-10-31'),

(171, 101, 8000.00, 500.00, 200.00, '2036-11-30'),
(172, 102, 7500.00, 450.00, 150.00, '2036-11-30'),
(173, 103, 9000.00, 600.00, 300.00, '2036-11-30'),
(174, 104, 8200.00, 520.00, 210.00, '2036-11-30'),
(175, 105, 7800.00, 480.00, 180.00, '2036-11-30'),

(176, 101, 8000.00, 500.00, 200.00, '2036-12-31'),
(177, 102, 7500.00, 450.00, 150.00, '2036-12-31'),
(178, 103, 9000.00, 600.00, 300.00, '2036-12-31'),
(179, 104, 8200.00, 520.00, 210.00, '2036-12-31'),
(180, 105, 7800.00, 480.00, 180.00, '2036-12-31'),

(181, 101, 8000.00, 500.00, 200.00, '2037-01-31'),
(182, 102, 7500.00, 450.00, 150.00, '2037-01-31'),
(183, 103, 9000.00, 600.00, 300.00, '2037-01-31'),
(184, 104, 8200.00, 520.00, 210.00, '2037-01-31'),
(185, 105, 7800.00, 480.00, 180.00, '2037-01-31'),

(186, 101, 8000.00, 500.00, 200.00, '2037-02-28'),
(187, 102, 7500.00, 450.00, 150.00, '2037-02-28'),
(188, 103, 9000.00, 600.00, 300.00, '2037-02-28'),
(189, 104, 8200.00, 520.00, 210.00, '2037-02-28'),
(190, 105, 7800.00, 480.00, 180.00, '2037-02-28'),

(191, 101, 8000.00, 500.00, 200.00, '2037-03-31'),
(192, 102, 7500.00, 450.00, 150.00, '2037-03-31'),
(193, 103, 9000.00, 600.00, 300.00, '2037-03-31'),
(194, 104, 8200.00, 520.00, 210.00, '2037-03-31'),
(195, 105, 7800.00, 480.00, 180.00, '2037-03-31'),

(196, 101, 8000.00, 500.00, 200.00, '2037-04-30'),
(197, 102, 7500.00, 450.00, 150.00, '2037-04-30'),
(198, 103, 9000.00, 600.00, 300.00, '2037-04-30'),
(199, 104, 8200.00, 520.00, 210.00, '2037-04-30'),
(200, 105, 7800.00, 480.00, 180.00, '2037-04-30'),

(201, 101, 8000.00, 500.00, 200.00, '2037-05-31'),
(202, 102, 7500.00, 450.00, 150.00, '2037-05-31'),
(203, 103, 9000.00, 600.00, 300.00, '2037-05-31'),
(204, 104, 8200.00, 520.00, 210.00, '2037-05-31'),
(205, 105, 7800.00, 480.00, 180.00, '2037-05-31'),

(206, 101, 8000.00, 500.00, 200.00, '2037-06-30'),
(207, 102, 7500.00, 450.00, 150.00, '2037-06-30'),
(208, 103, 9000.00, 600.00, 300.00, '2037-06-30'),
(209, 104, 8200.00, 520.00, 210.00, '2037-06-30'),
(210, 105, 7800.00, 480.00, 180.00, '2037-06-30'),

(211, 101, 8000.00, 500.00, 200.00, '2037-07-31'),
(212, 102, 7500.00, 450.00, 150.00, '2037-07-31'),
(213, 103, 9000.00, 600.00, 300.00, '2037-07-31'),
(214, 104, 8200.00, 520.00, 210.00, '2037-07-31'),
(215, 105, 7800.00, 480.00, 180.00, '2037-07-31'),

(216, 101, 8000.00, 500.00, 200.00, '2037-08-31'),
(217, 102, 7500.00, 450.00, 150.00, '2037-08-31'),
(218, 103, 9000.00, 600.00, 300.00, '2037-08-31'),
(219, 104, 8200.00, 520.00, 210.00, '2037-08-31'),
(220, 105, 7800.00, 480.00, 180.00, '2037-08-31'),

(221, 101, 8000.00, 500.00, 200.00, '2037-09-30'),
(222, 102, 7500.00, 450.00, 150.00, '2037-09-30'),
(223, 103, 9000.00, 600.00, 300.00, '2037-09-30'),
(224, 104, 8200.00, 520.00, 210.00, '2037-09-30'),
(225, 105, 7800.00, 480.00, 180.00, '2037-09-30'),

(226, 101, 8000.00, 500.00, 200.00, '2037-10-31'),
(227, 102, 7500.00, 450.00, 150.00, '2037-10-31'),
(228, 103, 9000.00, 600.00, 300.00, '2037-10-31'),
(229, 104, 8200.00, 520.00, 210.00, '2037-10-31'),
(230, 105, 7800.00, 480.00, 180.00, '2037-10-31'),

(231, 101, 8000.00, 500.00, 200.00, '2037-11-30'),
(232, 102, 7500.00, 450.00, 150.00, '2037-11-30'),
(233, 103, 9000.00, 600.00, 300.00, '2037-11-30'),
(234, 104, 8200.00, 520.00, 210.00, '2037-11-30'),
(235, 105, 7800.00, 480.00, 180.00, '2037-11-30'),

(236, 101, 8000.00, 500.00, 200.00, '2037-12-31'),
(237, 102, 7500.00, 450.00, 150.00, '2037-12-31'),
(238, 103, 9000.00, 600.00, 300.00, '2037-12-31'),
(239, 104, 8200.00, 520.00, 210.00, '2037-12-31'),
(240, 105, 7800.00, 480.00, 180.00, '2037-12-31'),

(241, 101, 8000.00, 500.00, 200.00, '2038-01-31'),
(242, 102, 7500.00, 450.00, 150.00, '2038-01-31'),
(243, 103, 9000.00, 600.00, 300.00, '2038-01-31'),
(244, 104, 8200.00, 520.00, 210.00, '2038-01-31'),
(245, 105, 7800.00, 480.00, 180.00, '2038-01-31'),

(246, 101, 8000.00, 500.00, 200.00, '2038-02-28'),
(247, 102, 7500.00, 450.00, 150.00, '2038-02-28'),
(248, 103, 9000.00, 600.00, 300.00, '2038-02-28'),
(249, 104, 8200.00, 520.00, 210.00, '2038-02-28'),
(250, 105, 7800.00, 480.00, 180.00, '2038-02-28'),

(251, 101, 8000.00, 500.00, 200.00, '2038-03-31'),
(252, 102, 7500.00, 450.00, 150.00, '2038-03-31'),
(253, 103, 9000.00, 600.00, 300.00, '2038-03-31'),
(254, 104, 8200.00, 520.00, 210.00, '2038-03-31'),
(255, 105, 7800.00, 480.00, 180.00, '2038-03-31'),

(256, 101, 8000.00, 500.00, 200.00, '2038-04-30'),
(257, 102, 7500.00, 450.00, 150.00, '2038-04-30'),
(258, 103, 9000.00, 600.00, 300.00, '2038-04-30'),
(259, 104, 8200.00, 520.00, 210.00, '2038-04-30'),
(260, 105, 7800.00, 480.00, 180.00, '2038-04-30'),

(261, 101, 8000.00, 500.00, 200.00, '2038-05-31'),
(262, 102, 7500.00, 450.00, 150.00, '2038-05-31'),
(263, 103, 9000.00, 600.00, 300.00, '2038-05-31'),
(264, 104, 8200.00, 520.00, 210.00, '2038-05-31'),
(265, 105, 7800.00, 480.00, 180.00, '2038-05-31'),

(266, 101, 8000.00, 500.00, 200.00, '2038-06-30'),
(267, 102, 7500.00, 450.00, 150.00, '2038-06-30'),
(268, 103, 9000.00, 600.00, 300.00, '2038-06-30'),
(269, 104, 8200.00, 520.00, 210.00, '2038-06-30'),
(270, 105, 7800.00, 480.00, 180.00, '2038-06-30'),

(271, 101, 8000.00, 500.00, 200.00, '2038-07-31'),
(272, 102, 7500.00, 450.00, 150.00, '2038-07-31'),
(273, 103, 9000.00, 600.00, 300.00, '2038-07-31'),
(274, 104, 8200.00, 520.00, 210.00, '2038-07-31'),
(275, 105, 7800.00, 480.00, 180.00, '2038-07-31'),

(276, 101, 8000.00, 500.00, 200.00, '2038-08-31'),
(277, 102, 7500.00, 450.00, 150.00, '2038-08-31'),
(278, 103, 9000.00, 600.00, 300.00, '2038-08-31'),
(279, 104, 8200.00, 520.00, 210.00, '2038-08-31'),
(280, 105, 7800.00, 480.00, 180.00, '2038-08-31'),

(281, 101, 8000.00, 500.00, 200.00, '2038-09-30'),
(282, 102, 7500.00, 450.00, 150.00, '2038-09-30'),
(283, 103, 9000.00, 600.00, 300.00, '2038-09-30'),
(284, 104, 8200.00, 520.00, 210.00, '2038-09-30'),
(285, 105, 7800.00, 480.00, 180.00, '2038-09-30'),

(286, 101, 8000.00, 500.00, 200.00, '2038-10-31'),
(287, 102, 7500.00, 450.00, 150.00, '2038-10-31'),
(288, 103, 9000.00, 600.00, 300.00, '2038-10-31'),
(289, 104, 8200.00, 520.00, 210.00, '2038-10-31'),
(290, 105, 7800.00, 480.00, 180.00, '2038-10-31'),

(291, 101, 8000.00, 500.00, 200.00, '2038-11-30'),
(292, 102, 7500.00, 450.00, 150.00, '2038-11-30'),
(293, 103, 9000.00, 600.00, 300.00, '2038-11-30'),
(294, 104, 8200.00, 520.00, 210.00, '2038-11-30'),
(295, 105, 7800.00, 480.00, 180.00, '2038-11-30'),

(296, 101, 8000.00, 500.00, 200.00, '2038-12-31'),
(297, 102, 7500.00, 450.00, 150.00, '2038-12-31'),
(298, 103, 9000.00, 600.00, 300.00, '2038-12-31'),
(299, 104, 8200.00, 520.00, 210.00, '2038-12-31'),
(300, 105, 7800.00, 480.00, 180.00, '2038-12-31'),

(301, 101, 8000.00, 500.00, 200.00, '2039-01-31'),
(302, 102, 7500.00, 450.00, 150.00, '2039-01-31'),
(303, 103, 9000.00, 600.00, 300.00, '2039-01-31'),
(304, 104, 8200.00, 520.00, 210.00, '2039-01-31'),
(305, 105, 7800.00, 480.00, 180.00, '2039-01-31'),

(306, 101, 8000.00, 500.00, 200.00, '2039-02-28'),
(307, 102, 7500.00, 450.00, 150.00, '2039-02-28'),
(308, 103, 9000.00, 600.00, 300.00, '2039-02-28'),
(309, 104, 8200.00, 520.00, 210.00, '2039-02-28'),
(310, 105, 7800.00, 480.00, 180.00, '2039-02-28'),

(311, 101, 8000.00, 500.00, 200.00, '2039-03-31'),
(312, 102, 7500.00, 450.00, 150.00, '2039-03-31'),
(313, 103, 9000.00, 600.00, 300.00, '2039-03-31'),
(314, 104, 8200.00, 520.00, 210.00, '2039-03-31'),
(315, 105, 7800.00, 480.00, 180.00, '2039-03-31'),

(316, 101, 8000.00, 500.00, 200.00, '2039-04-30'),
(317, 102, 7500.00, 450.00, 150.00, '2039-04-30'),
(318, 103, 9000.00, 600.00, 300.00, '2039-04-30'),
(319, 104, 8200.00, 520.00, 210.00, '2039-04-30'),
(320, 105, 7800.00, 480.00, 180.00, '2039-04-30'),

(321, 101, 8000.00, 500.00, 200.00, '2039-05-31'),
(322, 102, 7500.00, 450.00, 150.00, '2039-05-31'),
(323, 103, 9000.00, 600.00, 300.00, '2039-05-31'),
(324, 104, 8200.00, 520.00, 210.00, '2039-05-31'),
(325, 105, 7800.00, 480.00, 180.00, '2039-05-31'),

(326, 101, 8000.00, 500.00, 200.00, '2039-06-30'),
(327, 102, 7500.00, 450.00, 150.00, '2039-06-30'),
(328, 103, 9000.00, 600.00, 300.00, '2039-06-30'),
(329, 104, 8200.00, 520.00, 210.00, '2039-06-30'),
(330, 105, 7800.00, 480.00, 180.00, '2039-06-30'),

(331, 101, 8000.00, 500.00, 200.00, '2039-07-31'),
(332, 102, 7500.00, 450.00, 150.00, '2039-07-31'),
(333, 103, 9000.00, 600.00, 300.00, '2039-07-31'),
(334, 104, 8200.00, 520.00, 210.00, '2039-07-31'),
(335, 105, 7800.00, 480.00, 180.00, '2039-07-31'),

(336, 101, 8000.00, 500.00, 200.00, '2039-08-31'),
(337, 102, 7500.00, 450.00, 150.00, '2039-08-31'),
(338, 103, 9000.00, 600.00, 300.00, '2039-08-31'),
(339, 104, 8200.00, 520.00, 210.00, '2039-08-31'),
(340, 105, 7800.00, 480.00, 180.00, '2039-08-31'),

(341, 101, 8000.00, 500.00, 200.00, '2039-09-30'),
(342, 102, 7500.00, 450.00, 150.00, '2039-09-30'),
(343, 103, 9000.00, 600.00, 300.00, '2039-09-30'),
(344, 104, 8200.00, 520.00, 210.00, '2039-09-30'),
(345, 105, 7800.00, 480.00, 180.00, '2039-09-30'),

(346, 101, 8000.00, 500.00, 200.00, '2039-10-31'),
(347, 102, 7500.00, 450.00, 150.00, '2039-10-31'),
(348, 103, 9000.00, 600.00, 300.00, '2039-10-31'),
(349, 104, 8200.00, 520.00, 210.00, '2039-10-31'),
(350, 105, 7800.00, 480.00, 180.00, '2039-10-31');

drop table if exists EmployeeAttendance

CREATE TABLE EmployeeAttendance (
    AttendanceID INT PRIMARY KEY,
    EmployeeID INT,
    CheckInTime DATETIME,
    CheckOutTime DATETIME,
    TotalHours DECIMAL(5,2));

    --FOREIGN KEY (EmployeeID) REFERENCES Employees(EmployeeID)

INSERT INTO EmployeeAttendance (AttendanceID, EmployeeID, CheckInTime, CheckOutTime, TotalHours)
VALUES
(1, 101, '2035-03-01 08:30:00', '2035-03-01 17:00:00', 8.50),
(2, 102, '2035-03-01 09:00:00', '2035-03-01 17:30:00', 8.50),
(3, 103, '2035-03-01 08:45:00', '2035-03-01 17:15:00', 8.50),
(4, 104, '2035-03-01 08:30:00', '2035-03-01 17:00:00', 8.50),
(5, 105, '2035-03-01 09:00:00', '2035-03-01 17:30:00', 8.50),

(6, 101, '2035-03-02 08:30:00', '2035-03-02 17:00:00', 8.50),
(7, 102, '2035-03-02 09:00:00', '2035-03-02 17:30:00', 8.50),
(8, 103, '2035-03-02 08:45:00', '2035-03-02 17:15:00', 8.50),
(9, 104, '2035-03-02 08:30:00', '2035-03-02 17:00:00', 8.50),
(10, 105, '2035-03-02 09:00:00', '2035-03-02 17:30:00', 8.50),

(11, 101, '2035-03-03 08:30:00', '2035-03-03 17:00:00', 8.50),
(12, 102, '2035-03-03 09:00:00', '2035-03-03 17:30:00', 8.50),
(13, 103, '2035-03-03 08:45:00', '2035-03-03 17:15:00', 8.50),
(14, 104, '2035-03-03 08:30:00', '2035-03-03 17:00:00', 8.50),
(15, 105, '2035-03-03 09:00:00', '2035-03-03 17:30:00', 8.50),

(16, 101, '2035-03-04 08:30:00', '2035-03-04 17:00:00', 8.50),
(17, 102, '2035-03-04 09:00:00', '2035-03-04 17:30:00', 8.50),
(18, 103, '2035-03-04 08:45:00', '2035-03-04 17:15:00', 8.50),
(19, 104, '2035-03-04 08:30:00', '2035-03-04 17:00:00', 8.50),
(20, 105, '2035-03-04 09:00:00', '2035-03-04 17:30:00', 8.50),

(21, 101, '2035-03-05 08:30:00', '2035-03-05 17:00:00', 8.50),
(22, 102, '2035-03-05 09:00:00', '2035-03-05 17:30:00', 8.50),
(23, 103, '2035-03-05 08:45:00', '2035-03-05 17:15:00', 8.50),
(24, 104, '2035-03-05 08:30:00', '2035-03-05 17:00:00', 8.50),
(25, 105, '2035-03-05 09:00:00', '2035-03-05 17:30:00', 8.50),

(26, 101, '2035-03-06 08:30:00', '2035-03-06 17:00:00', 8.50),
(27, 102, '2035-03-06 09:00:00', '2035-03-06 17:30:00', 8.50),
(28, 103, '2035-03-06 08:45:00', '2035-03-06 17:15:00', 8.50),
(29, 104, '2035-03-06 08:30:00', '2035-03-06 17:00:00', 8.50),
(30, 105, '2035-03-06 09:00:00', '2035-03-06 17:30:00', 8.50),

(31, 101, '2035-03-07 08:30:00', '2035-03-07 17:00:00', 8.50),
(32, 102, '2035-03-07 09:00:00', '2035-03-07 17:30:00', 8.50),
(33, 103, '2035-03-07 08:45:00', '2035-03-07 17:15:00', 8.50),
(34, 104, '2035-03-07 08:30:00', '2035-03-07 17:00:00', 8.50),
(35, 105, '2035-03-07 09:00:00', '2035-03-07 17:30:00', 8.50),

(36, 101, '2035-03-08 08:30:00', '2035-03-08 17:00:00', 8.50),
(37, 102, '2035-03-08 09:00:00', '2035-03-08 17:30:00', 8.50),
(38, 103, '2035-03-08 08:45:00', '2035-03-08 17:15:00', 8.50),
(39, 104, '2035-03-08 08:30:00', '2035-03-08 17:00:00', 8.50),
(40, 105, '2035-03-08 09:00:00', '2035-03-08 17:30:00', 8.50),

(41, 101, '2035-03-09 08:30:00', '2035-03-09 17:00:00', 8.50),
(42, 102, '2035-03-09 09:00:00', '2035-03-09 17:30:00', 8.50),
(43, 103, '2035-03-09 08:45:00', '2035-03-09 17:15:00', 8.50),
(44, 104, '2035-03-09 08:30:00', '2035-03-09 17:00:00', 8.50),
(45, 105, '2035-03-09 09:00:00', '2035-03-09 17:30:00', 8.50),

(46, 101, '2035-03-10 08:30:00', '2035-03-10 17:00:00', 8.50),
(47, 102, '2035-03-10 09:00:00', '2035-03-10 17:30:00', 8.50),
(48, 103, '2035-03-10 08:45:00', '2035-03-10 17:15:00', 8.50),
(49, 104, '2035-03-10 08:30:00', '2035-03-10 17:00:00', 8.50),
(50, 105, '2035-03-10 09:00:00', '2035-03-10 17:30:00', 8.50),

(51, 101, '2035-03-11 08:30:00', '2035-03-11 17:00:00', 8.50),
(52, 102, '2035-03-11 09:00:00', '2035-03-11 17:30:00', 8.50),
(53, 103, '2035-03-11 08:45:00', '2035-03-11 17:15:00', 8.50),
(54, 104, '2035-03-11 08:30:00', '2035-03-11 17:00:00', 8.50),
(55, 105, '2035-03-11 09:00:00', '2035-03-11 17:30:00', 8.50),

(56, 101, '2035-03-12 08:30:00', '2035-03-12 17:00:00', 8.50),
(57, 102, '2035-03-12 09:00:00', '2035-03-12 17:30:00', 8.50),
(58, 103, '2035-03-12 08:45:00', '2035-03-12 17:15:00', 8.50),
(59, 104, '2035-03-12 08:30:00', '2035-03-12 17:00:00', 8.50),
(60, 105, '2035-03-12 09:00:00', '2035-03-12 17:30:00', 8.50),

(61, 101, '2035-03-13 08:30:00', '2035-03-13 17:00:00', 8.50),
(62, 102, '2035-03-13 09:00:00', '2035-03-13 17:30:00', 8.50),
(63, 103, '2035-03-13 08:45:00', '2035-03-13 17:15:00', 8.50),
(64, 104, '2035-03-13 08:30:00', '2035-03-13 17:00:00', 8.50),
(65, 105, '2035-03-13 09:00:00', '2035-03-13 17:30:00', 8.50),

(66, 101, '2035-03-14 08:30:00', '2035-03-14 17:00:00', 8.50),
(67, 102, '2035-03-14 09:00:00', '2035-03-14 17:30:00', 8.50),
(68, 103, '2035-03-14 08:45:00', '2035-03-14 17:15:00', 8.50),
(69, 104, '2035-03-14 08:30:00', '2035-03-14 17:00:00', 8.50),
(70, 105, '2035-03-14 09:00:00', '2035-03-14 17:30:00', 8.50),

(71, 101, '2035-03-15 08:30:00', '2035-03-15 17:00:00', 8.50),
(72, 102, '2035-03-15 09:00:00', '2035-03-15 17:30:00', 8.50),
(73, 103, '2035-03-15 08:45:00', '2035-03-15 17:15:00', 8.50),
(74, 104, '2035-03-15 08:30:00', '2035-03-15 17:00:00', 8.50),
(75, 105, '2035-03-15 09:00:00', '2035-03-15 17:30:00', 8.50),

(76, 101, '2035-03-16 08:30:00', '2035-03-16 17:00:00', 8.50),
(77, 102, '2035-03-16 09:00:00', '2035-03-16 17:30:00', 8.50),
(78, 103, '2035-03-16 08:45:00', '2035-03-16 17:15:00', 8.50),
(79, 104, '2035-03-16 08:30:00', '2035-03-16 17:00:00', 8.50),
(80, 105, '2035-03-16 09:00:00', '2035-03-16 17:30:00', 8.50),

(81, 101, '2035-03-17 08:30:00', '2035-03-17 17:00:00', 8.50),
(82, 102, '2035-03-17 09:00:00', '2035-03-17 17:30:00', 8.50),
(83, 103, '2035-03-17 08:45:00', '2035-03-17 17:15:00', 8.50),
(84, 104, '2035-03-17 08:30:00', '2035-03-17 17:00:00', 8.50),
(85, 105, '2035-03-17 09:00:00', '2035-03-17 17:30:00', 8.50),

(86, 101, '2035-03-18 08:30:00', '2035-03-18 17:00:00', 8.50),
(87, 102, '2035-03-18 09:00:00', '2035-03-18 17:30:00', 8.50),
(88, 103, '2035-03-18 08:45:00', '2035-03-18 17:15:00', 8.50),
(89, 104, '2035-03-18 08:30:00', '2035-03-18 17:00:00', 8.50),
(90, 105, '2035-03-18 09:00:00', '2035-03-18 17:30:00', 8.50),

(91, 101, '2035-03-19 08:30:00', '2035-03-19 17:00:00', 8.50),
(92, 102, '2035-03-19 09:00:00', '2035-03-19 17:30:00', 8.50),
(93, 103, '2035-03-19 08:45:00', '2035-03-19 17:15:00', 8.50),
(94, 104, '2035-03-19 08:30:00', '2035-03-19 17:00:00', 8.50),
(95, 105, '2035-03-19 09:00:00', '2035-03-19 17:30:00', 8.50),

(96, 101, '2035-03-20 08:30:00', '2035-03-20 17:00:00', 8.50),
(97, 102, '2035-03-20 09:00:00', '2035-03-20 17:30:00', 8.50),
(98, 103, '2035-03-20 08:45:00', '2035-03-20 17:15:00', 8.50),
(99, 104, '2035-03-20 08:30:00', '2035-03-20 17:00:00', 8.50),
(100, 105, '2035-03-20 09:00:00', '2035-03-20 17:30:00', 8.50),

(101, 101, '2035-03-21 08:30:00', '2035-03-21 17:00:00', 8.50),
(102, 102, '2035-03-21 09:00:00', '2035-03-21 17:30:00', 8.50),
(103, 103, '2035-03-21 08:45:00', '2035-03-21 17:15:00', 8.50),
(104, 104, '2035-03-21 08:30:00', '2035-03-21 17:00:00', 8.50),
(105, 105, '2035-03-21 09:00:00', '2035-03-21 17:30:00', 8.50),

(106, 101, '2035-03-22 08:30:00', '2035-03-22 17:00:00', 8.50),
(107, 102, '2035-03-22 09:00:00', '2035-03-22 17:30:00', 8.50),
(108, 103, '2035-03-22 08:45:00', '2035-03-22 17:15:00', 8.50),
(109, 104, '2035-03-22 08:30:00', '2035-03-22 17:00:00', 8.50),
(110, 105, '2035-03-22 09:00:00', '2035-03-22 17:30:00', 8.50),

(111, 101, '2035-03-23 08:30:00', '2035-03-23 17:00:00', 8.50),
(112, 102, '2035-03-23 09:00:00', '2035-03-23 17:30:00', 8.50),
(113, 103, '2035-03-23 08:45:00', '2035-03-23 17:15:00', 8.50),
(114, 104, '2035-03-23 08:30:00', '2035-03-23 17:00:00', 8.50),
(115, 105, '2035-03-23 09:00:00', '2035-03-23 17:30:00', 8.50),

(116, 101, '2035-03-24 08:30:00', '2035-03-24 17:00:00', 8.50),
(117, 102, '2035-03-24 09:00:00', '2035-03-24 17:30:00', 8.50),
(118, 103, '2035-03-24 08:45:00', '2035-03-24 17:15:00', 8.50),
(119, 104, '2035-03-24 08:30:00', '2035-03-24 17:00:00', 8.50),
(120, 105, '2035-03-24 09:00:00', '2035-03-24 17:30:00', 8.50),

(121, 101, '2035-03-25 08:30:00', '2035-03-25 17:00:00', 8.50),
(122, 102, '2035-03-25 09:00:00', '2035-03-25 17:30:00', 8.50),
(123, 103, '2035-03-25 08:45:00', '2035-03-25 17:15:00', 8.50),
(124, 104, '2035-03-25 08:30:00', '2035-03-25 17:00:00', 8.50),
(125, 105, '2035-03-25 09:00:00', '2035-03-25 17:30:00', 8.50),

(126, 101, '2035-03-26 08:30:00', '2035-03-26 17:00:00', 8.50),
(127, 102, '2035-03-26 09:00:00', '2035-03-26 17:30:00', 8.50),
(128, 103, '2035-03-26 08:45:00', '2035-03-26 17:15:00', 8.50),
(129, 104, '2035-03-26 08:30:00', '2035-03-26 17:00:00', 8.50),
(130, 105, '2035-03-26 09:00:00', '2035-03-26 17:30:00', 8.50),

(131, 101, '2035-03-27 08:30:00', '2035-03-27 17:00:00', 8.50),
(132, 102, '2035-03-27 09:00:00', '2035-03-27 17:30:00', 8.50),
(133, 103, '2035-03-27 08:45:00', '2035-03-27 17:15:00', 8.50),
(134, 104, '2035-03-27 08:30:00', '2035-03-27 17:00:00', 8.50),
(135, 105, '2035-03-27 09:00:00', '2035-03-27 17:30:00', 8.50),

(136, 101, '2035-03-28 08:30:00', '2035-03-28 17:00:00', 8.50),
(137, 102, '2035-03-28 09:00:00', '2035-03-28 17:30:00', 8.50),
(138, 103, '2035-03-28 08:45:00', '2035-03-28 17:15:00', 8.50),
(139, 104, '2035-03-28 08:30:00', '2035-03-28 17:00:00', 8.50),
(140, 105, '2035-03-28 09:00:00', '2035-03-28 17:30:00', 8.50),

(141, 101, '2035-03-29 08:30:00', '2035-03-29 17:00:00', 8.50),
(142, 102, '2035-03-29 09:00:00', '2035-03-29 17:30:00', 8.50),
(143, 103, '2035-03-29 08:45:00', '2035-03-29 17:15:00', 8.50),
(144, 104, '2035-03-29 08:30:00', '2035-03-29 17:00:00', 8.50),
(145, 105, '2035-03-29 09:00:00', '2035-03-29 17:30:00', 8.50),

(146, 101, '2035-03-30 08:30:00', '2035-03-30 17:00:00', 8.50),
(147, 102, '2035-03-30 09:00:00', '2035-03-30 17:30:00', 8.50),
(148, 103, '2035-03-30 08:45:00', '2035-03-30 17:15:00', 8.50),
(149, 104, '2035-03-30 08:30:00', '2035-03-30 17:00:00', 8.50),
(150, 105, '2035-03-30 09:00:00', '2035-03-30 17:30:00', 8.50),

(151, 101, '2035-03-31 08:30:00', '2035-03-31 17:00:00', 8.50),
(152, 102, '2035-03-31 09:00:00', '2035-03-31 17:30:00', 8.50),
(153, 103, '2035-03-31 08:45:00', '2035-03-31 17:15:00', 8.50),
(154, 104, '2035-03-31 08:30:00', '2035-03-31 17:00:00', 8.50),
(155, 105, '2035-03-31 09:00:00', '2035-03-31 17:30:00', 8.50),

(156, 101, '2035-04-01 08:30:00', '2035-04-01 17:00:00', 8.50),
(157, 102, '2035-04-01 09:00:00', '2035-04-01 17:30:00', 8.50),
(158, 103, '2035-04-01 08:45:00', '2035-04-01 17:15:00', 8.50),
(159, 104, '2035-04-01 08:30:00', '2035-04-01 17:00:00', 8.50),
(160, 105, '2035-04-01 09:00:00', '2035-04-01 17:30:00', 8.50),

(161, 101, '2035-04-02 08:30:00', '2035-04-02 17:00:00', 8.50),
(162, 102, '2035-04-02 09:00:00', '2035-04-02 17:30:00', 8.50),
(163, 103, '2035-04-02 08:45:00', '2035-04-02 17:15:00', 8.50),
(164, 104, '2035-04-02 08:30:00', '2035-04-02 17:00:00', 8.50),
(165, 105, '2035-04-02 09:00:00', '2035-04-02 17:30:00', 8.50),

(166, 101, '2035-04-03 08:30:00', '2035-04-03 17:00:00', 8.50),
(167, 102, '2035-04-03 09:00:00', '2035-04-03 17:30:00', 8.50),
(168, 103, '2035-04-03 08:45:00', '2035-04-03 17:15:00', 8.50),
(169, 104, '2035-04-03 08:30:00', '2035-04-03 17:00:00', 8.50),
(170, 105, '2035-04-03 09:00:00', '2035-04-03 17:30:00', 8.50),

(171, 101, '2035-04-04 08:30:00', '2035-04-04 17:00:00', 8.50),
(172, 102, '2035-04-04 09:00:00', '2035-04-04 17:30:00', 8.50),
(173, 103, '2035-04-04 08:45:00', '2035-04-04 17:15:00', 8.50),
(174, 104, '2035-04-04 08:30:00', '2035-04-04 17:00:00', 8.50),
(175, 105, '2035-04-04 09:00:00', '2035-04-04 17:30:00', 8.50),

(176, 101, '2035-04-05 08:30:00', '2035-04-05 17:00:00', 8.50),
(177, 102, '2035-04-05 09:00:00', '2035-04-05 17:30:00', 8.50),
(178, 103, '2035-04-05 08:45:00', '2035-04-05 17:15:00', 8.50),
(179, 104, '2035-04-05 08:30:00', '2035-04-05 17:00:00', 8.50),
(180, 105, '2035-04-05 09:00:00', '2035-04-05 17:30:00', 8.50),

(181, 101, '2035-04-06 08:30:00', '2035-04-06 17:00:00', 8.50),
(182, 102, '2035-04-06 09:00:00', '2035-04-06 17:30:00', 8.50),
(183, 103, '2035-04-06 08:45:00', '2035-04-06 17:15:00', 8.50),
(184, 104, '2035-04-06 08:30:00', '2035-04-06 17:00:00', 8.50),
(185, 105, '2035-04-06 09:00:00', '2035-04-06 17:30:00', 8.50),

(186, 101, '2035-04-07 08:30:00', '2035-04-07 17:00:00', 8.50),
(187, 102, '2035-04-07 09:00:00', '2035-04-07 17:30:00', 8.50),
(188, 103, '2035-04-07 08:45:00', '2035-04-07 17:15:00', 8.50),
(189, 104, '2035-04-07 08:30:00', '2035-04-07 17:00:00', 8.50),
(190, 105, '2035-04-07 09:00:00', '2035-04-07 17:30:00', 8.50),

(191, 101, '2035-04-08 08:30:00', '2035-04-08 17:00:00', 8.50),
(192, 102, '2035-04-08 09:00:00', '2035-04-08 17:30:00', 8.50),
(193, 103, '2035-04-08 08:45:00', '2035-04-08 17:15:00', 8.50),
(194, 104, '2035-04-08 08:30:00', '2035-04-08 17:00:00', 8.50),
(195, 105, '2035-04-08 09:00:00', '2035-04-08 17:30:00', 8.50),

(196, 101, '2035-04-09 08:30:00', '2035-04-09 17:00:00', 8.50),
(197, 102, '2035-04-09 09:00:00', '2035-04-09 17:30:00', 8.50),
(198, 103, '2035-04-09 08:45:00', '2035-04-09 17:15:00', 8.50),
(199, 104, '2035-04-09 08:30:00', '2035-04-09 17:00:00', 8.50),
(200, 105, '2035-04-09 09:00:00', '2035-04-09 17:30:00', 8.50),

(201, 101, '2035-04-10 08:30:00', '2035-04-10 17:00:00', 8.50),
(202, 102, '2035-04-10 09:00:00', '2035-04-10 17:30:00', 8.50),
(203, 103, '2035-04-10 08:45:00', '2035-04-10 17:15:00', 8.50),
(204, 104, '2035-04-10 08:30:00', '2035-04-10 17:00:00', 8.50),
(205, 105, '2035-04-10 09:00:00', '2035-04-10 17:30:00', 8.50),

(206, 101, '2035-04-11 08:30:00', '2035-04-11 17:00:00', 8.50),
(207, 102, '2035-04-11 09:00:00', '2035-04-11 17:30:00', 8.50),
(208, 103, '2035-04-11 08:45:00', '2035-04-11 17:15:00', 8.50),
(209, 104, '2035-04-11 08:30:00', '2035-04-11 17:00:00', 8.50),
(210, 105, '2035-04-11 09:00:00', '2035-04-11 17:30:00', 8.50),

(211, 101, '2035-04-12 08:30:00', '2035-04-12 17:00:00', 8.50),
(212, 102, '2035-04-12 09:00:00', '2035-04-12 17:30:00', 8.50),
(213, 103, '2035-04-12 08:45:00', '2035-04-12 17:15:00', 8.50),
(214, 104, '2035-04-12 08:30:00', '2035-04-12 17:00:00', 8.50),
(215, 105, '2035-04-12 09:00:00', '2035-04-12 17:30:00', 8.50),

(216, 101, '2035-04-13 08:30:00', '2035-04-13 17:00:00', 8.50),
(217, 102, '2035-04-13 09:00:00', '2035-04-13 17:30:00', 8.50),
(218, 103, '2035-04-13 08:45:00', '2035-04-13 17:15:00', 8.50),
(219, 104, '2035-04-13 08:30:00', '2035-04-13 17:00:00', 8.50),
(220, 105, '2035-04-13 09:00:00', '2035-04-13 17:30:00', 8.50),

(221, 101, '2035-04-14 08:30:00', '2035-04-14 17:00:00', 8.50),
(222, 102, '2035-04-14 09:00:00', '2035-04-14 17:30:00', 8.50),
(223, 103, '2035-04-14 08:45:00', '2035-04-14 17:15:00', 8.50),
(224, 104, '2035-04-14 08:30:00', '2035-04-14 17:00:00', 8.50),
(225, 105, '2035-04-14 09:00:00', '2035-04-14 17:30:00', 8.50),

(226, 101, '2035-04-15 08:30:00', '2035-04-15 17:00:00', 8.50),
(227, 102, '2035-04-15 09:00:00', '2035-04-15 17:30:00', 8.50),
(228, 103, '2035-04-15 08:45:00', '2035-04-15 17:15:00', 8.50),
(229, 104, '2035-04-15 08:30:00', '2035-04-15 17:00:00', 8.50),
(230, 105, '2035-04-15 09:00:00', '2035-04-15 17:30:00', 8.50),

(231, 101, '2035-04-16 08:30:00', '2035-04-16 17:00:00', 8.50),
(232, 102, '2035-04-16 09:00:00', '2035-04-16 17:30:00', 8.50),
(233, 103, '2035-04-16 08:45:00', '2035-04-16 17:15:00', 8.50),
(234, 104, '2035-04-16 08:30:00', '2035-04-16 17:00:00', 8.50),
(235, 105, '2035-04-16 09:00:00', '2035-04-16 17:30:00', 8.50),

(236, 101, '2035-04-17 08:30:00', '2035-04-17 17:00:00', 8.50),
(237, 102, '2035-04-17 09:00:00', '2035-04-17 17:30:00', 8.50),
(238, 103, '2035-04-17 08:45:00', '2035-04-17 17:15:00', 8.50),
(239, 104, '2035-04-17 08:30:00', '2035-04-17 17:00:00', 8.50),
(240, 105, '2035-04-17 09:00:00', '2035-04-17 17:30:00', 8.50),

(241, 101, '2035-04-18 08:30:00', '2035-04-18 17:00:00', 8.50),
(242, 102, '2035-04-18 09:00:00', '2035-04-18 17:30:00', 8.50),
(243, 103, '2035-04-18 08:45:00', '2035-04-18 17:15:00', 8.50),
(244, 104, '2035-04-18 08:30:00', '2035-04-18 17:00:00', 8.50),
(245, 105, '2035-04-18 09:00:00', '2035-04-18 17:30:00', 8.50),

(246, 101, '2035-04-19 08:30:00', '2035-04-19 17:00:00', 8.50),
(247, 102, '2035-04-19 09:00:00', '2035-04-19 17:30:00', 8.50),
(248, 103, '2035-04-19 08:45:00', '2035-04-19 17:15:00', 8.50),
(249, 104, '2035-04-19 08:30:00', '2035-04-19 17:00:00', 8.50),
(250, 105, '2035-04-19 09:00:00', '2035-04-19 17:30:00', 8.50),

(251, 101, '2035-04-20 08:30:00', '2035-04-20 17:00:00', 8.50),
(252, 102, '2035-04-20 09:00:00', '2035-04-20 17:30:00', 8.50),
(253, 103, '2035-04-20 08:45:00', '2035-04-20 17:15:00', 8.50),
(254, 104, '2035-04-20 08:30:00', '2035-04-20 17:00:00', 8.50),
(255, 105, '2035-04-20 09:00:00', '2035-04-20 17:30:00', 8.50),

(256, 101, '2035-04-21 08:30:00', '2035-04-21 17:00:00', 8.50),
(257, 102, '2035-04-21 09:00:00', '2035-04-21 17:30:00', 8.50),
(258, 103, '2035-04-21 08:45:00', '2035-04-21 17:15:00', 8.50),
(259, 104, '2035-04-21 08:30:00', '2035-04-21 17:00:00', 8.50),
(260, 105, '2035-04-21 09:00:00', '2035-04-21 17:30:00', 8.50),

(261, 101, '2035-04-22 08:30:00', '2035-04-22 17:00:00', 8.50),
(262, 102, '2035-04-22 09:00:00', '2035-04-22 17:30:00', 8.50),
(263, 103, '2035-04-22 08:45:00', '2035-04-22 17:15:00', 8.50),
(264, 104, '2035-04-22 08:30:00', '2035-04-22 17:00:00', 8.50),
(265, 105, '2035-04-22 09:00:00', '2035-04-22 17:30:00', 8.50),

(266, 101, '2035-04-23 08:30:00', '2035-04-23 17:00:00', 8.50),
(267, 102, '2035-04-23 09:00:00', '2035-04-23 17:30:00', 8.50),
(268, 103, '2035-04-23 08:45:00', '2035-04-23 17:15:00', 8.50),
(269, 104, '2035-04-23 08:30:00', '2035-04-23 17:00:00', 8.50),
(270, 105, '2035-04-23 09:00:00', '2035-04-23 17:30:00', 8.50),

(271, 101, '2035-04-24 08:30:00', '2035-04-24 17:00:00', 8.50),
(272, 102, '2035-04-24 09:00:00', '2035-04-24 17:30:00', 8.50),
(273, 103, '2035-04-24 08:45:00', '2035-04-24 17:15:00', 8.50),
(274, 104, '2035-04-24 08:30:00', '2035-04-24 17:00:00', 8.50),
(275, 105, '2035-04-24 09:00:00', '2035-04-24 17:30:00', 8.50),

(276, 101, '2035-04-25 08:30:00', '2035-04-25 17:00:00', 8.50),
(277, 102, '2035-04-25 09:00:00', '2035-04-25 17:30:00', 8.50),
(278, 103, '2035-04-25 08:45:00', '2035-04-25 17:15:00', 8.50),
(279, 104, '2035-04-25 08:30:00', '2035-04-25 17:00:00', 8.50),
(280, 105, '2035-04-25 09:00:00', '2035-04-25 17:30:00', 8.50),

(281, 101, '2035-04-26 08:30:00', '2035-04-26 17:00:00', 8.50),
(282, 102, '2035-04-26 09:00:00', '2035-04-26 17:30:00', 8.50),
(283, 103, '2035-04-26 08:45:00', '2035-04-26 17:15:00', 8.50),
(284, 104, '2035-04-26 08:30:00', '2035-04-26 17:00:00', 8.50),
(285, 105, '2035-04-26 09:00:00', '2035-04-26 17:30:00', 8.50),

(286, 101, '2035-04-27 08:30:00', '2035-04-27 17:00:00', 8.50),
(287, 102, '2035-04-27 09:00:00', '2035-04-27 17:30:00', 8.50),
(288, 103, '2035-04-27 08:45:00', '2035-04-27 17:15:00', 8.50),
(289, 104, '2035-04-27 08:30:00', '2035-04-27 17:00:00', 8.50),
(290, 105, '2035-04-27 09:00:00', '2035-04-27 17:30:00', 8.50),

(291, 101, '2035-04-28 08:30:00', '2035-04-28 17:00:00', 8.50),
(292, 102, '2035-04-28 09:00:00', '2035-04-28 17:30:00', 8.50),
(293, 103, '2035-04-28 08:45:00', '2035-04-28 17:15:00', 8.50),
(294, 104, '2035-04-28 08:30:00', '2035-04-28 17:00:00', 8.50),
(295, 105, '2035-04-28 09:00:00', '2035-04-28 17:30:00', 8.50),

(296, 101, '2035-04-29 08:30:00', '2035-04-29 17:00:00', 8.50),
(297, 102, '2035-04-29 09:00:00', '2035-04-29 17:30:00', 8.50),
(298, 103, '2035-04-29 08:45:00', '2035-04-29 17:15:00', 8.50),
(299, 104, '2035-04-29 08:30:00', '2035-04-29 17:00:00', 8.50),
(300, 105, '2035-04-29 09:00:00', '2035-04-29 17:30:00', 8.50),

(301, 101, '2035-04-30 08:30:00', '2035-04-30 17:00:00', 8.50),
(302, 102, '2035-04-30 09:00:00', '2035-04-30 17:30:00', 8.50),
(303, 103, '2035-04-30 08:45:00', '2035-04-30 17:15:00', 8.50),
(304, 104, '2035-04-30 08:30:00', '2035-04-30 17:00:00', 8.50),
(305, 105, '2035-04-30 09:00:00', '2035-04-30 17:30:00', 8.50),

(306, 101, '2035-05-01 08:30:00', '2035-05-01 17:00:00', 8.50),
(307, 102, '2035-05-01 09:00:00', '2035-05-01 17:30:00', 8.50),
(308, 103, '2035-05-01 08:45:00', '2035-05-01 17:15:00', 8.50),
(309, 104, '2035-05-01 08:30:00', '2035-05-01 17:00:00', 8.50),
(310, 105, '2035-05-01 09:00:00', '2035-05-01 17:30:00', 8.50),

(311, 101, '2035-05-02 08:30:00', '2035-05-02 17:00:00', 8.50),
(312, 102, '2035-05-02 09:00:00', '2035-05-02 17:30:00', 8.50),
(313, 103, '2035-05-02 08:45:00', '2035-05-02 17:15:00', 8.50),
(314, 104, '2035-05-02 08:30:00', '2035-05-02 17:00:00', 8.50),
(315, 105, '2035-05-02 09:00:00', '2035-05-02 17:30:00', 8.50),

(316, 101, '2035-05-03 08:30:00', '2035-05-03 17:00:00', 8.50),
(317, 102, '2035-05-03 09:00:00', '2035-05-03 17:30:00', 8.50),
(318, 103, '2035-05-03 08:45:00', '2035-05-03 17:15:00', 8.50),
(319, 104, '2035-05-03 08:30:00', '2035-05-03 17:00:00', 8.50),
(320, 105, '2035-05-03 09:00:00', '2035-05-03 17:30:00', 8.50),

(321, 101, '2035-05-04 08:30:00', '2035-05-04 17:00:00', 8.50),
(322, 102, '2035-05-04 09:00:00', '2035-05-04 17:30:00', 8.50),
(323, 103, '2035-05-04 08:45:00', '2035-05-04 17:15:00', 8.50),
(324, 104, '2035-05-04 08:30:00', '2035-05-04 17:00:00', 8.50),
(325, 105, '2035-05-04 09:00:00', '2035-05-04 17:30:00', 8.50),

(326, 101, '2035-05-05 08:30:00', '2035-05-05 17:00:00', 8.50),
(327, 102, '2035-05-05 09:00:00', '2035-05-05 17:30:00', 8.50),
(328, 103, '2035-05-05 08:45:00', '2035-05-05 17:15:00', 8.50),
(329, 104, '2035-05-05 08:30:00', '2035-05-05 17:00:00', 8.50),
(330, 105, '2035-05-05 09:00:00', '2035-05-05 17:30:00', 8.50),

(331, 101, '2035-05-06 08:30:00', '2035-05-06 17:00:00', 8.50),
(332, 102, '2035-05-06 09:00:00', '2035-05-06 17:30:00', 8.50),
(333, 103, '2035-05-06 08:45:00', '2035-05-06 17:15:00', 8.50),
(334, 104, '2035-05-06 08:30:00', '2035-05-06 17:00:00', 8.50),
(335, 105, '2035-05-06 09:00:00', '2035-05-06 17:30:00', 8.50),

(336, 101, '2035-05-07 08:30:00', '2035-05-07 17:00:00', 8.50),
(337, 102, '2035-05-07 09:00:00', '2035-05-07 17:30:00', 8.50),
(338, 103, '2035-05-07 08:45:00', '2035-05-07 17:15:00', 8.50),
(339, 104, '2035-05-07 08:30:00', '2035-05-07 17:00:00', 8.50),
(340, 105, '2035-05-07 09:00:00', '2035-05-07 17:30:00', 8.50),

(341, 101, '2035-05-08 08:30:00', '2035-05-08 17:00:00', 8.50),
(342, 102, '2035-05-08 09:00:00', '2035-05-08 17:30:00', 8.50),
(343, 103, '2035-05-08 08:45:00', '2035-05-08 17:15:00', 8.50),
(344, 104, '2035-05-08 08:30:00', '2035-05-08 17:00:00', 8.50),
(345, 105, '2035-05-08 09:00:00', '2035-05-08 17:30:00', 8.50),

(346, 101, '2035-05-09 08:30:00', '2035-05-09 17:00:00', 8.50),
(347, 102, '2035-05-09 09:00:00', '2035-05-09 17:30:00', 8.50),
(348, 103, '2035-05-09 08:45:00', '2035-05-09 17:15:00', 8.50),
(349, 104, '2035-05-09 08:30:00', '2035-05-09 17:00:00', 8.50),
(350, 105, '2035-05-09 09:00:00', '2035-05-09 17:30:00', 8.50);


drop table if exists Investments

CREATE TABLE Investments (
    InvestmentID INT IDENTITY(1,1) PRIMARY KEY,
    CustomerID INT,
    InvestmentType VARCHAR(50),
    Amount DECIMAL(15,2),
    ROI DECIMAL(5,2),
    MaturityDate DATE);


    --FOREIGN KEY (CustomerID) REFERENCES Customers(CustomerID)

INSERT INTO Investments (InvestmentID, CustomerID, InvestmentType, Amount, ROI, MaturityDate)
VALUES
(1, 1, 'Stocks', 10000.00, 7.50, '2036-03-31'),
(2, 2, 'Bonds', 5000.00, 5.00, '2036-06-30'),
(3, 3, 'Mutual Funds', 15000.00, 6.25, '2036-12-31'),
(4, 4, 'ETF', 12000.00, 6.75, '2036-09-30'),
(5, 5, 'Real Estate', 25000.00, 8.00, '2037-03-31'),

(6, 6, 'Stocks', 18000.00, 7.00, '2036-11-30'),
(7, 7, 'Bonds', 8000.00, 4.50, '2036-08-31'),
(8, 8, 'Mutual Funds', 20000.00, 6.50, '2037-01-31'),
(9, 9, 'ETF', 15000.00, 6.00, '2036-12-31'),
(10, 10, 'Real Estate', 30000.00, 8.25, '2037-06-30'),

(11, 11, 'Stocks', 11000.00, 7.25, '2036-07-31'),
(12, 12, 'Bonds', 6000.00, 5.25, '2036-09-30'),
(13, 13, 'Mutual Funds', 14000.00, 6.00, '2036-12-31'),
(14, 14, 'ETF', 16000.00, 6.75, '2037-02-28'),
(15, 15, 'Real Estate', 22000.00, 7.75, '2037-05-31'),

(16, 16, 'Stocks', 13000.00, 7.50, '2036-11-30'),
(17, 17, 'Bonds', 7000.00, 5.00, '2036-10-31'),
(18, 18, 'Mutual Funds', 19000.00, 6.25, '2037-01-31'),
(19, 19, 'ETF', 14000.00, 6.50, '2037-03-31'),
(20, 20, 'Real Estate', 26000.00, 8.00, '2037-06-30'),

(21, 21, 'Stocks', 15000.00, 7.75, '2036-12-31'),
(22, 22, 'Bonds', 9000.00, 5.50, '2036-11-30'),
(23, 23, 'Mutual Funds', 17000.00, 6.75, '2037-02-28'),
(24, 24, 'ETF', 13000.00, 6.25, '2037-03-31'),
(25, 25, 'Real Estate', 28000.00, 8.50, '2037-07-31'),

(26, 26, 'Stocks', 12000.00, 7.25, '2036-10-31'),
(27, 27, 'Bonds', 8000.00, 5.00, '2036-12-31'),
(28, 28, 'Mutual Funds', 16000.00, 6.50, '2037-01-31'),
(29, 29, 'ETF', 15000.00, 6.75, '2037-03-31'),
(30, 30, 'Real Estate', 24000.00, 8.00, '2037-05-31'),

(31, 31, 'Stocks', 14000.00, 7.50, '2036-12-31'),
(32, 32, 'Bonds', 7500.00, 5.25, '2037-01-31'),
(33, 33, 'Mutual Funds', 18000.00, 6.50, '2037-02-28'),
(34, 34, 'ETF', 16000.00, 6.75, '2037-04-30'),
(35, 35, 'Real Estate', 27000.00, 8.25, '2037-06-30'),

(36, 36, 'Stocks', 12500.00, 7.00, '2036-11-30'),
(37, 37, 'Bonds', 8500.00, 5.50, '2036-12-31'),
(38, 38, 'Mutual Funds', 15500.00, 6.25, '2037-02-28'),
(39, 39, 'ETF', 14500.00, 6.50, '2037-03-31'),
(40, 40, 'Real Estate', 25000.00, 8.00, '2037-05-31'),

(41, 41, 'Stocks', 13500.00, 7.25, '2036-12-31'),
(42, 42, 'Bonds', 9500.00, 5.75, '2037-01-31'),
(43, 43, 'Mutual Funds', 16500.00, 6.75, '2037-03-31'),
(44, 44, 'ETF', 15500.00, 6.50, '2037-04-30'),
(45, 45, 'Real Estate', 29000.00, 8.50, '2037-07-31'),

(46, 46, 'Stocks', 14500.00, 7.50, '2037-01-31'),
(47, 47, 'Bonds', 7000.00, 5.25, '2037-02-28'),
(48, 48, 'Mutual Funds', 19500.00, 6.75, '2037-03-31'),
(49, 49, 'ETF', 15000.00, 6.50, '2037-04-30'),
(50, 50, 'Real Estate', 30000.00, 8.25, '2037-07-31'),

(51, 51, 'Stocks', 16000.00, 7.50, '2037-01-31'),
(52, 52, 'Bonds', 8500.00, 5.00, '2037-02-28'),
(53, 53, 'Mutual Funds', 17500.00, 6.25, '2037-03-31'),
(54, 54, 'ETF', 15500.00, 6.75, '2037-04-30'),
(55, 55, 'Real Estate', 28000.00, 8.00, '2037-06-30'),

(56, 56, 'Stocks', 14500.00, 7.25, '2037-01-31'),
(57, 57, 'Bonds', 9000.00, 5.50, '2037-03-31'),
(58, 58, 'Mutual Funds', 16500.00, 6.50, '2037-04-30'),
(59, 59, 'ETF', 15000.00, 6.25, '2037-05-31'),
(60, 60, 'Real Estate', 30000.00, 8.25, '2037-07-31'),

(61, 61, 'Stocks', 15500.00, 7.50, '2037-02-28'),
(62, 62, 'Bonds', 8000.00, 5.25, '2037-03-31'),
(63, 63, 'Mutual Funds', 17000.00, 6.75, '2037-04-30'),
(64, 64, 'ETF', 16000.00, 6.50, '2037-05-31'),
(65, 65, 'Real Estate', 29000.00, 8.50, '2037-07-31'),

(66, 66, 'Stocks', 15000.00, 7.25, '2037-03-31'),
(67, 67, 'Bonds', 9500.00, 5.75, '2037-04-30'),
(68, 68, 'Mutual Funds', 17500.00, 6.50, '2037-05-31'),
(69, 69, 'ETF', 16500.00, 6.75, '2037-06-30'),
(70, 70, 'Real Estate', 31000.00, 8.00, '2037-08-31'),

(71, 71, 'Stocks', 16000.00, 7.50, '2037-03-31'),
(72, 72, 'Bonds', 8500.00, 5.25, '2037-04-30'),
(73, 73, 'Mutual Funds', 18000.00, 6.75, '2037-05-31'),
(74, 74, 'ETF', 15500.00, 6.50, '2037-06-30'),
(75, 75, 'Real Estate', 30000.00, 8.25, '2037-08-31'),

(76, 76, 'Stocks', 14500.00, 7.25, '2037-04-30'),
(77, 77, 'Bonds', 9000.00, 5.50, '2037-05-31'),
(78, 78, 'Mutual Funds', 17000.00, 6.25, '2037-06-30'),
(79, 79, 'ETF', 16000.00, 6.75, '2037-07-31'),
(80, 80, 'Real Estate', 28000.00, 8.00, '2037-09-30'),

(81, 81, 'Stocks', 15000.00, 7.50, '2037-05-31'),
(82, 82, 'Bonds', 8500.00, 5.00, '2037-06-30'),
(83, 83, 'Mutual Funds', 17500.00, 6.50, '2037-07-31'),
(84, 84, 'ETF', 15500.00, 6.25, '2037-08-31'),
(85, 85, 'Real Estate', 30000.00, 8.25, '2037-10-31'),

(86, 86, 'Stocks', 16000.00, 7.25, '2037-06-30'),
(87, 87, 'Bonds', 9000.00, 5.50, '2037-07-31'),
(88, 88, 'Mutual Funds', 18000.00, 6.75, '2037-08-31'),
(89, 89, 'ETF', 16500.00, 6.50, '2037-09-30'),
(90, 90, 'Real Estate', 31000.00, 8.50, '2037-11-30'),

(91, 91, 'Stocks', 15000.00, 7.50, '2037-07-31'),
(92, 92, 'Bonds', 8500.00, 5.25, '2037-08-31'),
(93, 93, 'Mutual Funds', 17000.00, 6.50, '2037-09-30'),
(94, 94, 'ETF', 16000.00, 6.75, '2037-10-31'),
(95, 95, 'Real Estate', 29000.00, 8.00, '2037-12-31'),

(96, 96, 'Stocks', 15500.00, 7.25, '2037-08-31'),
(97, 97, 'Bonds', 9000.00, 5.50, '2037-09-30'),
(98, 98, 'Mutual Funds', 17500.00, 6.75, '2037-10-31'),
(99, 99, 'ETF', 16500.00, 6.50, '2037-11-30'),
(100, 100, 'Real Estate', 31000.00, 8.25, '2037-12-31'),


(51, 51, 'Stocks', 16000.00, 7.50, '2037-01-31'),
(52, 52, 'Bonds', 8500.00, 5.00, '2037-02-28'),
(53, 53, 'Mutual Funds', 17500.00, 6.25, '2037-03-31'),
(54, 54, 'ETF', 15500.00, 6.75, '2037-04-30'),
(55, 55, 'Real Estate', 28000.00, 8.00, '2037-06-30'),

(56, 56, 'Stocks', 14500.00, 7.25, '2037-01-31'),
(57, 57, 'Bonds', 9000.00, 5.50, '2037-03-31'),
(58, 58, 'Mutual Funds', 16500.00, 6.50, '2037-04-30'),
(59, 59, 'ETF', 15000.00, 6.25, '2037-05-31'),
(60, 60, 'Real Estate', 30000.00, 8.25, '2037-07-31'),

(61, 61, 'Stocks', 15500.00, 7.50, '2037-02-28'),
(62, 62, 'Bonds', 8000.00, 5.25, '2037-03-31'),
(63, 63, 'Mutual Funds', 17000.00, 6.75, '2037-04-30'),
(64, 64, 'ETF', 16000.00, 6.50, '2037-05-31'),
(65, 65, 'Real Estate', 29000.00, 8.50, '2037-07-31'),

(66, 66, 'Stocks', 15000.00, 7.25, '2037-03-31'),
(67, 67, 'Bonds', 9500.00, 5.75, '2037-04-30'),
(68, 68, 'Mutual Funds', 17500.00, 6.50, '2037-05-31'),
(69, 69, 'ETF', 16500.00, 6.75, '2037-06-30'),
(70, 70, 'Real Estate', 31000.00, 8.00, '2037-08-31'),

(71, 71, 'Stocks', 16000.00, 7.50, '2037-03-31'),
(72, 72, 'Bonds', 8500.00, 5.25, '2037-04-30'),
(73, 73, 'Mutual Funds', 18000.00, 6.75, '2037-05-31'),
(74, 74, 'ETF', 15500.00, 6.50, '2037-06-30'),
(75, 75, 'Real Estate', 30000.00, 8.25, '2037-08-31'),

(76, 76, 'Stocks', 14500.00, 7.25, '2037-04-30'),
(77, 77, 'Bonds', 9000.00, 5.50, '2037-05-31'),
(78, 78, 'Mutual Funds', 17000.00, 6.25, '2037-06-30'),
(79, 79, 'ETF', 16000.00, 6.75, '2037-07-31'),
(80, 80, 'Real Estate', 28000.00, 8.00, '2037-09-30'),

(81, 81, 'Stocks', 15000.00, 7.50, '2037-05-31'),
(82, 82, 'Bonds', 8500.00, 5.00, '2037-06-30'),
(83, 83, 'Mutual Funds', 17500.00, 6.50, '2037-07-31'),
(84, 84, 'ETF', 15500.00, 6.25, '2037-08-31'),
(85, 85, 'Real Estate', 30000.00, 8.25, '2037-10-31'),

(86, 86, 'Stocks', 16000.00, 7.25, '2037-06-30'),
(87, 87, 'Bonds', 9000.00, 5.50, '2037-07-31'),
(88, 88, 'Mutual Funds', 18000.00, 6.75, '2037-08-31'),
(89, 89, 'ETF', 16500.00, 6.50, '2037-09-30'),
(90, 90, 'Real Estate', 31000.00, 8.50, '2037-11-30'),

(91, 91, 'Stocks', 15000.00, 7.50, '2037-07-31'),
(92, 92, 'Bonds', 8500.00, 5.25, '2037-08-31'),
(93, 93, 'Mutual Funds', 17000.00, 6.50, '2037-09-30'),
(94, 94, 'ETF', 16000.00, 6.75, '2037-10-31'),
(95, 95, 'Real Estate', 29000.00, 8.00, '2037-12-31'),

(96, 96, 'Stocks', 15500.00, 7.25, '2037-08-31'),
(97, 97, 'Bonds', 9000.00, 5.50, '2037-09-30'),
(98, 98, 'Mutual Funds', 17500.00, 6.75, '2037-10-31'),
(99, 99, 'ETF', 16500.00, 6.50, '2037-11-30'),
(100, 100, 'Real Estate', 31000.00, 8.25, '2037-12-31'),

(101, 101, 'Stocks', 16500.00, 7.50, '2038-01-31'),
(102, 102, 'Bonds', 9500.00, 5.25, '2038-02-29'),
(103, 103, 'Mutual Funds', 18500.00, 6.75, '2038-03-31'),
(104, 104, 'ETF', 17000.00, 6.50, '2038-04-30'),
(105, 105, 'Real Estate', 32000.00, 8.50, '2038-06-30'),

(106, 106, 'Stocks', 15500.00, 7.25, '2038-01-31'),
(107, 107, 'Bonds', 9000.00, 5.50, '2038-03-31'),
(108, 108, 'Mutual Funds', 17500.00, 6.50, '2038-04-30'),
(109, 109, 'ETF', 16500.00, 6.75, '2038-05-31'),
(110, 110, 'Real Estate', 30000.00, 8.00, '2038-07-31'),

(111, 111, 'Stocks', 17000.00, 7.75, '2038-02-28'),
(112, 112, 'Bonds', 8500.00, 5.00, '2038-03-31'),
(113, 113, 'Mutual Funds', 19000.00, 6.75, '2038-04-30'),
(114, 114, 'ETF', 16000.00, 6.50, '2038-05-31'),
(115, 115, 'Real Estate', 33000.00, 8.75, '2038-08-31'),

(116, 116, 'Stocks', 15000.00, 7.25, '2038-03-31'),
(117, 117, 'Bonds', 10000.00, 5.75, '2038-04-30'),
(118, 118, 'Mutual Funds', 18000.00, 6.50, '2038-05-31'),
(119, 119, 'ETF', 17000.00, 6.75, '2038-06-30'),
(120, 120, 'Real Estate', 31000.00, 8.25, '2038-09-30'),

(121, 121, 'Stocks', 16000.00, 7.50, '2038-03-31'),
(122, 122, 'Bonds', 9500.00, 5.25, '2038-04-30'),
(123, 123, 'Mutual Funds', 17500.00, 6.50, '2038-05-31'),
(124, 124, 'ETF', 16500.00, 6.75, '2038-06-30'),
(125, 125, 'Real Estate', 34000.00, 8.50, '2038-10-31'),

(126, 126, 'Stocks', 15500.00, 7.25, '2038-04-30'),
(127, 127, 'Bonds', 9000.00, 5.50, '2038-05-31'),
(128, 128, 'Mutual Funds', 18500.00, 6.75, '2038-06-30'),
(129, 129, 'ETF', 17500.00, 6.50, '2038-07-31'),
(130, 130, 'Real Estate', 32000.00, 8.25, '2038-11-30'),

(131, 131, 'Stocks', 16500.00, 7.50, '2038-05-31'),
(132, 132, 'Bonds', 9500.00, 5.25, '2038-06-30'),
(133, 133, 'Mutual Funds', 18000.00, 6.75, '2038-07-31'),
(134, 134, 'ETF', 17000.00, 6.50, '2038-08-31'),
(135, 135, 'Real Estate', 35000.00, 8.75, '2038-12-31'),

(136, 136, 'Stocks', 15000.00, 7.25, '2038-06-30'),
(137, 137, 'Bonds', 10000.00, 5.75, '2038-07-31'),
(138, 138, 'Mutual Funds', 19000.00, 6.75, '2038-08-31'),
(139, 139, 'ETF', 18000.00, 6.50, '2038-09-30'),
(140, 140, 'Real Estate', 33000.00, 8.50, '2039-01-31'),

(141, 141, 'Stocks', 16000.00, 7.50, '2038-07-31'),
(142, 142, 'Bonds', 9500.00, 5.25, '2038-08-31'),
(143, 143, 'Mutual Funds', 18500.00, 6.50, '2038-09-30'),
(144, 144, 'ETF', 17500.00, 6.75, '2038-10-31'),
(145, 145, 'Real Estate', 36000.00, 9.00, '2039-02-28'),

(146, 146, 'Stocks', 17000.00, 7.75, '2038-08-31'),
(147, 147, 'Bonds', 9000.00, 5.50, '2038-09-30'),
(148, 148, 'Mutual Funds', 19500.00, 6.75, '2038-10-31'),
(149, 149, 'ETF', 18500.00, 6.50, '2038-11-30'),
(150, 150, 'Real Estate', 34000.00, 8.75, '2039-03-31'),

(151, 151, 'Stocks', 17500.00, 7.50, '2039-01-31'),
(152, 152, 'Bonds', 9500.00, 5.25, '2039-02-28'),
(153, 153, 'Mutual Funds', 19000.00, 6.75, '2039-03-31'),
(154, 154, 'ETF', 18000.00, 6.50, '2039-04-30'),
(155, 155, 'Real Estate', 37000.00, 9.00, '2039-06-30'),

(156, 156, 'Stocks', 16000.00, 7.25, '2039-01-31'),
(157, 157, 'Bonds', 10000.00, 5.50, '2039-03-31'),
(158, 158, 'Mutual Funds', 18500.00, 6.50, '2039-04-30'),
(159, 159, 'ETF', 17500.00, 6.75, '2039-05-31'),
(160, 160, 'Real Estate', 35000.00, 8.50, '2039-07-31'),

(161, 161, 'Stocks', 18000.00, 7.75, '2039-02-28'),
(162, 162, 'Bonds', 9500.00, 5.00, '2039-03-31'),
(163, 163, 'Mutual Funds', 19500.00, 6.75, '2039-04-30'),
(164, 164, 'ETF', 18000.00, 6.50, '2039-05-31'),
(165, 165, 'Real Estate', 38000.00, 9.25, '2039-08-31'),

(166, 166, 'Stocks', 16500.00, 7.25, '2039-03-31'),
(167, 167, 'Bonds', 10000.00, 5.75, '2039-04-30'),
(168, 168, 'Mutual Funds', 19000.00, 6.50, '2039-05-31'),
(169, 169, 'ETF', 18500.00, 6.75, '2039-06-30'),
(170, 170, 'Real Estate', 36000.00, 8.75, '2039-09-30'),

(171, 171, 'Stocks', 17000.00, 7.50, '2039-03-31'),
(172, 172, 'Bonds', 9500.00, 5.25, '2039-04-30'),
(173, 173, 'Mutual Funds', 18500.00, 6.50, '2039-05-31'),
(174, 174, 'ETF', 18000.00, 6.75, '2039-06-30'),
(175, 175, 'Real Estate', 39000.00, 9.00, '2039-10-31'),

(176, 176, 'Stocks', 16000.00, 7.25, '2039-04-30'),
(177, 177, 'Bonds', 10000.00, 5.50, '2039-05-31'),
(178, 178, 'Mutual Funds', 19000.00, 6.75, '2039-06-30'),
(179, 179, 'ETF', 18500.00, 6.50, '2039-07-31'),
(180, 180, 'Real Estate', 37000.00, 8.75, '2039-11-30'),

(181, 181, 'Stocks', 17500.00, 7.50, '2039-05-31'),
(182, 182, 'Bonds', 9500.00, 5.25, '2039-06-30'),
(183, 183, 'Mutual Funds', 19500.00, 6.75, '2039-07-31'),
(184, 184, 'ETF', 18500.00, 6.50, '2039-08-31'),
(185, 185, 'Real Estate', 40000.00, 9.25, '2039-12-31'),

(186, 186, 'Stocks', 16500.00, 7.25, '2039-06-30'),
(187, 187, 'Bonds', 10000.00, 5.75, '2039-07-31'),
(188, 188, 'Mutual Funds', 19000.00, 6.50, '2039-08-31'),
(189, 189, 'ETF', 18000.00, 6.75, '2039-09-30'),
(190, 190, 'Real Estate', 38000.00, 9.00, '2040-01-31'),

(191, 191, 'Stocks', 17000.00, 7.50, '2039-07-31'),
(192, 192, 'Bonds', 9500.00, 5.25, '2039-08-31'),
(193, 193, 'Mutual Funds', 19500.00, 6.50, '2039-09-30'),
(194, 194, 'ETF', 18500.00, 6.75, '2039-10-31'),
(195, 195, 'Real Estate', 40000.00, 9.25, '2040-02-29'),

(196, 196, 'Stocks', 18000.00, 7.75, '2039-08-31'),
(197, 197, 'Bonds', 10000.00, 5.50, '2039-09-30'),
(198, 198, 'Mutual Funds', 20000.00, 6.75, '2039-10-31'),
(199, 199, 'ETF', 19000.00, 6.50, '2039-11-30'),
(200, 200, 'Real Estate', 42000.00, 9.50, '2040-03-31'),


(201, 201, 'Stocks', 18500.00, 7.50, '2040-01-31'),
(202, 202, 'Bonds', 10500.00, 5.25, '2040-02-29'),
(203, 203, 'Mutual Funds', 20000.00, 6.75, '2040-03-31'),
(204, 204, 'ETF', 19000.00, 6.50, '2040-04-30'),
(205, 205, 'Real Estate', 43000.00, 9.50, '2040-06-30'),

(206, 206, 'Stocks', 17000.00, 7.25, '2040-01-31'),
(207, 207, 'Bonds', 10000.00, 5.50, '2040-03-31'),
(208, 208, 'Mutual Funds', 19500.00, 6.50, '2040-04-30'),
(209, 209, 'ETF', 18500.00, 6.75, '2040-05-31'),
(210, 210, 'Real Estate', 41000.00, 9.00, '2040-07-31'),

(211, 211, 'Stocks', 18000.00, 7.75, '2040-02-28'),
(212, 212, 'Bonds', 9500.00, 5.00, '2040-03-31'),
(213, 213, 'Mutual Funds', 20000.00, 6.75, '2040-04-30'),
(214, 214, 'ETF', 19000.00, 6.50, '2040-05-31'),
(215, 215, 'Real Estate', 44000.00, 9.75, '2040-08-31'),

(216, 216, 'Stocks', 16500.00, 7.25, '2040-03-31'),
(217, 217, 'Bonds', 10500.00, 5.75, '2040-04-30'),
(218, 218, 'Mutual Funds', 19500.00, 6.50, '2040-05-31'),
(219, 219, 'ETF', 18500.00, 6.75, '2040-06-30'),
(220, 220, 'Real Estate', 42000.00, 9.25, '2040-09-30'),

(221, 221, 'Stocks', 17500.00, 7.50, '2040-03-31'),
(222, 222, 'Bonds', 9500.00, 5.25, '2040-04-30'),
(223, 223, 'Mutual Funds', 20000.00, 6.75, '2040-05-31'),
(224, 224, 'ETF', 19000.00, 6.50, '2040-06-30'),
(225, 225, 'Real Estate', 45000.00, 9.75, '2040-10-31'),

(226, 226, 'Stocks', 17000.00, 7.25, '2040-04-30'),
(227, 227, 'Bonds', 10000.00, 5.50, '2040-05-31'),
(228, 228, 'Mutual Funds', 20000.00, 6.75, '2040-06-30'),
(229, 229, 'ETF', 19500.00, 6.50, '2040-07-31'),
(230, 230, 'Real Estate', 43000.00, 9.25, '2040-11-30'),

(231, 231, 'Stocks', 18500.00, 7.50, '2040-05-31'),
(232, 232, 'Bonds', 9500.00, 5.25, '2040-06-30'),
(233, 233, 'Mutual Funds', 20000.00, 6.75, '2040-07-31'),
(234, 234, 'ETF', 19000.00, 6.50, '2040-08-31'),
(235, 235, 'Real Estate', 46000.00, 10.00, '2040-12-31'),

(236, 236, 'Stocks', 17000.00, 7.25, '2040-06-30'),
(237, 237, 'Bonds', 10500.00, 5.75, '2040-07-31'),
(238, 238, 'Mutual Funds', 20500.00, 6.50, '2040-08-31'),
(239, 239, 'ETF', 19500.00, 6.75, '2040-09-30'),
(240, 240, 'Real Estate', 44000.00, 9.50, '2041-01-31'),

(241, 241, 'Stocks', 18000.00, 7.50, '2040-07-31'),
(242, 242, 'Bonds', 9500.00, 5.25, '2040-08-31'),
(243, 243, 'Mutual Funds', 20500.00, 6.75, '2040-09-30'),
(244, 244, 'ETF', 19500.00, 6.50, '2040-10-31'),
(245, 245, 'Real Estate', 47000.00, 10.25, '2041-02-28'),

(246, 246, 'Stocks', 18500.00, 7.75, '2040-08-31'),
(247, 247, 'Bonds', 10000.00, 5.50, '2040-09-30'),
(248, 248, 'Mutual Funds', 21000.00, 6.75, '2040-10-31'),
(249, 249, 'ETF', 20000.00, 6.50, '2040-11-30'),
(250, 250, 'Real Estate', 49000.00, 10.50, '2041-03-31'),

(251, 251, 'Stocks', 19000.00, 7.50, '2041-01-31'),
(252, 252, 'Bonds', 10500.00, 5.25, '2041-02-28'),
(253, 253, 'Mutual Funds', 21000.00, 6.75, '2041-03-31'),
(254, 254, 'ETF', 20000.00, 6.50, '2041-04-30'),
(255, 255, 'Real Estate', 50000.00, 10.50, '2041-06-30'),

(256, 256, 'Stocks', 17500.00, 7.25, '2041-01-31'),
(257, 257, 'Bonds', 10000.00, 5.50, '2041-03-31'),
(258, 258, 'Mutual Funds', 20500.00, 6.50, '2041-04-30'),
(259, 259, 'ETF', 19500.00, 6.75, '2041-05-31'),
(260, 260, 'Real Estate', 48000.00, 10.00, '2041-07-31'),

(261, 261, 'Stocks', 18500.00, 7.75, '2041-02-28'),
(262, 262, 'Bonds', 9500.00, 5.00, '2041-03-31'),
(263, 263, 'Mutual Funds', 21000.00, 6.75, '2041-04-30'),
(264, 264, 'ETF', 20000.00, 6.50, '2041-05-31'),
(265, 265, 'Real Estate', 51000.00, 10.75, '2041-08-31'),

(266, 266, 'Stocks', 17000.00, 7.25, '2041-03-31'),
(267, 267, 'Bonds', 10500.00, 5.75, '2041-04-30'),
(268, 268, 'Mutual Funds', 20500.00, 6.50, '2041-05-31'),
(269, 269, 'ETF', 19500.00, 6.75, '2041-06-30'),
(270, 270, 'Real Estate', 49000.00, 10.25, '2041-09-30'),

(271, 271, 'Stocks', 18000.00, 7.50, '2041-03-31'),
(272, 272, 'Bonds', 9500.00, 5.25, '2041-04-30'),
(273, 273, 'Mutual Funds', 21000.00, 6.75, '2041-05-31'),
(274, 274, 'ETF', 20000.00, 6.50, '2041-06-30'),
(275, 275, 'Real Estate', 52000.00, 10.75, '2041-10-31'),

(276, 276, 'Stocks', 17500.00, 7.25, '2041-04-30'),
(277, 277, 'Bonds', 10000.00, 5.50, '2041-05-31'),
(278, 278, 'Mutual Funds', 21000.00, 6.75, '2041-06-30'),
(279, 279, 'ETF', 20500.00, 6.50, '2041-07-31'),
(280, 280, 'Real Estate', 50000.00, 10.25, '2041-11-30'),

(281, 281, 'Stocks', 19000.00, 7.50, '2041-05-31'),
(282, 282, 'Bonds', 10500.00, 5.25, '2041-06-30'),
(283, 283, 'Mutual Funds', 21500.00, 6.75, '2041-07-31'),
(284, 284, 'ETF', 20500.00, 6.50, '2041-08-31'),
(285, 285, 'Real Estate', 53000.00, 11.00, '2041-12-31'),

(286, 286, 'Stocks', 17500.00, 7.25, '2041-06-30'),
(287, 287, 'Bonds', 11000.00, 5.75, '2041-07-31'),
(288, 288, 'Mutual Funds', 22000.00, 6.50, '2041-08-31'),
(289, 289, 'ETF', 21000.00, 6.75, '2041-09-30'),
(290, 290, 'Real Estate', 51000.00, 10.50, '2042-01-31'),

(291, 291, 'Stocks', 18500.00, 7.50, '2041-07-31'),
(292, 292, 'Bonds', 9500.00, 5.25, '2041-08-31'),
(293, 293, 'Mutual Funds', 22000.00, 6.75, '2041-09-30'),
(294, 294, 'ETF', 21000.00, 6.50, '2041-10-31'),
(295, 295, 'Real Estate', 54000.00, 11.25, '2042-02-28'),

(296, 296, 'Stocks', 19000.00, 7.75, '2041-08-31'),
(297, 297, 'Bonds', 10000.00, 5.50, '2041-09-30'),
(298, 298, 'Mutual Funds', 22500.00, 6.75, '2041-10-31'),
(299, 299, 'ETF', 21500.00, 6.50, '2041-11-30'),
(300, 300, 'Real Estate', 56000.00, 11.50, '2042-03-31'),

(301, 301, 'Stocks', 19500.00, 7.50, '2042-01-31'),
(302, 302, 'Bonds', 10500.00, 5.25, '2042-02-28'),
(303, 303, 'Mutual Funds', 22500.00, 6.75, '2042-03-31'),
(304, 304, 'ETF', 21500.00, 6.50, '2042-04-30'),
(305, 305, 'Real Estate', 57000.00, 11.50, '2042-06-30'),

(306, 306, 'Stocks', 18000.00, 7.25, '2042-01-31'),
(307, 307, 'Bonds', 10000.00, 5.50, '2042-03-31'),
(308, 308, 'Mutual Funds', 22000.00, 6.50, '2042-04-30'),
(309, 309, 'ETF', 21000.00, 6.75, '2042-05-31'),
(310, 310, 'Real Estate', 55000.00, 11.00, '2042-07-31'),

(311, 311, 'Stocks', 19000.00, 7.75, '2042-02-28'),
(312, 312, 'Bonds', 9500.00, 5.00, '2042-03-31'),
(313, 313, 'Mutual Funds', 22500.00, 6.75, '2042-04-30'),
(314, 314, 'ETF', 21500.00, 6.50, '2042-05-31'),
(315, 315, 'Real Estate', 58000.00, 11.75, '2042-08-31'),

(316, 316, 'Stocks', 17500.00, 7.25, '2042-03-31'),
(317, 317, 'Bonds', 10500.00, 5.75, '2042-04-30'),
(318, 318, 'Mutual Funds', 22000.00, 6.50, '2042-05-31'),
(319, 319, 'ETF', 21000.00, 6.75, '2042-06-30'),
(320, 320, 'Real Estate', 56000.00, 11.25, '2042-09-30'),

(321, 321, 'Stocks', 18500.00, 7.50, '2042-03-31'),
(322, 322, 'Bonds', 9500.00, 5.25, '2042-04-30'),
(323, 323, 'Mutual Funds', 22500.00, 6.75, '2042-05-31'),
(324, 324, 'ETF', 21500.00, 6.50, '2042-06-30'),
(325, 325, 'Real Estate', 59000.00, 11.75, '2042-10-31'),

(326, 326, 'Stocks', 18000.00, 7.25, '2042-04-30'),
(327, 327, 'Bonds', 10000.00, 5.50, '2042-05-31'),
(328, 328, 'Mutual Funds', 22500.00, 6.75, '2042-06-30'),
(329, 329, 'ETF', 22000.00, 6.50, '2042-07-31'),
(330, 330, 'Real Estate', 57000.00, 11.25, '2042-11-30'),

(331, 331, 'Stocks', 19500.00, 7.50, '2042-05-31'),
(332, 332, 'Bonds', 10500.00, 5.25, '2042-06-30'),
(333, 333, 'Mutual Funds', 23000.00, 6.75, '2042-07-31'),
(334, 334, 'ETF', 22000.00, 6.50, '2042-08-31'),
(335, 335, 'Real Estate', 60000.00, 12.00, '2042-12-31'),

(336, 336, 'Stocks', 18000.00, 7.25, '2042-06-30'),
(337, 337, 'Bonds', 11000.00, 5.75, '2042-07-31'),
(338, 338, 'Mutual Funds', 23500.00, 6.50, '2042-08-31'),
(339, 339, 'ETF', 22500.00, 6.75, '2042-09-30'),
(340, 340, 'Real Estate', 58000.00, 11.50, '2043-01-31'),

(341, 341, 'Stocks', 19000.00, 7.50, '2042-07-31'),
(342, 342, 'Bonds', 10500.00, 5.25, '2042-08-31'),
(343, 343, 'Mutual Funds', 23500.00, 6.75, '2042-09-30'),
(344, 344, 'ETF', 22500.00, 6.50, '2042-10-31'),
(345, 345, 'Real Estate', 61000.00, 12.25, '2043-02-28'),

(346, 346, 'Stocks', 19500.00, 7.75, '2042-08-31'),
(347, 347, 'Bonds', 11000.00, 5.50, '2042-09-30'),
(348, 348, 'Mutual Funds', 24000.00, 6.75, '2042-10-31'),
(349, 349, 'ETF', 23000.00, 6.50, '2042-11-30'),
(350, 350, 'Real Estate', 63000.00, 12.50, '2043-03-31');


drop table if exists StockTradingAccounts 

CREATE TABLE StockTradingAccounts (
    AccountID INT PRIMARY KEY,
    CustomerID INT,
    BrokerageFirm VARCHAR(100),
    TotalInvested DECIMAL(15,2),
    CurrentValue DECIMAL(15,2));

    --FOREIGN KEY (CustomerID) REFERENCES Customers(CustomerID)

INSERT INTO StockTradingAccounts
(AccountID, CustomerID, BrokerageFirm, TotalInvested, CurrentValue)
VALUES
(1,1,'Tashkent Securities',10000,11200),
(2,2,'Global Invest',12000,11800),
(3,3,'Asia Capital',15000,16500),
(4,4,'Tashkent Securities',18000,17500),
(5,5,'Global Invest',20000,22500),

(6,6,'Asia Capital',22000,21000),
(7,7,'Tashkent Securities',25000,26000),
(8,8,'Global Invest',27000,25500),
(9,9,'Asia Capital',30000,32000),
(10,10,'Tashkent Securities',32000,31000),

(11,11,'Global Invest',35000,37000),
(12,12,'Asia Capital',37000,36000),
(13,13,'Tashkent Securities',40000,42000),
(14,14,'Global Invest',42000,41000),
(15,15,'Asia Capital',45000,47000),

(16,16,'Tashkent Securities',47000,46000),
(17,17,'Global Invest',50000,53000),
(18,18,'Asia Capital',52000,51000),
(19,19,'Tashkent Securities',55000,58000),
(20,20,'Global Invest',58000,56000),

(21,21,'Asia Capital',60000,62000),
(22,22,'Tashkent Securities',62000,61000),
(23,23,'Global Invest',65000,67000),
(24,24,'Asia Capital',67000,65500),
(25,25,'Tashkent Securities',70000,73000),

(26,26,'Global Invest',72000,71000),
(27,27,'Asia Capital',75000,78000),
(28,28,'Tashkent Securities',77000,76000),
(29,29,'Global Invest',80000,83000),
(30,30,'Asia Capital',82000,81000),

(31,31,'Tashkent Securities',85000,88000),
(32,32,'Global Invest',87000,86000),
(33,33,'Asia Capital',90000,93000),
(34,34,'Tashkent Securities',92000,91000),
(35,35,'Global Invest',95000,98000),

(36,36,'Asia Capital',97000,96000),
(37,37,'Tashkent Securities',100000,103000),
(38,38,'Global Invest',102000,101000),
(39,39,'Asia Capital',105000,108000),
(40,40,'Tashkent Securities',107000,106000),

(41,41,'Global Invest',110000,113000),
(42,42,'Asia Capital',112000,111000),
(43,43,'Tashkent Securities',115000,118000),
(44,44,'Global Invest',117000,116000),
(45,45,'Asia Capital',120000,123000),

(46,46,'Tashkent Securities',122000,121000),
(47,47,'Global Invest',125000,128000),
(48,48,'Asia Capital',127000,126000),
(49,49,'Tashkent Securities',130000,133000),
(50,50,'Global Invest',132000,131000),

(51,51,'Asia Capital',135000,138000),
(52,52,'Tashkent Securities',137000,136000),
(53,53,'Global Invest',140000,143000),
(54,54,'Asia Capital',142000,141000),
(55,55,'Tashkent Securities',145000,148000),

(56,56,'Global Invest',147000,146000),
(57,57,'Asia Capital',150000,153000),
(58,58,'Tashkent Securities',152000,151000),
(59,59,'Global Invest',155000,158000),
(60,60,'Asia Capital',157000,156000),

(61,61,'Tashkent Securities',160000,163000),
(62,62,'Global Invest',162000,161000),
(63,63,'Asia Capital',165000,168000),
(64,64,'Tashkent Securities',167000,166000),
(65,65,'Global Invest',170000,173000),

(66,66,'Asia Capital',172000,171000),
(67,67,'Tashkent Securities',175000,178000),
(68,68,'Global Invest',177000,176000),
(69,69,'Asia Capital',180000,183000),
(70,70,'Tashkent Securities',182000,181000),


(71,71,'Global Invest',185000,188000),
(72,72,'Asia Capital',187000,186000),
(73,73,'Tashkent Securities',190000,193000),
(74,74,'Global Invest',192000,191000),
(75,75,'Asia Capital',195000,198000),

(76,76,'Tashkent Securities',197000,196000),
(77,77,'Global Invest',200000,203000),
(78,78,'Asia Capital',202000,201000),
(79,79,'Tashkent Securities',205000,208000),
(80,80,'Global Invest',207000,206000),

(81,81,'Asia Capital',210000,213000),
(82,82,'Tashkent Securities',212000,211000),
(83,83,'Global Invest',215000,218000),
(84,84,'Asia Capital',217000,216000),
(85,85,'Tashkent Securities',220000,223000),

(86,86,'Global Invest',222000,221000),
(87,87,'Asia Capital',225000,228000),
(88,88,'Tashkent Securities',227000,226000),
(89,89,'Global Invest',230000,233000),
(90,90,'Asia Capital',232000,231000),

(91,91,'Tashkent Securities',235000,238000),
(92,92,'Global Invest',237000,236000),
(93,93,'Asia Capital',240000,243000),
(94,94,'Tashkent Securities',242000,241000),
(95,95,'Global Invest',245000,248000),

(96,96,'Asia Capital',247000,246000),
(97,97,'Tashkent Securities',250000,253000),
(98,98,'Global Invest',252000,251000),
(99,99,'Asia Capital',255000,258000),
(100,100,'Tashkent Securities',257000,256000),

(101,101,'Global Invest',260000,263000),
(102,102,'Asia Capital',262000,261000),
(103,103,'Tashkent Securities',265000,268000),
(104,104,'Global Invest',267000,266000),
(105,105,'Asia Capital',270000,273000),

(106,106,'Tashkent Securities',272000,271000),
(107,107,'Global Invest',275000,278000),
(108,108,'Asia Capital',277000,276000),
(109,109,'Tashkent Securities',280000,283000),
(110,110,'Global Invest',282000,281000),

(111,111,'Asia Capital',285000,288000),
(112,112,'Tashkent Securities',287000,286000),
(113,113,'Global Invest',290000,293000),
(114,114,'Asia Capital',292000,291000),
(115,115,'Tashkent Securities',295000,298000),

(116,116,'Global Invest',297000,296000),
(117,117,'Asia Capital',300000,303000),
(118,118,'Tashkent Securities',302000,301000),
(119,119,'Global Invest',305000,308000),
(120,120,'Asia Capital',307000,306000),

(121,121,'Tashkent Securities',310000,313000),
(122,122,'Global Invest',312000,311000),
(123,123,'Asia Capital',315000,318000),
(124,124,'Tashkent Securities',317000,316000),
(125,125,'Global Invest',320000,323000),

(126,126,'Asia Capital',322000,321000),
(127,127,'Tashkent Securities',325000,328000),
(128,128,'Global Invest',327000,326000),
(129,129,'Asia Capital',330000,333000),
(130,130,'Tashkent Securities',332000,331000),

(131,131,'Global Invest',335000,338000),
(132,132,'Asia Capital',337000,336000),
(133,133,'Tashkent Securities',340000,343000),
(134,134,'Global Invest',342000,341000),
(135,135,'Asia Capital',345000,348000),

(136,136,'Tashkent Securities',347000,346000),
(137,137,'Global Invest',350000,353000),
(138,138,'Asia Capital',352000,351000),
(139,139,'Tashkent Securities',355000,358000),
(140,140,'Global Invest',357000,356000),

(141,141,'Asia Capital',360000,363000),
(142,142,'Tashkent Securities',362000,361000),
(143,143,'Global Invest',365000,368000),
(144,144,'Asia Capital',367000,366000),
(145,145,'Tashkent Securities',370000,373000),

(146,146,'Global Invest',372000,371000),
(147,147,'Asia Capital',375000,378000),
(148,148,'Tashkent Securities',377000,376000),
(149,149,'Global Invest',380000,383000),
(150,150,'Asia Capital',382000,381000),


(151, 151, 'Freedom Finance', 12000.00, 13250.00),
(152, 152, 'Freedom Finance', 15000.00, 14800.00),
(153, 153, 'TBC Capital', 18000.00, 19500.00),
(154, 154, 'Kapital Invest', 22000.00, 21000.00),
(155, 155, 'Freedom Finance', 25000.00, 27000.00),
(156, 156, 'TBC Capital', 9000.00, 8700.00),
(157, 157, 'Kapital Invest', 13000.00, 14000.00),
(158, 158, 'Freedom Finance', 17000.00, 16500.00),
(159, 159, 'TBC Capital', 20000.00, 21500.00),
(160, 160, 'Kapital Invest', 11000.00, 11800.00),

(161, 161, 'Freedom Finance', 14500.00, 15000.00),
(162, 162, 'TBC Capital', 30000.00, 32000.00),
(163, 163, 'Kapital Invest', 27000.00, 26000.00),
(164, 164, 'Freedom Finance', 8000.00, 8300.00),
(165, 165, 'TBC Capital', 9500.00, 9100.00),
(166, 166, 'Kapital Invest', 21000.00, 22500.00),
(167, 167, 'Freedom Finance', 17500.00, 18000.00),
(168, 168, 'TBC Capital', 26000.00, 25000.00),
(169, 169, 'Kapital Invest', 14000.00, 15500.00),
(170, 170, 'Freedom Finance', 16000.00, 17000.00),

(171, 171, 'TBC Capital', 23000.00, 24000.00),
(172, 172, 'Kapital Invest', 12500.00, 12000.00),
(173, 173, 'Freedom Finance', 31000.00, 33500.00),
(174, 174, 'TBC Capital', 28000.00, 27500.00),
(175, 175, 'Kapital Invest', 15000.00, 15800.00),
(176, 176, 'Freedom Finance', 19000.00, 20000.00),
(177, 177, 'TBC Capital', 10000.00, 9800.00),
(178, 178, 'Kapital Invest', 22000.00, 23500.00),
(179, 179, 'Freedom Finance', 24000.00, 25500.00),
(180, 180, 'TBC Capital', 26000.00, 27000.00),

(181, 181, 'Kapital Invest', 17500.00, 16800.00),
(182, 182, 'Freedom Finance', 14000.00, 15000.00),
(183, 183, 'TBC Capital', 21000.00, 22000.00),
(184, 184, 'Kapital Invest', 30000.00, 29500.00),
(185, 185, 'Freedom Finance', 12000.00, 13000.00),
(186, 186, 'TBC Capital', 27000.00, 28500.00),
(187, 187, 'Kapital Invest', 15000.00, 14500.00),
(188, 188, 'Freedom Finance', 18000.00, 19500.00),
(189, 189, 'TBC Capital', 32000.00, 34000.00),
(190, 190, 'Kapital Invest', 20000.00, 21000.00),

(191, 191, 'Freedom Finance', 17000.00, 17500.00),
(192, 192, 'TBC Capital', 9000.00, 9200.00),
(193, 193, 'Kapital Invest', 25000.00, 26000.00),
(194, 194, 'Freedom Finance', 28000.00, 30000.00),
(195, 195, 'TBC Capital', 13500.00, 14000.00),
(196, 196, 'Kapital Invest', 14500.00, 15000.00),
(197, 197, 'Freedom Finance', 22000.00, 23500.00),
(198, 198, 'TBC Capital', 26000.00, 25000.00),
(199, 199, 'Kapital Invest', 18000.00, 19000.00),
(200, 200, 'Freedom Finance', 15000.00, 16000.00),

(201, 201, 'TBC Capital', 20000.00, 21500.00),
(202, 202, 'Kapital Invest', 24000.00, 23000.00),
(203, 203, 'Freedom Finance', 17000.00, 18500.00),
(204, 204, 'TBC Capital', 31000.00, 32500.00),
(205, 205, 'Kapital Invest', 28000.00, 29000.00),
(206, 206, 'Freedom Finance', 9000.00, 9500.00),
(207, 207, 'TBC Capital', 12000.00, 11500.00),
(208, 208, 'Kapital Invest', 14000.00, 15000.00),
(209, 209, 'Freedom Finance', 26000.00, 27500.00),
(210, 210, 'TBC Capital', 18000.00, 19000.00),

(211, 211, 'Kapital Invest', 15000.00, 15500.00),
(212, 212, 'Freedom Finance', 20000.00, 21000.00),
(213, 213, 'TBC Capital', 23000.00, 24000.00),
(214, 214, 'Kapital Invest', 17500.00, 18000.00),
(215, 215, 'Freedom Finance', 29000.00, 30500.00),
(216, 216, 'TBC Capital', 31000.00, 32000.00),
(217, 217, 'Kapital Invest', 22000.00, 21000.00),
(218, 218, 'Freedom Finance', 12500.00, 13000.00),
(219, 219, 'TBC Capital', 14500.00, 15000.00),
(220, 220, 'Kapital Invest', 19500.00, 20500.00),


(221, 221, 'Freedom Finance', 15000.00, 16500.00),
(222, 222, 'TBC Capital', 22000.00, 21500.00),
(223, 223, 'Kapital Invest', 18000.00, 19000.00),
(224, 224, 'Freedom Finance', 27000.00, 28500.00),
(225, 225, 'TBC Capital', 30000.00, 31000.00),
(226, 226, 'Kapital Invest', 12000.00, 12500.00),
(227, 227, 'Freedom Finance', 25000.00, 26000.00),
(228, 228, 'TBC Capital', 17000.00, 16000.00),
(229, 229, 'Kapital Invest', 21000.00, 22500.00),
(230, 230, 'Freedom Finance', 19500.00, 20000.00),

(231, 231, 'TBC Capital', 14000.00, 15000.00),
(232, 232, 'Kapital Invest', 32000.00, 34000.00),
(233, 233, 'Freedom Finance', 28000.00, 29500.00),
(234, 234, 'TBC Capital', 15000.00, 14500.00),
(235, 235, 'Kapital Invest', 26000.00, 27500.00),
(236, 236, 'Freedom Finance', 11000.00, 12000.00),
(237, 237, 'TBC Capital', 23000.00, 24000.00),
(238, 238, 'Kapital Invest', 17500.00, 16800.00),
(239, 239, 'Freedom Finance', 21000.00, 22000.00),
(240, 240, 'TBC Capital', 29000.00, 30500.00),

(241, 241, 'Kapital Invest', 13500.00, 14000.00),
(242, 242, 'Freedom Finance', 18000.00, 19500.00),
(243, 243, 'TBC Capital', 25000.00, 26000.00),
(244, 244, 'Kapital Invest', 30000.00, 29000.00),
(245, 245, 'Freedom Finance', 16000.00, 17000.00),
(246, 246, 'TBC Capital', 22000.00, 23500.00),
(247, 247, 'Kapital Invest', 20000.00, 21000.00),
(248, 248, 'Freedom Finance', 24000.00, 25500.00),
(249, 249, 'TBC Capital', 27500.00, 28500.00),
(250, 250, 'Kapital Invest', 14500.00, 15000.00),

(251, 251, 'Freedom Finance', 19000.00, 20500.00),
(252, 252, 'TBC Capital', 21000.00, 20000.00),
(253, 253, 'Kapital Invest', 17000.00, 18000.00),
(254, 254, 'Freedom Finance', 26000.00, 27500.00),
(255, 255, 'TBC Capital', 28000.00, 29500.00),
(256, 256, 'Kapital Invest', 15000.00, 15500.00),
(257, 257, 'Freedom Finance', 23000.00, 24000.00),
(258, 258, 'TBC Capital', 31000.00, 32500.00),
(259, 259, 'Kapital Invest', 20000.00, 19500.00),
(260, 260, 'Freedom Finance', 17500.00, 18500.00),

(261, 261, 'TBC Capital', 24000.00, 25000.00),
(262, 262, 'Kapital Invest', 18000.00, 19000.00),
(263, 263, 'Freedom Finance', 27000.00, 29000.00),
(264, 264, 'TBC Capital', 16000.00, 17000.00),
(265, 265, 'Kapital Invest', 22000.00, 23000.00),
(266, 266, 'Freedom Finance', 30000.00, 31500.00),
(267, 267, 'TBC Capital', 12500.00, 13000.00),
(268, 268, 'Kapital Invest', 14000.00, 15000.00),
(269, 269, 'Freedom Finance', 26000.00, 28000.00),
(270, 270, 'TBC Capital', 19500.00, 20500.00),

(271, 271, 'Kapital Invest', 21000.00, 22000.00),
(272, 272, 'Freedom Finance', 25000.00, 26000.00),
(273, 273, 'TBC Capital', 29000.00, 30000.00),
(274, 274, 'Kapital Invest', 17500.00, 18000.00),
(275, 275, 'Freedom Finance', 13500.00, 14500.00),
(276, 276, 'TBC Capital', 32000.00, 34000.00),
(277, 277, 'Kapital Invest', 15000.00, 16000.00),
(278, 278, 'Freedom Finance', 18000.00, 19000.00),
(279, 279, 'TBC Capital', 26000.00, 27500.00),
(280, 280, 'Kapital Invest', 23000.00, 24000.00),

(281, 281, 'Freedom Finance', 20000.00, 21000.00),
(282, 282, 'TBC Capital', 14000.00, 15000.00),
(283, 283, 'Kapital Invest', 30000.00, 32000.00),
(284, 284, 'Freedom Finance', 27000.00, 28000.00),
(285, 285, 'TBC Capital', 22000.00, 21500.00),
(286, 286, 'Kapital Invest', 16000.00, 17000.00),
(287, 287, 'Freedom Finance', 25000.00, 26500.00),
(288, 288, 'TBC Capital', 18000.00, 19000.00),
(289, 289, 'Kapital Invest', 21000.00, 22500.00),
(290, 290, 'Freedom Finance', 29500.00, 31000.00),

(291, 291, 'TBC Capital', 17000.00, 18000.00),
(292, 292, 'Kapital Invest', 24000.00, 25000.00),
(293, 293, 'Freedom Finance', 26000.00, 27500.00),
(294, 294, 'TBC Capital', 12500.00, 13500.00),
(295, 295, 'Kapital Invest', 14500.00, 15000.00),
(296, 296, 'Freedom Finance', 22000.00, 23500.00),
(297, 297, 'TBC Capital', 28000.00, 29500.00),
(298, 298, 'Kapital Invest', 20000.00, 21000.00),
(299, 299, 'Freedom Finance', 23000.00, 24500.00),
(300, 300, 'TBC Capital', 31000.00, 33000.00),

(301, 301, 'Kapital Invest', 15000.00, 16000.00),
(302, 302, 'Freedom Finance', 18000.00, 19500.00),
(303, 303, 'TBC Capital', 26000.00, 27000.00),
(304, 304, 'Kapital Invest', 21000.00, 22000.00),
(305, 305, 'Freedom Finance', 29000.00, 30500.00),
(306, 306, 'TBC Capital', 32000.00, 33500.00),
(307, 307, 'Kapital Invest', 17000.00, 17500.00),
(308, 308, 'Freedom Finance', 24000.00, 25500.00),
(309, 309, 'TBC Capital', 20000.00, 21000.00),
(310, 310, 'Kapital Invest', 27500.00, 29000.00),

(311, 311, 'Freedom Finance', 15000.00, 16000.00),
(312, 312, 'TBC Capital', 23000.00, 24000.00),
(313, 313, 'Kapital Invest', 26000.00, 28000.00),
(314, 314, 'Freedom Finance', 18000.00, 19000.00),
(315, 315, 'TBC Capital', 21000.00, 22000.00),
(316, 316, 'Kapital Invest', 25000.00, 26500.00),
(317, 317, 'Freedom Finance', 30000.00, 32000.00),
(318, 318, 'TBC Capital', 14000.00, 15000.00),
(319, 319, 'Kapital Invest', 19500.00, 20500.00),
(320, 320, 'Freedom Finance', 22000.00, 23500.00),

(321, 321, 'TBC Capital', 27000.00, 28500.00),
(322, 322, 'Kapital Invest', 16000.00, 17000.00),
(323, 323, 'Freedom Finance', 24000.00, 25500.00),
(324, 324, 'TBC Capital', 31000.00, 33000.00),
(325, 325, 'Kapital Invest', 20000.00, 21500.00),
(326, 326, 'Freedom Finance', 18000.00, 19000.00),
(327, 327, 'TBC Capital', 26000.00, 27500.00),
(328, 328, 'Kapital Invest', 22000.00, 23000.00),
(329, 329, 'Freedom Finance', 15000.00, 16500.00),
(330, 330, 'TBC Capital', 28000.00, 30000.00),

(331, 331, 'Kapital Invest', 17000.00, 18000.00),
(332, 332, 'Freedom Finance', 25000.00, 27000.00),
(333, 333, 'TBC Capital', 30000.00, 32000.00),
(334, 334, 'Kapital Invest', 21000.00, 22000.00),
(335, 335, 'Freedom Finance', 19500.00, 20500.00),
(336, 336, 'TBC Capital', 23000.00, 24000.00),
(337, 337, 'Kapital Invest', 26000.00, 27500.00),
(338, 338, 'Freedom Finance', 18000.00, 19500.00),
(339, 339, 'TBC Capital', 24000.00, 25500.00),
(340, 340, 'Kapital Invest', 29000.00, 30500.00),

(341, 341, 'Freedom Finance', 16000.00, 17000.00),
(342, 342, 'TBC Capital', 22000.00, 23500.00),
(343, 343, 'Kapital Invest', 25000.00, 26500.00),
(344, 344, 'Freedom Finance', 27000.00, 28500.00),
(345, 345, 'TBC Capital', 20000.00, 21000.00),
(346, 346, 'Kapital Invest', 18000.00, 19000.00),
(347, 347, 'Freedom Finance', 23000.00, 24500.00),
(348, 348, 'TBC Capital', 31000.00, 33000.00),
(349, 349, 'Kapital Invest', 26000.00, 28000.00),
(350, 350, 'Freedom Finance', 30000.00, 32000.00);



	drop table if exists foreignexchange

CREATE TABLE ForeignExchange (
    FXID INT PRIMARY KEY,
    CustomerID INT,
    CurrencyPair VARCHAR(10),
    ExchangeRate DECIMAL(10,4),
    AmountExchanged DECIMAL(15,2));

    --FOREIGN KEY (CustomerID) REFERENCES Customers(CustomerID)

INSERT INTO ForeignExchange (FXID, CustomerID, CurrencyPair, ExchangeRate, AmountExchanged)
VALUES
(1, 101, 'USD/EUR', 0.9215, 1000.00),
(2, 102, 'EUR/GBP', 0.8600, 1500.00),
(3, 103, 'GBP/USD', 1.3150, 2000.00),
(4, 104, 'USD/JPY', 134.25, 500.00),
(5, 105, 'AUD/USD', 0.6720, 1200.00),
(6, 101, 'USD/CAD', 1.3600, 2500.00),
(7, 102, 'EUR/JPY', 145.30, 1800.00),
(8, 103, 'GBP/EUR', 1.1650, 1100.00),
(9, 104, 'USD/CHF', 0.9150, 950.00),
(10, 105, 'NZD/USD', 0.6100, 1300.00),
(11, 101, 'USD/SGD', 1.3450, 1400.00),
(12, 102, 'EUR/AUD', 1.5250, 1600.00),
(13, 103, 'GBP/JPY', 170.50, 2100.00),
(14, 104, 'USD/NOK', 11.25, 1000.00),
(15, 105, 'EUR/CHF', 0.9300, 1200.00),
(16, 101, 'USD/MXN', 17.85, 1500.00),
(17, 102, 'EUR/SEK', 10.85, 1700.00),
(18, 103, 'GBP/AUD', 1.8050, 1900.00),
(19, 104, 'USD/HKD', 7.8450, 2000.00),
(20, 105, 'EUR/NZD', 1.6700, 1100.00),
(21, 101, 'USD/INR', 82.50, 2200.00),
(22, 102, 'GBP/CAD', 1.7150, 1400.00),
(23, 103, 'EUR/SGD', 1.4250, 1300.00),
(24, 104, 'USD/BRL', 5.25, 1250.00),
(25, 105, 'AUD/JPY', 90.50, 1750.00),
(26, 101, 'NZD/CAD', 0.8600, 1600.00),
(27, 102, 'USD/TRY', 25.35, 1500.00),
(28, 103, 'EUR/GBP', 0.8605, 1300.00),
(29, 104, 'GBP/CHF', 1.2050, 1900.00),
(30, 105, 'USD/ZAR', 19.50, 1200.00),
(31, 101, 'EUR/JPY', 145.50, 1350.00),
(32, 102, 'GBP/NZD', 1.9250, 1400.00),
(33, 103, 'USD/KRW', 1335.50, 2000.00),
(34, 104, 'AUD/CAD', 0.9150, 1500.00),
(35, 105, 'EUR/PLN', 4.45, 1250.00),
(36, 101, 'USD/SGD', 1.3455, 1800.00),
(37, 102, 'GBP/JPY', 171.00, 1600.00),
(38, 103, 'EUR/CHF', 0.9310, 1700.00),
(39, 104, 'USD/SEK', 10.80, 1400.00),
(40, 105, 'AUD/NZD', 1.0650, 1250.00),
(41, 101, 'USD/JPY', 134.50, 1550.00),
(42, 102, 'EUR/USD', 1.0850, 1650.00),
(43, 103, 'GBP/USD', 1.3160, 1800.00),
(44, 104, 'USD/CAD', 1.3620, 1750.00),
(45, 105, 'NZD/USD', 0.6110, 1200.00),
(46, 101, 'USD/CHF', 0.9160, 1450.00),
(47, 102, 'EUR/JPY', 145.75, 1550.00),
(48, 103, 'GBP/EUR', 1.1665, 1600.00),
(49, 104, 'AUD/USD', 0.6730, 1700.00),
(50, 105, 'USD/MXN', 17.90, 1500.00),

(51, 101, 'EUR/GBP', 0.8610, 1800.00),
(52, 102, 'USD/JPY', 134.75, 1900.00),
(53, 103, 'GBP/USD', 1.3180, 1500.00),
(54, 104, 'AUD/USD', 0.6740, 1700.00),
(55, 105, 'USD/CAD', 1.3640, 1600.00),
(56, 101, 'NZD/USD', 0.6120, 1400.00),
(57, 102, 'USD/CHF', 0.9170, 1550.00),
(58, 103, 'EUR/JPY', 145.90, 1650.00),
(59, 104, 'GBP/EUR', 1.1670, 1800.00),
(60, 105, 'AUD/JPY', 91.00, 1200.00),
(61, 101, 'USD/SGD', 1.3460, 1750.00),
(62, 102, 'EUR/CHF', 0.9320, 1600.00),
(63, 103, 'GBP/JPY', 171.50, 2000.00),
(64, 104, 'USD/NOK', 11.30, 1300.00),
(65, 105, 'EUR/AUD', 1.5300, 1400.00),
(66, 101, 'USD/MXN', 17.95, 1500.00),
(67, 102, 'EUR/SEK', 10.90, 1250.00),
(68, 103, 'GBP/AUD', 1.8100, 1900.00),
(69, 104, 'USD/HKD', 7.8500, 1800.00),
(70, 105, 'EUR/NZD', 1.6750, 1700.00),
(71, 101, 'USD/INR', 82.75, 2000.00),
(72, 102, 'GBP/CAD', 1.7200, 1550.00),
(73, 103, 'EUR/SGD', 1.4300, 1650.00),
(74, 104, 'USD/BRL', 5.30, 1450.00),
(75, 105, 'AUD/CAD', 0.9200, 1350.00),
(76, 101, 'NZD/CAD', 0.8650, 1600.00),
(77, 102, 'USD/TRY', 25.40, 1800.00),
(78, 103, 'EUR/GBP', 0.8615, 1400.00),
(79, 104, 'GBP/CHF', 1.2100, 1500.00),
(80, 105, 'USD/ZAR', 19.60, 1300.00),
(81, 101, 'EUR/JPY', 146.10, 1200.00),
(82, 102, 'GBP/NZD', 1.9300, 1250.00),
(83, 103, 'USD/KRW', 1340.00, 2000.00),
(84, 104, 'AUD/CAD', 0.9250, 1600.00),
(85, 105, 'EUR/PLN', 4.46, 1400.00),
(86, 101, 'USD/SGD', 1.3465, 1800.00),
(87, 102, 'GBP/JPY', 172.00, 1500.00),
(88, 103, 'EUR/CHF', 0.9330, 1600.00),
(89, 104, 'USD/SEK', 10.85, 1550.00),
(90, 105, 'AUD/NZD', 1.0700, 1300.00),
(91, 101, 'USD/JPY', 135.00, 1400.00),
(92, 102, 'EUR/USD', 1.0860, 1700.00),
(93, 103, 'GBP/USD', 1.3190, 1800.00),
(94, 104, 'USD/CAD', 1.3650, 1750.00),
(95, 105, 'NZD/USD', 0.6130, 1600.00),
(96, 101, 'USD/CHF', 0.9180, 1500.00),
(97, 102, 'EUR/JPY', 146.25, 1650.00),
(98, 103, 'GBP/EUR', 1.1680, 1400.00),
(99, 104, 'AUD/USD', 0.6750, 1550.00),
(100, 105, 'USD/MXN', 18.00, 1600.00),

(101, 101, 'EUR/GBP', 0.8620, 1750.00),
(102, 102, 'USD/JPY', 135.25, 1800.00),
(103, 103, 'GBP/USD', 1.3200, 1900.00),
(104, 104, 'AUD/USD', 0.6760, 1500.00),
(105, 105, 'USD/CAD', 1.3660, 1700.00),
(106, 101, 'NZD/USD', 0.6140, 1400.00),
(107, 102, 'USD/CHF', 0.9190, 1550.00),
(108, 103, 'EUR/JPY', 146.50, 1600.00),
(109, 104, 'GBP/EUR', 1.1690, 1800.00),
(110, 105, 'AUD/JPY', 91.50, 2000.00),
(111, 101, 'USD/SGD', 1.3470, 1450.00),
(112, 102, 'EUR/CHF', 0.9340, 1650.00),
(113, 103, 'GBP/JPY', 172.50, 1900.00),
(114, 104, 'USD/NOK', 11.35, 1750.00),
(115, 105, 'EUR/AUD', 1.5350, 1800.00),
(116, 101, 'USD/MXN', 18.05, 1500.00),
(117, 102, 'EUR/SEK', 10.95, 1400.00),
(118, 103, 'GBP/AUD', 1.8150, 1600.00),
(119, 104, 'USD/HKD', 7.8550, 1700.00),
(120, 105, 'EUR/NZD', 1.6800, 1900.00),
(121, 101, 'USD/INR', 83.00, 2000.00),
(122, 102, 'GBP/CAD', 1.7250, 1450.00),
(123, 103, 'EUR/SGD', 1.4350, 1550.00),
(124, 104, 'USD/BRL', 5.35, 1600.00),
(125, 105, 'AUD/CAD', 0.9250, 1500.00),
(126, 101, 'NZD/CAD', 0.8700, 1350.00),
(127, 102, 'USD/TRY', 25.45, 1800.00),
(128, 103, 'EUR/GBP', 0.8625, 1400.00),
(129, 104, 'GBP/CHF', 1.2150, 1600.00),
(130, 105, 'USD/ZAR', 19.65, 1700.00),
(131, 101, 'EUR/JPY', 146.75, 1500.00),
(132, 102, 'GBP/NZD', 1.9350, 1400.00),
(133, 103, 'USD/KRW', 1345.00, 1600.00),
(134, 104, 'AUD/CAD', 0.9300, 1750.00),
(135, 105, 'EUR/PLN', 4.47, 1800.00),
(136, 101, 'USD/SGD', 1.3475, 1550.00),
(137, 102, 'GBP/JPY', 173.00, 1650.00),
(138, 103, 'EUR/CHF', 0.9350, 1700.00),
(139, 104, 'USD/SEK', 10.90, 1800.00),
(140, 105, 'AUD/NZD', 1.0750, 1600.00),
(141, 101, 'USD/JPY', 135.50, 1500.00),
(142, 102, 'EUR/USD', 1.0870, 1750.00),
(143, 103, 'GBP/USD', 1.3210, 1800.00),
(144, 104, 'USD/CAD', 1.3670, 1600.00),
(145, 105, 'NZD/USD', 0.6150, 1550.00),
(146, 101, 'USD/CHF', 0.9200, 1450.00),
(147, 102, 'EUR/JPY', 147.00, 1500.00),
(148, 103, 'GBP/EUR', 1.1700, 1650.00),
(149, 104, 'AUD/USD', 0.6770, 1800.00),
(150, 105, 'USD/MXN', 18.10, 1600.00),

(151, 101, 'EUR/GBP', 0.8630, 1700.00),
(152, 102, 'USD/JPY', 135.75, 1800.00),
(153, 103, 'GBP/USD', 1.3220, 1900.00),
(154, 104, 'AUD/USD', 0.6780, 1600.00),
(155, 105, 'USD/CAD', 1.3680, 1500.00),
(156, 101, 'NZD/USD', 0.6160, 1450.00),
(157, 102, 'USD/CHF', 0.9210, 1550.00),
(158, 103, 'EUR/JPY', 147.25, 1650.00),
(159, 104, 'GBP/EUR', 1.1710, 1750.00),
(160, 105, 'AUD/JPY', 92.00, 1800.00),
(161, 101, 'USD/SGD', 1.3480, 1400.00),
(162, 102, 'EUR/CHF', 0.9360, 1500.00),
(163, 103, 'GBP/JPY', 173.50, 1900.00),
(164, 104, 'USD/NOK', 11.40, 1600.00),
(165, 105, 'EUR/AUD', 1.5400, 1750.00),
(166, 101, 'USD/MXN', 18.15, 1800.00),
(167, 102, 'EUR/SEK', 11.00, 1600.00),
(168, 103, 'GBP/AUD', 1.8200, 1500.00),
(169, 104, 'USD/HKD', 7.8600, 1550.00),
(170, 105, 'EUR/NZD', 1.6850, 1700.00),
(171, 101, 'USD/INR', 83.25, 1900.00),
(172, 102, 'GBP/CAD', 1.7300, 1400.00),
(173, 103, 'EUR/SGD', 1.4400, 1650.00),
(174, 104, 'USD/BRL', 5.40, 1750.00),
(175, 105, 'AUD/CAD', 0.9300, 1800.00),
(176, 101, 'NZD/CAD', 0.8750, 1500.00),
(177, 102, 'USD/TRY', 25.50, 1600.00),
(178, 103, 'EUR/GBP', 0.8635, 1550.00),
(179, 104, 'GBP/CHF', 1.2200, 1650.00),
(180, 105, 'USD/ZAR', 19.70, 1400.00),
(181, 101, 'EUR/JPY', 147.50, 1500.00),
(182, 102, 'GBP/NZD', 1.9400, 1600.00),
(183, 103, 'USD/KRW', 1350.00, 1700.00),
(184, 104, 'AUD/CAD', 0.9350, 1800.00),
(185, 105, 'EUR/PLN', 4.48, 1400.00),
(186, 101, 'USD/SGD', 1.3485, 1550.00),
(187, 102, 'GBP/JPY', 174.00, 1650.00),
(188, 103, 'EUR/CHF', 0.9370, 1600.00),
(189, 104, 'USD/SEK', 10.95, 1700.00),
(190, 105, 'AUD/NZD', 1.0800, 1500.00),
(191, 101, 'USD/JPY', 135.75, 1600.00),
(192, 102, 'EUR/USD', 1.0880, 1750.00),
(193, 103, 'GBP/USD', 1.3230, 1800.00),
(194, 104, 'USD/CAD', 1.3685, 1550.00),
(195, 105, 'NZD/USD', 0.6165, 1600.00),
(196, 101, 'USD/CHF', 0.9220, 1500.00),
(197, 102, 'EUR/JPY', 147.75, 1650.00),
(198, 103, 'GBP/EUR', 1.1720, 1600.00),
(199, 104, 'AUD/USD', 0.6785, 1700.00),
(200, 105, 'USD/MXN', 18.20, 1500.00),
(201, 101, 'EUR/GBP', 0.8640, 1750.00),
(202, 102, 'USD/JPY', 136.00, 1800.00),
(203, 103, 'GBP/USD', 1.3240, 1600.00),
(204, 104, 'AUD/USD', 0.6790, 1500.00),
(205, 105, 'USD/CAD', 1.3700, 1550.00),
(206, 101, 'NZD/USD', 0.6170, 1650.00),
(207, 102, 'USD/CHF', 0.9230, 1700.00),
(208, 103, 'EUR/JPY', 148.00, 1750.00),
(209, 104, 'GBP/EUR', 1.1730, 1600.00),
(210, 105, 'AUD/JPY', 92.50, 1800.00),
(211, 101, 'USD/SGD', 1.3490, 1550.00),
(212, 102, 'EUR/CHF', 0.9380, 1650.00),
(213, 103, 'GBP/JPY', 174.50, 1750.00),
(214, 104, 'USD/NOK', 11.45, 1600.00),
(215, 105, 'EUR/AUD', 1.5450, 1700.00),
(216, 101, 'USD/MXN', 18.25, 1500.00),
(217, 102, 'EUR/SEK', 11.05, 1600.00),
(218, 103, 'GBP/AUD', 1.8250, 1700.00),
(219, 104, 'USD/HKD', 7.8650, 1550.00),
(220, 105, 'EUR/NZD', 1.6900, 1650.00),
(221, 101, 'USD/INR', 83.50, 1800.00),
(222, 102, 'GBP/CAD', 1.7350, 1600.00),
(223, 103, 'EUR/SGD', 1.4450, 1700.00),
(224, 104, 'USD/BRL', 5.45, 1550.00),
(225, 105, 'AUD/CAD', 0.9350, 1500.00),
(226, 101, 'NZD/CAD', 0.8800, 1600.00),
(227, 102, 'USD/TRY', 25.55, 1700.00),
(228, 103, 'EUR/GBP', 0.8645, 1550.00),
(229, 104, 'GBP/CHF', 1.2250, 1600.00),
(230, 105, 'USD/ZAR', 19.75, 1500.00),
(231, 101, 'EUR/JPY', 148.25, 1600.00),
(232, 102, 'GBP/NZD', 1.9450, 1650.00),
(233, 103, 'USD/KRW', 1355.00, 1700.00),
(234, 104, 'AUD/CAD', 0.9400, 1800.00),
(235, 105, 'EUR/PLN', 4.49, 1500.00),
(236, 101, 'USD/SGD', 1.3495, 1550.00),
(237, 102, 'GBP/JPY', 175.00, 1600.00),
(238, 103, 'EUR/CHF', 0.9390, 1700.00),
(239, 104, 'USD/SEK', 11.00, 1500.00),
(240, 105, 'AUD/NZD', 1.0850, 1600.00),
(241, 101, 'USD/JPY', 136.25, 1700.00),
(242, 102, 'EUR/USD', 1.0890, 1800.00),
(243, 103, 'GBP/USD', 1.3250, 1550.00),
(244, 104, 'USD/CAD', 1.3710, 1600.00),
(245, 105, 'NZD/USD', 0.6180, 1700.00),
(246, 101, 'USD/CHF', 0.9240, 1500.00),
(247, 102, 'EUR/JPY', 148.50, 1600.00),
(248, 103, 'GBP/EUR', 1.1740, 1650.00),
(249, 104, 'AUD/USD', 0.6800, 1800.00),
(250, 105, 'USD/MXN', 18.30, 1700.00),

(251, 101, 'EUR/GBP', 0.8650, 1750.00),
(252, 102, 'USD/JPY', 136.50, 1800.00),
(253, 103, 'GBP/USD', 1.3260, 1600.00),
(254, 104, 'AUD/USD', 0.6810, 1550.00),
(255, 105, 'USD/CAD', 1.3720, 1700.00),
(256, 101, 'NZD/USD', 0.6190, 1600.00),
(257, 102, 'USD/CHF', 0.9250, 1500.00),
(258, 103, 'EUR/JPY', 148.75, 1650.00),
(259, 104, 'GBP/EUR', 1.1750, 1800.00),
(260, 105, 'AUD/JPY', 93.00, 1900.00),
(261, 101, 'USD/SGD', 1.3500, 1550.00),
(262, 102, 'EUR/CHF', 0.9400, 1600.00),
(263, 103, 'GBP/JPY', 175.50, 1700.00),
(264, 104, 'USD/NOK', 11.50, 1650.00),
(265, 105, 'EUR/AUD', 1.5500, 1800.00),
(266, 101, 'USD/MXN', 18.35, 1500.00),
(267, 102, 'EUR/SEK', 11.10, 1600.00),
(268, 103, 'GBP/AUD', 1.8300, 1750.00),
(269, 104, 'USD/HKD', 7.8700, 1550.00),
(270, 105, 'EUR/NZD', 1.6950, 1700.00),
(271, 101, 'USD/INR', 83.75, 1800.00),
(272, 102, 'GBP/CAD', 1.7400, 1600.00),
(273, 103, 'EUR/SGD', 1.4500, 1750.00),
(274, 104, 'USD/BRL', 5.50, 1650.00),
(275, 105, 'AUD/CAD', 0.9400, 1500.00),
(276, 101, 'NZD/CAD', 0.8850, 1600.00),
(277, 102, 'USD/TRY', 25.60, 1700.00),
(278, 103, 'EUR/GBP', 0.8655, 1550.00),
(279, 104, 'GBP/CHF', 1.2300, 1600.00),
(280, 105, 'USD/ZAR', 19.80, 1500.00),
(281, 101, 'EUR/JPY', 149.00, 1650.00),
(282, 102, 'GBP/NZD', 1.9500, 1700.00),
(283, 103, 'USD/KRW', 1360.00, 1750.00),
(284, 104, 'AUD/CAD', 0.9450, 1800.00),
(285, 105, 'EUR/PLN', 4.50, 1500.00),
(286, 101, 'USD/SGD', 1.3505, 1600.00),
(287, 102, 'GBP/JPY', 176.00, 1650.00),
(288, 103, 'EUR/CHF', 0.9410, 1700.00),
(289, 104, 'USD/SEK', 11.05, 1550.00),
(290, 105, 'AUD/NZD', 1.0900, 1600.00),
(291, 101, 'USD/JPY', 136.75, 1750.00),
(292, 102, 'EUR/USD', 1.0900, 1800.00),
(293, 103, 'GBP/USD', 1.3270, 1650.00),
(294, 104, 'USD/CAD', 1.3730, 1600.00),
(295, 105, 'NZD/USD', 0.6200, 1750.00),
(296, 101, 'USD/CHF', 0.9260, 1500.00),
(297, 102, 'EUR/JPY', 149.25, 1650.00),
(298, 103, 'GBP/EUR', 1.1760, 1600.00),
(299, 104, 'AUD/USD', 0.6820, 1800.00),
(300, 105, 'USD/MXN', 18.40, 1700.00),

(301, 101, 'EUR/GBP', 0.8660, 1800.00),
(302, 102, 'USD/JPY', 137.00, 1750.00),
(303, 103, 'GBP/USD', 1.3280, 1600.00),
(304, 104, 'AUD/USD', 0.6830, 1550.00),
(305, 105, 'USD/CAD', 1.3740, 1700.00),
(306, 101, 'NZD/USD', 0.6210, 1650.00),
(307, 102, 'USD/CHF', 0.9270, 1500.00),
(308, 103, 'EUR/JPY', 149.50, 1750.00),
(309, 104, 'GBP/EUR', 1.1770, 1800.00),
(310, 105, 'AUD/JPY', 93.50, 1900.00),
(311, 101, 'USD/SGD', 1.3510, 1550.00),
(312, 102, 'EUR/CHF', 0.9420, 1600.00),
(313, 103, 'GBP/JPY', 176.50, 1700.00),
(314, 104, 'USD/NOK', 11.55, 1650.00),
(315, 105, 'EUR/AUD', 1.5550, 1800.00),
(316, 101, 'USD/MXN', 18.45, 1500.00),
(317, 102, 'EUR/SEK', 11.15, 1600.00),
(318, 103, 'GBP/AUD', 1.8350, 1750.00),
(319, 104, 'USD/HKD', 7.8750, 1550.00),
(320, 105, 'EUR/NZD', 1.7000, 1700.00),
(321, 101, 'USD/INR', 84.00, 1800.00),
(322, 102, 'GBP/CAD', 1.7450, 1600.00),
(323, 103, 'EUR/SGD', 1.4550, 1750.00),
(324, 104, 'USD/BRL', 5.55, 1650.00),
(325, 105, 'AUD/CAD', 0.9450, 1500.00),
(326, 101, 'NZD/CAD', 0.8900, 1600.00),
(327, 102, 'USD/TRY', 25.65, 1700.00),
(328, 103, 'EUR/GBP', 0.8665, 1550.00),
(329, 104, 'GBP/CHF', 1.2350, 1600.00),
(330, 105, 'USD/ZAR', 19.85, 1500.00),
(331, 101, 'EUR/JPY', 149.75, 1650.00),
(332, 102, 'GBP/NZD', 1.9550, 1700.00),
(333, 103, 'USD/KRW', 1365.00, 1750.00),
(334, 104, 'AUD/CAD', 0.9500, 1800.00),
(335, 105, 'EUR/PLN', 4.51, 1500.00),
(336, 101, 'USD/SGD', 1.3515, 1600.00),
(337, 102, 'GBP/JPY', 177.00, 1650.00),
(338, 103, 'EUR/CHF', 0.9430, 1700.00),
(339, 104, 'USD/SEK', 11.10, 1550.00),
(340, 105, 'AUD/NZD', 1.0950, 1600.00),
(341, 101, 'USD/JPY', 137.25, 1750.00),
(342, 102, 'EUR/USD', 1.0910, 1800.00),
(343, 103, 'GBP/USD', 1.3290, 1650.00),
(344, 104, 'USD/CAD', 1.3745, 1600.00),
(345, 105, 'NZD/USD', 0.6215, 1750.00),
(346, 101, 'USD/CHF', 0.9280, 1500.00),
(347, 102, 'EUR/JPY', 150.00, 1650.00),
(348, 103, 'GBP/EUR', 1.1780, 1600.00),
(349, 104, 'AUD/USD', 0.6840, 1800.00),
(350, 105, 'USD/MXN', 18.50, 1700.00);

SELECT 
    fk.name AS FK_Name,
    OBJECT_NAME(fk.parent_object_id) AS ChildTable
FROM sys.foreign_keys fk
WHERE fk.referenced_object_id = OBJECT_ID('InsurancePolicies');

ALTER TABLE Claims
DROP CONSTRAINT FK__Claims__PolicyID__7D439ABD;

drop table if exists InsurancePolicies

CREATE TABLE InsurancePolicies (
    PolicyID INT PRIMARY KEY,
    CustomerID INT,
    InsuranceType VARCHAR(50),
    PremiumAmount DECIMAL(15,2),
    CoverageAmount DECIMAL(15,2));

    --FOREIGN KEY (CustomerID) REFERENCES Customers(CustomerID)

INSERT INTO InsurancePolicies (PolicyID, CustomerID, InsuranceType, PremiumAmount, CoverageAmount)
VALUES
(1, 101, 'Life Insurance', 1200.00, 100000.00),
(2, 102, 'Health Insurance', 850.00, 50000.00),
(3, 103, 'Auto Insurance', 600.00, 25000.00),
(4, 104, 'Home Insurance', 950.00, 150000.00),
(5, 105, 'Travel Insurance', 150.00, 20000.00),
(6, 101, 'Life Insurance', 1250.00, 120000.00),
(7, 102, 'Health Insurance', 900.00, 55000.00),
(8, 103, 'Auto Insurance', 650.00, 30000.00),
(9, 104, 'Home Insurance', 1000.00, 160000.00),
(10, 105, 'Travel Insurance', 200.00, 25000.00),
(11, 101, 'Life Insurance', 1300.00, 130000.00),
(12, 102, 'Health Insurance', 950.00, 60000.00),
(13, 103, 'Auto Insurance', 700.00, 35000.00),
(14, 104, 'Home Insurance', 1050.00, 170000.00),
(15, 105, 'Travel Insurance', 220.00, 30000.00),
(16, 101, 'Life Insurance', 1350.00, 140000.00),
(17, 102, 'Health Insurance', 1000.00, 65000.00),
(18, 103, 'Auto Insurance', 750.00, 40000.00),
(19, 104, 'Home Insurance', 1100.00, 180000.00),
(20, 105, 'Travel Insurance', 250.00, 35000.00),
(21, 101, 'Life Insurance', 1400.00, 150000.00),
(22, 102, 'Health Insurance', 1050.00, 70000.00),
(23, 103, 'Auto Insurance', 800.00, 45000.00),
(24, 104, 'Home Insurance', 1150.00, 190000.00),
(25, 105, 'Travel Insurance', 280.00, 40000.00),
(26, 101, 'Life Insurance', 1450.00, 160000.00),
(27, 102, 'Health Insurance', 1100.00, 75000.00),
(28, 103, 'Auto Insurance', 850.00, 50000.00),
(29, 104, 'Home Insurance', 1200.00, 200000.00),
(30, 105, 'Travel Insurance', 300.00, 45000.00),
(31, 101, 'Life Insurance', 1500.00, 170000.00),
(32, 102, 'Health Insurance', 1150.00, 80000.00),
(33, 103, 'Auto Insurance', 900.00, 55000.00),
(34, 104, 'Home Insurance', 1250.00, 210000.00),
(35, 105, 'Travel Insurance', 320.00, 50000.00),
(36, 101, 'Life Insurance', 1550.00, 180000.00),
(37, 102, 'Health Insurance', 1200.00, 85000.00),
(38, 103, 'Auto Insurance', 950.00, 60000.00),
(39, 104, 'Home Insurance', 1300.00, 220000.00),
(40, 105, 'Travel Insurance', 350.00, 55000.00),
(41, 101, 'Life Insurance', 1600.00, 190000.00),
(42, 102, 'Health Insurance', 1250.00, 90000.00),
(43, 103, 'Auto Insurance', 1000.00, 65000.00),
(44, 104, 'Home Insurance', 1350.00, 230000.00),
(45, 105, 'Travel Insurance', 380.00, 60000.00),
(46, 101, 'Life Insurance', 1650.00, 200000.00),
(47, 102, 'Health Insurance', 1300.00, 95000.00),
(48, 103, 'Auto Insurance', 1050.00, 70000.00),
(49, 104, 'Home Insurance', 1400.00, 240000.00),
(50, 105, 'Travel Insurance', 400.00, 65000.00),

(51, 101, 'Life Insurance', 1700.00, 210000.00),
(52, 102, 'Health Insurance', 1350.00, 100000.00),
(53, 103, 'Auto Insurance', 1100.00, 75000.00),
(54, 104, 'Home Insurance', 1450.00, 250000.00),
(55, 105, 'Travel Insurance', 420.00, 70000.00),
(56, 101, 'Life Insurance', 1750.00, 220000.00),
(57, 102, 'Health Insurance', 1400.00, 105000.00),
(58, 103, 'Auto Insurance', 1150.00, 80000.00),
(59, 104, 'Home Insurance', 1500.00, 260000.00),
(60, 105, 'Travel Insurance', 450.00, 75000.00),
(61, 101, 'Life Insurance', 1800.00, 230000.00),
(62, 102, 'Health Insurance', 1450.00, 110000.00),
(63, 103, 'Auto Insurance', 1200.00, 85000.00),
(64, 104, 'Home Insurance', 1550.00, 270000.00),
(65, 105, 'Travel Insurance', 480.00, 80000.00),
(66, 101, 'Life Insurance', 1850.00, 240000.00),
(67, 102, 'Health Insurance', 1500.00, 115000.00),
(68, 103, 'Auto Insurance', 1250.00, 90000.00),
(69, 104, 'Home Insurance', 1600.00, 280000.00),
(70, 105, 'Travel Insurance', 500.00, 85000.00),
(71, 101, 'Life Insurance', 1900.00, 250000.00),
(72, 102, 'Health Insurance', 1550.00, 120000.00),
(73, 103, 'Auto Insurance', 1300.00, 95000.00),
(74, 104, 'Home Insurance', 1650.00, 290000.00),
(75, 105, 'Travel Insurance', 520.00, 90000.00),
(76, 101, 'Life Insurance', 1950.00, 260000.00),
(77, 102, 'Health Insurance', 1600.00, 125000.00),
(78, 103, 'Auto Insurance', 1350.00, 100000.00),
(79, 104, 'Home Insurance', 1700.00, 300000.00),
(80, 105, 'Travel Insurance', 550.00, 95000.00),
(81, 101, 'Life Insurance', 2000.00, 270000.00),
(82, 102, 'Health Insurance', 1650.00, 130000.00),
(83, 103, 'Auto Insurance', 1400.00, 105000.00),
(84, 104, 'Home Insurance', 1750.00, 310000.00),
(85, 105, 'Travel Insurance', 580.00, 100000.00),
(86, 101, 'Life Insurance', 2050.00, 280000.00),
(87, 102, 'Health Insurance', 1700.00, 135000.00),
(88, 103, 'Auto Insurance', 1450.00, 110000.00),
(89, 104, 'Home Insurance', 1800.00, 320000.00),
(90, 105, 'Travel Insurance', 600.00, 105000.00),
(91, 101, 'Life Insurance', 2100.00, 290000.00),
(92, 102, 'Health Insurance', 1750.00, 140000.00),
(93, 103, 'Auto Insurance', 1500.00, 115000.00),
(94, 104, 'Home Insurance', 1850.00, 330000.00),
(95, 105, 'Travel Insurance', 620.00, 110000.00),
(96, 101, 'Life Insurance', 2150.00, 300000.00),
(97, 102, 'Health Insurance', 1800.00, 145000.00),
(98, 103, 'Auto Insurance', 1550.00, 120000.00),
(99, 104, 'Home Insurance', 1900.00, 340000.00),
(100, 105, 'Travel Insurance', 650.00, 115000.00),

(101, 101, 'Life Insurance', 2200.00, 310000.00),
(102, 102, 'Health Insurance', 1850.00, 150000.00),
(103, 103, 'Auto Insurance', 1600.00, 125000.00),
(104, 104, 'Home Insurance', 1950.00, 350000.00),
(105, 105, 'Travel Insurance', 680.00, 120000.00),
(106, 101, 'Life Insurance', 2250.00, 320000.00),
(107, 102, 'Health Insurance', 1900.00, 155000.00),
(108, 103, 'Auto Insurance', 1650.00, 130000.00),
(109, 104, 'Home Insurance', 2000.00, 360000.00),
(110, 105, 'Travel Insurance', 700.00, 125000.00),
(111, 101, 'Life Insurance', 2300.00, 330000.00),
(112, 102, 'Health Insurance', 1950.00, 160000.00),
(113, 103, 'Auto Insurance', 1700.00, 135000.00),
(114, 104, 'Home Insurance', 2050.00, 370000.00),
(115, 105, 'Travel Insurance', 720.00, 130000.00),
(116, 101, 'Life Insurance', 2350.00, 340000.00),
(117, 102, 'Health Insurance', 2000.00, 165000.00),
(118, 103, 'Auto Insurance', 1750.00, 140000.00),
(119, 104, 'Home Insurance', 2100.00, 380000.00),
(120, 105, 'Travel Insurance', 750.00, 135000.00),
(121, 101, 'Life Insurance', 2400.00, 350000.00),
(122, 102, 'Health Insurance', 2050.00, 170000.00),
(123, 103, 'Auto Insurance', 1800.00, 145000.00),
(124, 104, 'Home Insurance', 2150.00, 390000.00),
(125, 105, 'Travel Insurance', 780.00, 140000.00),
(126, 101, 'Life Insurance', 2450.00, 360000.00),
(127, 102, 'Health Insurance', 2100.00, 175000.00),
(128, 103, 'Auto Insurance', 1850.00, 150000.00),
(129, 104, 'Home Insurance', 2200.00, 400000.00),
(130, 105, 'Travel Insurance', 800.00, 145000.00),
(131, 101, 'Life Insurance', 2500.00, 370000.00),
(132, 102, 'Health Insurance', 2150.00, 180000.00),
(133, 103, 'Auto Insurance', 1900.00, 155000.00),
(134, 104, 'Home Insurance', 2250.00, 410000.00),
(135, 105, 'Travel Insurance', 820.00, 150000.00),
(136, 101, 'Life Insurance', 2550.00, 380000.00),
(137, 102, 'Health Insurance', 2200.00, 185000.00),
(138, 103, 'Auto Insurance', 1950.00, 160000.00),
(139, 104, 'Home Insurance', 2300.00, 420000.00),
(140, 105, 'Travel Insurance', 850.00, 155000.00),
(141, 101, 'Life Insurance', 2600.00, 390000.00),
(142, 102, 'Health Insurance', 2250.00, 190000.00),
(143, 103, 'Auto Insurance', 2000.00, 165000.00),
(144, 104, 'Home Insurance', 2350.00, 430000.00),
(145, 105, 'Travel Insurance', 880.00, 160000.00),
(146, 101, 'Life Insurance', 2650.00, 400000.00),
(147, 102, 'Health Insurance', 2300.00, 195000.00),
(148, 103, 'Auto Insurance', 2050.00, 170000.00),
(149, 104, 'Home Insurance', 2400.00, 440000.00),
(150, 105, 'Travel Insurance', 900.00, 165000.00),

(151, 101, 'Life Insurance', 2700.00, 410000.00),
(152, 102, 'Health Insurance', 2350.00, 200000.00),
(153, 103, 'Auto Insurance', 2100.00, 175000.00),
(154, 104, 'Home Insurance', 2450.00, 450000.00),
(155, 105, 'Travel Insurance', 920.00, 170000.00),
(156, 101, 'Life Insurance', 2750.00, 420000.00),
(157, 102, 'Health Insurance', 2400.00, 205000.00),
(158, 103, 'Auto Insurance', 2150.00, 180000.00),
(159, 104, 'Home Insurance', 2500.00, 460000.00),
(160, 105, 'Travel Insurance', 950.00, 175000.00),
(161, 101, 'Life Insurance', 2800.00, 430000.00),
(162, 102, 'Health Insurance', 2450.00, 210000.00),
(163, 103, 'Auto Insurance', 2200.00, 185000.00),
(164, 104, 'Home Insurance', 2550.00, 470000.00),
(165, 105, 'Travel Insurance', 980.00, 180000.00),
(166, 101, 'Life Insurance', 2850.00, 440000.00),
(167, 102, 'Health Insurance', 2500.00, 215000.00),
(168, 103, 'Auto Insurance', 2250.00, 190000.00),
(169, 104, 'Home Insurance', 2600.00, 480000.00),
(170, 105, 'Travel Insurance', 1000.00, 185000.00),
(171, 101, 'Life Insurance', 2900.00, 450000.00),
(172, 102, 'Health Insurance', 2550.00, 220000.00),
(173, 103, 'Auto Insurance', 2300.00, 195000.00),
(174, 104, 'Home Insurance', 2650.00, 490000.00),
(175, 105, 'Travel Insurance', 1020.00, 190000.00),
(176, 101, 'Life Insurance', 2950.00, 460000.00),
(177, 102, 'Health Insurance', 2600.00, 225000.00),
(178, 103, 'Auto Insurance', 2350.00, 200000.00),
(179, 104, 'Home Insurance', 2700.00, 500000.00),
(180, 105, 'Travel Insurance', 1050.00, 195000.00),
(181, 101, 'Life Insurance', 3000.00, 470000.00),
(182, 102, 'Health Insurance', 2650.00, 230000.00),
(183, 103, 'Auto Insurance', 2400.00, 205000.00),
(184, 104, 'Home Insurance', 2750.00, 510000.00),
(185, 105, 'Travel Insurance', 1080.00, 200000.00),
(186, 101, 'Life Insurance', 3050.00, 480000.00),
(187, 102, 'Health Insurance', 2700.00, 235000.00),
(188, 103, 'Auto Insurance', 2450.00, 210000.00),
(189, 104, 'Home Insurance', 2800.00, 520000.00),
(190, 105, 'Travel Insurance', 1100.00, 205000.00),
(191, 101, 'Life Insurance', 3100.00, 490000.00),
(192, 102, 'Health Insurance', 2750.00, 240000.00),
(193, 103, 'Auto Insurance', 2500.00, 215000.00),
(194, 104, 'Home Insurance', 2850.00, 530000.00),
(195, 105, 'Travel Insurance', 1120.00, 210000.00),
(196, 101, 'Life Insurance', 3150.00, 500000.00),
(197, 102, 'Health Insurance', 2800.00, 245000.00),
(198, 103, 'Auto Insurance', 2550.00, 220000.00),
(199, 104, 'Home Insurance', 2900.00, 540000.00),
(200, 105, 'Travel Insurance', 1150.00, 215000.00),

(201, 101, 'Life Insurance', 3200.00, 510000.00),
(202, 102, 'Health Insurance', 2850.00, 250000.00),
(203, 103, 'Auto Insurance', 2600.00, 225000.00),
(204, 104, 'Home Insurance', 2950.00, 550000.00),
(205, 105, 'Travel Insurance', 1180.00, 220000.00),
(206, 101, 'Life Insurance', 3250.00, 520000.00),
(207, 102, 'Health Insurance', 2900.00, 255000.00),
(208, 103, 'Auto Insurance', 2650.00, 230000.00),
(209, 104, 'Home Insurance', 3000.00, 560000.00),
(210, 105, 'Travel Insurance', 1200.00, 225000.00),
(211, 101, 'Life Insurance', 3300.00, 530000.00),
(212, 102, 'Health Insurance', 2950.00, 260000.00),
(213, 103, 'Auto Insurance', 2700.00, 235000.00),
(214, 104, 'Home Insurance', 3050.00, 570000.00),
(215, 105, 'Travel Insurance', 1230.00, 230000.00),
(216, 101, 'Life Insurance', 3350.00, 540000.00),
(217, 102, 'Health Insurance', 3000.00, 265000.00),
(218, 103, 'Auto Insurance', 2750.00, 240000.00),
(219, 104, 'Home Insurance', 3100.00, 580000.00),
(220, 105, 'Travel Insurance', 1250.00, 235000.00),
(221, 101, 'Life Insurance', 3400.00, 550000.00),
(222, 102, 'Health Insurance', 3050.00, 270000.00),
(223, 103, 'Auto Insurance', 2800.00, 245000.00),
(224, 104, 'Home Insurance', 3150.00, 590000.00),
(225, 105, 'Travel Insurance', 1280.00, 240000.00),
(226, 101, 'Life Insurance', 3450.00, 560000.00),
(227, 102, 'Health Insurance', 3100.00, 275000.00),
(228, 103, 'Auto Insurance', 2850.00, 250000.00),
(229, 104, 'Home Insurance', 3200.00, 600000.00),
(230, 105, 'Travel Insurance', 1300.00, 245000.00),
(231, 101, 'Life Insurance', 3500.00, 570000.00),
(232, 102, 'Health Insurance', 3150.00, 280000.00),
(233, 103, 'Auto Insurance', 2900.00, 255000.00),
(234, 104, 'Home Insurance', 3250.00, 610000.00),
(235, 105, 'Travel Insurance', 1330.00, 250000.00),
(236, 101, 'Life Insurance', 3550.00, 580000.00),
(237, 102, 'Health Insurance', 3200.00, 285000.00),
(238, 103, 'Auto Insurance', 2950.00, 260000.00),
(239, 104, 'Home Insurance', 3300.00, 620000.00),
(240, 105, 'Travel Insurance', 1350.00, 255000.00),
(241, 101, 'Life Insurance', 3600.00, 590000.00),
(242, 102, 'Health Insurance', 3250.00, 290000.00),
(243, 103, 'Auto Insurance', 3000.00, 265000.00),
(244, 104, 'Home Insurance', 3350.00, 630000.00),
(245, 105, 'Travel Insurance', 1380.00, 260000.00),
(246, 101, 'Life Insurance', 3650.00, 600000.00),
(247, 102, 'Health Insurance', 3300.00, 295000.00),
(248, 103, 'Auto Insurance', 3050.00, 270000.00),
(249, 104, 'Home Insurance', 3400.00, 640000.00),
(250, 105, 'Travel Insurance', 1400.00, 265000.00),

(251, 101, 'Life Insurance', 3700.00, 610000.00),
(252, 102, 'Health Insurance', 3350.00, 300000.00),
(253, 103, 'Auto Insurance', 3100.00, 275000.00),
(254, 104, 'Home Insurance', 3450.00, 650000.00),
(255, 105, 'Travel Insurance', 1430.00, 270000.00),
(256, 101, 'Life Insurance', 3750.00, 620000.00),
(257, 102, 'Health Insurance', 3400.00, 305000.00),
(258, 103, 'Auto Insurance', 3150.00, 280000.00),
(259, 104, 'Home Insurance', 3500.00, 660000.00),
(260, 105, 'Travel Insurance', 1450.00, 275000.00),
(261, 101, 'Life Insurance', 3800.00, 630000.00),
(262, 102, 'Health Insurance', 3450.00, 310000.00),
(263, 103, 'Auto Insurance', 3200.00, 285000.00),
(264, 104, 'Home Insurance', 3550.00, 670000.00),
(265, 105, 'Travel Insurance', 1480.00, 280000.00),
(266, 101, 'Life Insurance', 3850.00, 640000.00),
(267, 102, 'Health Insurance', 3500.00, 315000.00),
(268, 103, 'Auto Insurance', 3250.00, 290000.00),
(269, 104, 'Home Insurance', 3600.00, 680000.00),
(270, 105, 'Travel Insurance', 1500.00, 285000.00),
(271, 101, 'Life Insurance', 3900.00, 650000.00),
(272, 102, 'Health Insurance', 3550.00, 320000.00),
(273, 103, 'Auto Insurance', 3300.00, 295000.00),
(274, 104, 'Home Insurance', 3650.00, 690000.00),
(275, 105, 'Travel Insurance', 1530.00, 290000.00),
(276, 101, 'Life Insurance', 3950.00, 660000.00),
(277, 102, 'Health Insurance', 3600.00, 325000.00),
(278, 103, 'Auto Insurance', 3350.00, 300000.00),
(279, 104, 'Home Insurance', 3700.00, 700000.00),
(280, 105, 'Travel Insurance', 1550.00, 295000.00),
(281, 101, 'Life Insurance', 4000.00, 670000.00),
(282, 102, 'Health Insurance', 3650.00, 330000.00),
(283, 103, 'Auto Insurance', 3400.00, 305000.00),
(284, 104, 'Home Insurance', 3750.00, 710000.00),
(285, 105, 'Travel Insurance', 1580.00, 300000.00),
(286, 101, 'Life Insurance', 4050.00, 680000.00),
(287, 102, 'Health Insurance', 3700.00, 335000.00),
(288, 103, 'Auto Insurance', 3450.00, 310000.00),
(289, 104, 'Home Insurance', 3800.00, 720000.00),
(290, 105, 'Travel Insurance', 1600.00, 305000.00),
(291, 101, 'Life Insurance', 4100.00, 690000.00),
(292, 102, 'Health Insurance', 3750.00, 340000.00),
(293, 103, 'Auto Insurance', 3500.00, 315000.00),
(294, 104, 'Home Insurance', 3850.00, 730000.00),
(295, 105, 'Travel Insurance', 1630.00, 310000.00),
(296, 101, 'Life Insurance', 4150.00, 700000.00),
(297, 102, 'Health Insurance', 3800.00, 345000.00),
(298, 103, 'Auto Insurance', 3550.00, 320000.00),
(299, 104, 'Home Insurance', 3900.00, 740000.00),
(300, 105, 'Travel Insurance', 1650.00, 315000.00),

(301, 101, 'Life Insurance', 4200.00, 710000.00),
(302, 102, 'Health Insurance', 3850.00, 350000.00),
(303, 103, 'Auto Insurance', 3600.00, 325000.00),
(304, 104, 'Home Insurance', 3950.00, 750000.00),
(305, 105, 'Travel Insurance', 1680.00, 320000.00),
(306, 101, 'Life Insurance', 4250.00, 720000.00),
(307, 102, 'Health Insurance', 3900.00, 355000.00),
(308, 103, 'Auto Insurance', 3650.00, 330000.00),
(309, 104, 'Home Insurance', 4000.00, 760000.00),
(310, 105, 'Travel Insurance', 1700.00, 325000.00),
(311, 101, 'Life Insurance', 4300.00, 730000.00),
(312, 102, 'Health Insurance', 3950.00, 360000.00),
(313, 103, 'Auto Insurance', 3700.00, 335000.00),
(314, 104, 'Home Insurance', 4050.00, 770000.00),
(315, 105, 'Travel Insurance', 1730.00, 330000.00),
(316, 101, 'Life Insurance', 4350.00, 740000.00),
(317, 102, 'Health Insurance', 4000.00, 365000.00),
(318, 103, 'Auto Insurance', 3750.00, 340000.00),
(319, 104, 'Home Insurance', 4100.00, 780000.00),
(320, 105, 'Travel Insurance', 1750.00, 335000.00),
(321, 101, 'Life Insurance', 4400.00, 750000.00),
(322, 102, 'Health Insurance', 4050.00, 370000.00),
(323, 103, 'Auto Insurance', 3800.00, 345000.00),
(324, 104, 'Home Insurance', 4150.00, 790000.00),
(325, 105, 'Travel Insurance', 1780.00, 340000.00),
(326, 101, 'Life Insurance', 4450.00, 760000.00),
(327, 102, 'Health Insurance', 4100.00, 375000.00),
(328, 103, 'Auto Insurance', 3850.00, 350000.00),
(329, 104, 'Home Insurance', 4200.00, 800000.00),
(330, 105, 'Travel Insurance', 1800.00, 345000.00),
(331, 101, 'Life Insurance', 4500.00, 770000.00),
(332, 102, 'Health Insurance', 4150.00, 380000.00),
(333, 103, 'Auto Insurance', 3900.00, 355000.00),
(334, 104, 'Home Insurance', 4250.00, 810000.00),
(335, 105, 'Travel Insurance', 1830.00, 350000.00),
(336, 101, 'Life Insurance', 4550.00, 780000.00),
(337, 102, 'Health Insurance', 4200.00, 385000.00),
(338, 103, 'Auto Insurance', 3950.00, 360000.00),
(339, 104, 'Home Insurance', 4300.00, 820000.00),
(340, 105, 'Travel Insurance', 1850.00, 355000.00),
(341, 101, 'Life Insurance', 4600.00, 790000.00),
(342, 102, 'Health Insurance', 4250.00, 390000.00),
(343, 103, 'Auto Insurance', 4000.00, 365000.00),
(344, 104, 'Home Insurance', 4350.00, 830000.00),
(345, 105, 'Travel Insurance', 1880.00, 360000.00),
(346, 101, 'Life Insurance', 4650.00, 800000.00),
(347, 102, 'Health Insurance', 4300.00, 395000.00),
(348, 103, 'Auto Insurance', 4050.00, 370000.00),
(349, 104, 'Home Insurance', 4400.00, 840000.00),
(350, 105, 'Travel Insurance', 1900.00, 365000.00);

drop table if exists claims

CREATE TABLE Claims (
    ClaimID INT PRIMARY KEY,
    PolicyID INT,
    ClaimAmount DECIMAL(15,2),
    Status VARCHAR(20),
    FiledDate DATE);

    --FOREIGN KEY (PolicyID) REFERENCES InsurancePolicies(PolicyID)


INSERT INTO Claims VALUES
(1, 1, 2500.00, 'Approved', '2024-01-15'),
(2, 2, 1800.00, 'Pending', '2024-02-10'),
(3, 3, 3200.00, 'Rejected', '2024-03-05'),
(4, 4, 1500.00, 'Approved', '2024-01-20'),
(5, 5, 4100.00, 'Pending', '2024-02-18'),
(6, 6, 2750.00, 'Approved', '2024-03-12'),
(7, 7, 3900.00, 'Rejected', '2024-04-01'),
(8, 8, 2200.00, 'Approved', '2024-01-28'),
(9, 9, 3050.00, 'Pending', '2024-02-14'),
(10, 10, 4700.00, 'Approved', '2024-03-22'),

(11, 11, 1600.00, 'Rejected', '2024-04-05'),
(12, 12, 2800.00, 'Approved', '2024-01-09'),
(13, 13, 3500.00, 'Pending', '2024-02-27'),
(14, 14, 2100.00, 'Approved', '2024-03-15'),
(15, 15, 4200.00, 'Rejected', '2024-04-10'),
(16, 16, 1950.00, 'Approved', '2024-01-30'),
(17, 17, 3300.00, 'Pending', '2024-02-12'),
(18, 18, 2600.00, 'Approved', '2024-03-03'),
(19, 19, 4400.00, 'Rejected', '2024-04-08'),
(20, 20, 3000.00, 'Approved', '2024-01-17'),

(21, 21, 1800.00, 'Pending', '2024-02-06'),
(22, 22, 2750.00, 'Approved', '2024-03-19'),
(23, 23, 3600.00, 'Rejected', '2024-04-02'),
(24, 24, 2400.00, 'Approved', '2024-01-25'),
(25, 25, 4100.00, 'Pending', '2024-02-20'),
(26, 26, 1500.00, 'Approved', '2024-03-11'),
(27, 27, 2900.00, 'Rejected', '2024-04-04'),
(28, 28, 3250.00, 'Approved', '2024-01-12'),
(29, 29, 2100.00, 'Pending', '2024-02-23'),
(30, 30, 4800.00, 'Approved', '2024-03-29'),

(31, 31, 1700.00, 'Rejected', '2024-04-06'),
(32, 32, 2600.00, 'Approved', '2024-01-19'),
(33, 33, 3750.00, 'Pending', '2024-02-28'),
(34, 34, 2900.00, 'Approved', '2024-03-07'),
(35, 35, 4300.00, 'Rejected', '2024-04-09'),
(36, 36, 2000.00, 'Approved', '2024-01-22'),
(37, 37, 3100.00, 'Pending', '2024-02-16'),
(38, 38, 2550.00, 'Approved', '2024-03-14'),
(39, 39, 3900.00, 'Rejected', '2024-04-03'),
(40, 40, 2800.00, 'Approved', '2024-01-27'),

(41, 41, 1650.00, 'Pending', '2024-02-09'),
(42, 42, 3400.00, 'Approved', '2024-03-21'),
(43, 43, 4200.00, 'Rejected', '2024-04-11'),
(44, 44, 2300.00, 'Approved', '2024-01-13'),
(45, 45, 3600.00, 'Pending', '2024-02-25'),
(46, 46, 1950.00, 'Approved', '2024-03-09'),
(47, 47, 4100.00, 'Rejected', '2024-04-07'),
(48, 48, 2700.00, 'Approved', '2024-01-18'),
(49, 49, 3200.00, 'Pending', '2024-02-22'),
(50, 50, 4500.00, 'Approved', '2024-03-30'),

(51, 51, 1800.00, 'Rejected', '2024-04-12'),
(52, 52, 2600.00, 'Approved', '2024-01-16'),
(53, 53, 3900.00, 'Pending', '2024-02-19'),
(54, 54, 2200.00, 'Approved', '2024-03-08'),
(55, 55, 4300.00, 'Rejected', '2024-04-01'),
(56, 56, 2400.00, 'Approved', '2024-01-24'),
(57, 57, 3100.00, 'Pending', '2024-02-17'),
(58, 58, 2750.00, 'Approved', '2024-03-18'),
(59, 59, 4000.00, 'Rejected', '2024-04-05'),
(60, 60, 2900.00, 'Approved', '2024-01-29'),

(61, 61, 1700.00, 'Pending', '2024-02-08'),
(62, 62, 3500.00, 'Approved', '2024-03-23'),
(63, 63, 4200.00, 'Rejected', '2024-04-10'),
(64, 64, 2000.00, 'Approved', '2024-01-21'),
(65, 65, 3300.00, 'Pending', '2024-02-26'),
(66, 66, 2500.00, 'Approved', '2024-03-13'),
(67, 67, 3800.00, 'Rejected', '2024-04-04'),
(68, 68, 2700.00, 'Approved', '2024-01-11'),
(69, 69, 3100.00, 'Pending', '2024-02-15'),
(70, 70, 4600.00, 'Approved', '2024-03-27'),


(71, 71, 2100.00, 'Rejected', '2024-04-14'),
(72, 72, 2800.00, 'Approved', '2024-01-10'),
(73, 73, 3600.00, 'Pending', '2024-02-13'),
(74, 74, 1950.00, 'Approved', '2024-03-06'),
(75, 75, 4300.00, 'Rejected', '2024-04-02'),
(76, 76, 2400.00, 'Approved', '2024-01-26'),
(77, 77, 3200.00, 'Pending', '2024-02-18'),
(78, 78, 2750.00, 'Approved', '2024-03-17'),
(79, 79, 3900.00, 'Rejected', '2024-04-09'),
(80, 80, 3000.00, 'Approved', '2024-01-14'),

(81, 81, 1850.00, 'Pending', '2024-02-11'),
(82, 82, 3400.00, 'Approved', '2024-03-20'),
(83, 83, 4100.00, 'Rejected', '2024-04-06'),
(84, 84, 2200.00, 'Approved', '2024-01-23'),
(85, 85, 3700.00, 'Pending', '2024-02-24'),
(86, 86, 2600.00, 'Approved', '2024-03-04'),
(87, 87, 4500.00, 'Rejected', '2024-04-12'),
(88, 88, 2800.00, 'Approved', '2024-01-31'),
(89, 89, 3300.00, 'Pending', '2024-02-16'),
(90, 90, 4700.00, 'Approved', '2024-03-25'),

(91, 91, 1600.00, 'Rejected', '2024-04-08'),
(92, 92, 2900.00, 'Approved', '2024-01-12'),
(93, 93, 3500.00, 'Pending', '2024-02-27'),
(94, 94, 2100.00, 'Approved', '2024-03-09'),
(95, 95, 4200.00, 'Rejected', '2024-04-03'),
(96, 96, 2300.00, 'Approved', '2024-01-20'),
(97, 97, 3100.00, 'Pending', '2024-02-21'),
(98, 98, 2750.00, 'Approved', '2024-03-15'),
(99, 99, 4000.00, 'Rejected', '2024-04-11'),
(100, 100, 2900.00, 'Approved', '2024-01-28'),

(101, 101, 1700.00, 'Pending', '2024-02-07'),
(102, 102, 3600.00, 'Approved', '2024-03-22'),
(103, 103, 4400.00, 'Rejected', '2024-04-05'),
(104, 104, 2000.00, 'Approved', '2024-01-18'),
(105, 105, 3300.00, 'Pending', '2024-02-25'),
(106, 106, 2500.00, 'Approved', '2024-03-12'),
(107, 107, 3800.00, 'Rejected', '2024-04-07'),
(108, 108, 2700.00, 'Approved', '2024-01-15'),
(109, 109, 3100.00, 'Pending', '2024-02-14'),
(110, 110, 4600.00, 'Approved', '2024-03-29'),

(111, 111, 1800.00, 'Rejected', '2024-04-10'),
(112, 112, 2600.00, 'Approved', '2024-01-17'),
(113, 113, 3900.00, 'Pending', '2024-02-19'),
(114, 114, 2200.00, 'Approved', '2024-03-08'),
(115, 115, 4300.00, 'Rejected', '2024-04-01'),
(116, 116, 2400.00, 'Approved', '2024-01-24'),
(117, 117, 3100.00, 'Pending', '2024-02-17'),
(118, 118, 2750.00, 'Approved', '2024-03-18'),
(119, 119, 4000.00, 'Rejected', '2024-04-04'),
(120, 120, 2900.00, 'Approved', '2024-01-29'),

(121, 121, 1750.00, 'Pending', '2024-02-09'),
(122, 122, 3500.00, 'Approved', '2024-03-23'),
(123, 123, 4200.00, 'Rejected', '2024-04-13'),
(124, 124, 2100.00, 'Approved', '2024-01-21'),
(125, 125, 3300.00, 'Pending', '2024-02-26'),
(126, 126, 2500.00, 'Approved', '2024-03-13'),
(127, 127, 3800.00, 'Rejected', '2024-04-06'),
(128, 128, 2700.00, 'Approved', '2024-01-11'),
(129, 129, 3100.00, 'Pending', '2024-02-15'),
(130, 130, 4600.00, 'Approved', '2024-03-27'),

(131, 131, 1850.00, 'Rejected', '2024-04-09'),
(132, 132, 2600.00, 'Approved', '2024-01-13'),
(133, 133, 3950.00, 'Pending', '2024-02-20'),
(134, 134, 2300.00, 'Approved', '2024-03-10'),
(135, 135, 4400.00, 'Rejected', '2024-04-02'),
(136, 136, 2550.00, 'Approved', '2024-01-22'),
(137, 137, 3200.00, 'Pending', '2024-02-18'),
(138, 138, 2800.00, 'Approved', '2024-03-19'),
(139, 139, 4100.00, 'Rejected', '2024-04-08'),
(140, 140, 3000.00, 'Approved', '2024-01-30'),

(141, 141, 2100.00, 'Pending', '2024-02-05'),
(142, 142, 3400.00, 'Approved', '2024-03-18'),
(143, 143, 4200.00, 'Rejected', '2024-04-06'),
(144, 144, 1900.00, 'Approved', '2024-01-16'),
(145, 145, 3600.00, 'Pending', '2024-02-27'),
(146, 146, 2500.00, 'Approved', '2024-03-09'),
(147, 147, 3800.00, 'Rejected', '2024-04-12'),
(148, 148, 2700.00, 'Approved', '2024-01-20'),
(149, 149, 3100.00, 'Pending', '2024-02-14'),
(150, 150, 4500.00, 'Approved', '2024-03-28'),

(151, 151, 1750.00, 'Rejected', '2024-04-04'),
(152, 152, 2600.00, 'Approved', '2024-01-18'),
(153, 153, 3900.00, 'Pending', '2024-02-22'),
(154, 154, 2200.00, 'Approved', '2024-03-11'),
(155, 155, 4300.00, 'Rejected', '2024-04-01'),
(156, 156, 2400.00, 'Approved', '2024-01-24'),
(157, 157, 3100.00, 'Pending', '2024-02-17'),
(158, 158, 2750.00, 'Approved', '2024-03-19'),
(159, 159, 4000.00, 'Rejected', '2024-04-08'),
(160, 160, 2950.00, 'Approved', '2024-01-29'),

(161, 161, 1850.00, 'Pending', '2024-02-09'),
(162, 162, 3500.00, 'Approved', '2024-03-23'),
(163, 163, 4200.00, 'Rejected', '2024-04-10'),
(164, 164, 2100.00, 'Approved', '2024-01-21'),
(165, 165, 3300.00, 'Pending', '2024-02-26'),
(166, 166, 2500.00, 'Approved', '2024-03-13'),
(167, 167, 3800.00, 'Rejected', '2024-04-05'),
(168, 168, 2700.00, 'Approved', '2024-01-12'),
(169, 169, 3100.00, 'Pending', '2024-02-15'),
(170, 170, 4600.00, 'Approved', '2024-03-27'),

(171, 171, 1800.00, 'Rejected', '2024-04-07'),
(172, 172, 2600.00, 'Approved', '2024-01-14'),
(173, 173, 3950.00, 'Pending', '2024-02-19'),
(174, 174, 2300.00, 'Approved', '2024-03-08'),
(175, 175, 4400.00, 'Rejected', '2024-04-02'),
(176, 176, 2550.00, 'Approved', '2024-01-23'),
(177, 177, 3200.00, 'Pending', '2024-02-18'),
(178, 178, 2800.00, 'Approved', '2024-03-20'),
(179, 179, 4100.00, 'Rejected', '2024-04-09'),
(180, 180, 3000.00, 'Approved', '2024-01-30'),

(181, 181, 1700.00, 'Pending', '2024-02-06'),
(182, 182, 3600.00, 'Approved', '2024-03-22'),
(183, 183, 4500.00, 'Rejected', '2024-04-11'),
(184, 184, 2000.00, 'Approved', '2024-01-17'),
(185, 185, 3350.00, 'Pending', '2024-02-25'),
(186, 186, 2600.00, 'Approved', '2024-03-12'),
(187, 187, 3850.00, 'Rejected', '2024-04-06'),
(188, 188, 2750.00, 'Approved', '2024-01-19'),
(189, 189, 3150.00, 'Pending', '2024-02-13'),
(190, 190, 4700.00, 'Approved', '2024-03-29'),

(191, 191, 1850.00, 'Rejected', '2024-04-03'),
(192, 192, 2700.00, 'Approved', '2024-01-15'),
(193, 193, 4000.00, 'Pending', '2024-02-21'),
(194, 194, 2250.00, 'Approved', '2024-03-10'),
(195, 195, 4350.00, 'Rejected', '2024-04-01'),
(196, 196, 2450.00, 'Approved', '2024-01-26'),
(197, 197, 3200.00, 'Pending', '2024-02-16'),
(198, 198, 2850.00, 'Approved', '2024-03-18'),
(199, 199, 4150.00, 'Rejected', '2024-04-08'),
(200, 200, 3050.00, 'Approved', '2024-01-28'),

(201, 201, 1750.00, 'Pending', '2024-02-08'),
(202, 202, 3550.00, 'Approved', '2024-03-24'),
(203, 203, 4250.00, 'Rejected', '2024-04-10'),
(204, 204, 2150.00, 'Approved', '2024-01-20'),
(205, 205, 3400.00, 'Pending', '2024-02-27'),
(206, 206, 2600.00, 'Approved', '2024-03-14'),
(207, 207, 3900.00, 'Rejected', '2024-04-05'),
(208, 208, 2800.00, 'Approved', '2024-01-11'),
(209, 209, 3200.00, 'Pending', '2024-02-17'),
(210, 210, 4800.00, 'Approved', '2024-03-26'),

(211, 211, 1900.00, 'Rejected', '2024-04-07'),
(212, 212, 2700.00, 'Approved', '2024-01-16'),
(213, 213, 4050.00, 'Pending', '2024-02-22'),
(214, 214, 2350.00, 'Approved', '2024-03-09'),
(215, 215, 4500.00, 'Rejected', '2024-04-02'),
(216, 216, 2500.00, 'Approved', '2024-01-24'),
(217, 217, 3300.00, 'Pending', '2024-02-18'),
(218, 218, 2900.00, 'Approved', '2024-03-19'),
(219, 219, 4200.00, 'Rejected', '2024-04-09'),
(220, 220, 3100.00, 'Approved', '2024-01-30'),


(221, 221, 1800.00, 'Pending', '2024-02-06'),
(222, 222, 3600.00, 'Approved', '2024-03-21'),
(223, 223, 4400.00, 'Rejected', '2024-04-08'),
(224, 224, 2100.00, 'Approved', '2024-01-18'),
(225, 225, 3350.00, 'Pending', '2024-02-25'),
(226, 226, 2550.00, 'Approved', '2024-03-12'),
(227, 227, 3900.00, 'Rejected', '2024-04-04'),
(228, 228, 2750.00, 'Approved', '2024-01-14'),
(229, 229, 3200.00, 'Pending', '2024-02-19'),
(230, 230, 4700.00, 'Approved', '2024-03-27'),

(231, 231, 1900.00, 'Rejected', '2024-04-05'),
(232, 232, 2700.00, 'Approved', '2024-01-20'),
(233, 233, 4050.00, 'Pending', '2024-02-23'),
(234, 234, 2300.00, 'Approved', '2024-03-10'),
(235, 235, 4500.00, 'Rejected', '2024-04-02'),
(236, 236, 2600.00, 'Approved', '2024-01-26'),
(237, 237, 3300.00, 'Pending', '2024-02-17'),
(238, 238, 2850.00, 'Approved', '2024-03-18'),
(239, 239, 4200.00, 'Rejected', '2024-04-09'),
(240, 240, 3100.00, 'Approved', '2024-01-30'),

(241, 241, 1750.00, 'Pending', '2024-02-08'),
(242, 242, 3500.00, 'Approved', '2024-03-24'),
(243, 243, 4300.00, 'Rejected', '2024-04-10'),
(244, 244, 2200.00, 'Approved', '2024-01-21'),
(245, 245, 3400.00, 'Pending', '2024-02-27'),
(246, 246, 2650.00, 'Approved', '2024-03-14'),
(247, 247, 3950.00, 'Rejected', '2024-04-06'),
(248, 248, 2800.00, 'Approved', '2024-01-11'),
(249, 249, 3250.00, 'Pending', '2024-02-18'),
(250, 250, 4800.00, 'Approved', '2024-03-26'),

(251, 251, 1850.00, 'Rejected', '2024-04-07'),
(252, 252, 2750.00, 'Approved', '2024-01-15'),
(253, 253, 4100.00, 'Pending', '2024-02-22'),
(254, 254, 2400.00, 'Approved', '2024-03-09'),
(255, 255, 4550.00, 'Rejected', '2024-04-03'),
(256, 256, 2500.00, 'Approved', '2024-01-24'),
(257, 257, 3350.00, 'Pending', '2024-02-19'),
(258, 258, 2950.00, 'Approved', '2024-03-20'),
(259, 259, 4250.00, 'Rejected', '2024-04-08'),
(260, 260, 3150.00, 'Approved', '2024-01-28'),

(261, 261, 1800.00, 'Pending', '2024-02-06'),
(262, 262, 3600.00, 'Approved', '2024-03-22'),
(263, 263, 4400.00, 'Rejected', '2024-04-11'),
(264, 264, 2150.00, 'Approved', '2024-01-17'),
(265, 265, 3450.00, 'Pending', '2024-02-26'),
(266, 266, 2700.00, 'Approved', '2024-03-13'),
(267, 267, 4000.00, 'Rejected', '2024-04-05'),
(268, 268, 2850.00, 'Approved', '2024-01-19'),
(269, 269, 3300.00, 'Pending', '2024-02-14'),
(270, 270, 4700.00, 'Approved', '2024-03-29'),

(271, 271, 1950.00, 'Rejected', '2024-04-04'),
(272, 272, 2800.00, 'Approved', '2024-01-16'),
(273, 273, 4150.00, 'Pending', '2024-02-23'),
(274, 274, 2350.00, 'Approved', '2024-03-08'),
(275, 275, 4600.00, 'Rejected', '2024-04-02'),
(276, 276, 2550.00, 'Approved', '2024-01-25'),
(277, 277, 3400.00, 'Pending', '2024-02-18'),
(278, 278, 3000.00, 'Approved', '2024-03-21'),
(279, 279, 4300.00, 'Rejected', '2024-04-09'),
(280, 280, 3200.00, 'Approved', '2024-01-30'),

(281, 281, 1850.00, 'Pending', '2024-02-07'),
(282, 282, 3650.00, 'Approved', '2024-03-23'),
(283, 283, 4450.00, 'Rejected', '2024-04-10'),
(284, 284, 2250.00, 'Approved', '2024-01-20'),
(285, 285, 3500.00, 'Pending', '2024-02-27'),
(286, 286, 2750.00, 'Approved', '2024-03-15'),
(287, 287, 4050.00, 'Rejected', '2024-04-06'),
(288, 288, 2900.00, 'Approved', '2024-01-12'),
(289, 289, 3350.00, 'Pending', '2024-02-19'),
(290, 290, 4850.00, 'Approved', '2024-03-27'),

(291, 291, 1900.00, 'Rejected', '2024-04-08'),
(292, 292, 2800.00, 'Approved', '2024-01-18'),
(293, 293, 4200.00, 'Pending', '2024-02-24'),
(294, 294, 2400.00, 'Approved', '2024-03-10'),
(295, 295, 4650.00, 'Rejected', '2024-04-01'),
(296, 296, 2600.00, 'Approved', '2024-01-26'),
(297, 297, 3450.00, 'Pending', '2024-02-16'),
(298, 298, 3050.00, 'Approved', '2024-03-19'),
(299, 299, 4350.00, 'Rejected', '2024-04-09'),
(300, 300, 3250.00, 'Approved', '2024-01-29'),

(301, 301, 2000.00, 'Pending', '2024-02-05'),
(302, 302, 3700.00, 'Approved', '2024-03-22'),
(303, 303, 4500.00, 'Rejected', '2024-04-11'),
(304, 304, 2300.00, 'Approved', '2024-01-21'),
(305, 305, 3550.00, 'Pending', '2024-02-26'),
(306, 306, 2800.00, 'Approved', '2024-03-14'),
(307, 307, 4100.00, 'Rejected', '2024-04-07'),
(308, 308, 2950.00, 'Approved', '2024-01-13'),
(309, 309, 3400.00, 'Pending', '2024-02-18'),
(310, 310, 4900.00, 'Approved', '2024-03-28'),

(311, 311, 1950.00, 'Rejected', '2024-04-04'),
(312, 312, 2850.00, 'Approved', '2024-01-17'),
(313, 313, 4250.00, 'Pending', '2024-02-23'),
(314, 314, 2450.00, 'Approved', '2024-03-09'),
(315, 315, 4700.00, 'Rejected', '2024-04-02'),
(316, 316, 2700.00, 'Approved', '2024-01-25'),
(317, 317, 3500.00, 'Pending', '2024-02-19'),
(318, 318, 3100.00, 'Approved', '2024-03-21'),
(319, 319, 4400.00, 'Rejected', '2024-04-08'),
(320, 320, 3300.00, 'Approved', '2024-01-30'),

(321, 321, 2050.00, 'Pending', '2024-02-06'),
(322, 322, 3750.00, 'Approved', '2024-03-24'),
(323, 323, 4550.00, 'Rejected', '2024-04-10'),
(324, 324, 2350.00, 'Approved', '2024-01-20'),
(325, 325, 3600.00, 'Pending', '2024-02-27'),
(326, 326, 2850.00, 'Approved', '2024-03-15'),
(327, 327, 4150.00, 'Rejected', '2024-04-06'),
(328, 328, 3000.00, 'Approved', '2024-01-12'),
(329, 329, 3450.00, 'Pending', '2024-02-18'),
(330, 330, 4950.00, 'Approved', '2024-03-26'),

(331, 331, 2100.00, 'Rejected', '2024-04-05'),
(332, 332, 2900.00, 'Approved', '2024-01-16'),
(333, 333, 4300.00, 'Pending', '2024-02-22'),
(334, 334, 2500.00, 'Approved', '2024-03-08'),
(335, 335, 4800.00, 'Rejected', '2024-04-01'),
(336, 336, 2750.00, 'Approved', '2024-01-24'),
(337, 337, 3550.00, 'Pending', '2024-02-17'),
(338, 338, 3150.00, 'Approved', '2024-03-19'),
(339, 339, 4450.00, 'Rejected', '2024-04-09'),
(340, 340, 3400.00, 'Approved', '2024-01-28'),

(341, 341, 2150.00, 'Pending', '2024-02-07'),
(342, 342, 3800.00, 'Approved', '2024-03-23'),
(343, 343, 4600.00, 'Rejected', '2024-04-10'),
(344, 344, 2400.00, 'Approved', '2024-01-21'),
(345, 345, 3650.00, 'Pending', '2024-02-26'),
(346, 346, 2900.00, 'Approved', '2024-03-14'),
(347, 347, 4200.00, 'Rejected', '2024-04-07'),
(348, 348, 3050.00, 'Approved', '2024-01-13'),
(349, 349, 3500.00, 'Pending', '2024-02-18'),
(350, 350, 5000.00, 'Approved', '2024-03-29');


drop table if exists UserAccessLogs

CREATE TABLE UserAccessLogs (
    LogID INT PRIMARY KEY,
    UserID INT,
    ActionType VARCHAR(50) not null,
    Timestamp DATETIME);

INSERT INTO UserAccessLogs (LogID, UserID, ActionType, Timestamp)
VALUES
(1, 101, 'Login', '2026-02-01 08:15:00'),
(2, 102, 'Login', '2026-02-01 08:20:00'),
(3, 103, 'Login', '2026-02-01 08:25:00'),
(4, 104, 'Login', '2026-02-01 08:30:00'),
(5, 105, 'Login', '2026-02-01 08:35:00'),
(6, 101, 'View', '2026-02-01 08:40:00'),
(7, 102, 'View', '2026-02-01 08:45:00'),
(8, 103, 'Update', '2026-02-01 08:50:00'),
(9, 104, 'View', '2026-02-01 08:55:00'),
(10, 105, 'Logout', '2026-02-01 09:00:00'),
(11, 101, 'Update', '2026-02-01 09:05:00'),
(12, 102, 'View', '2026-02-01 09:10:00'),
(13, 103, 'Delete', '2026-02-01 09:15:00'),
(14, 104, 'Update', '2026-02-01 09:20:00'),
(15, 105, 'View', '2026-02-01 09:25:00'),
(16, 101, 'Login', '2026-02-01 09:30:00'),
(17, 102, 'Update', '2026-02-01 09:35:00'),
(18, 103, 'View', '2026-02-01 09:40:00'),
(19, 104, 'Delete', '2026-02-01 09:45:00'),
(20, 105, 'Logout', '2026-02-01 09:50:00'),
(21, 101, 'View', '2026-02-01 09:55:00'),
(22, 102, 'Login', '2026-02-01 10:00:00'),
(23, 103, 'Update', '2026-02-01 10:05:00'),
(24, 104, 'View', '2026-02-01 10:10:00'),
(25, 105, 'Delete', '2026-02-01 10:15:00'),
(26, 101, 'Update', '2026-02-01 10:20:00'),
(27, 102, 'View', '2026-02-01 10:25:00'),
(28, 103, 'Login', '2026-02-01 10:30:00'),
(29, 104, 'Update', '2026-02-01 10:35:00'),
(30, 105, 'Logout', '2026-02-01 10:40:00'),
(31, 101, 'Delete', '2026-02-01 10:45:00'),
(32, 102, 'View', '2026-02-01 10:50:00'),
(33, 103, 'Update', '2026-02-01 10:55:00'),
(34, 104, 'Login', '2026-02-01 11:00:00'),
(35, 105, 'View', '2026-02-01 11:05:00'),
(36, 101, 'Login', '2026-02-01 11:10:00'),
(37, 102, 'Delete', '2026-02-01 11:15:00'),
(38, 103, 'View', '2026-02-01 11:20:00'),
(39, 104, 'Update', '2026-02-01 11:25:00'),
(40, 105, 'Logout', '2026-02-01 11:30:00'),
(41, 101, 'View', '2026-02-01 11:35:00'),
(42, 102, 'Update', '2026-02-01 11:40:00'),
(43, 103, 'Login', '2026-02-01 11:45:00'),
(44, 104, 'Delete', '2026-02-01 11:50:00'),
(45, 105, 'View', '2026-02-01 11:55:00'),
(46, 101, 'Update', '2026-02-01 12:00:00'),
(47, 102, 'View', '2026-02-01 12:05:00'),
(48, 103, 'Logout', '2026-02-01 12:10:00'),
(49, 104, 'Login', '2026-02-01 12:15:00'),
(50, 105, 'Update', '2026-02-01 12:20:00'),

(51, 101, 'Login', '2026-02-01 12:25:00'),
(52, 102, 'View', '2026-02-01 12:30:00'),
(53, 103, 'Update', '2026-02-01 12:35:00'),
(54, 104, 'Delete', '2026-02-01 12:40:00'),
(55, 105, 'Logout', '2026-02-01 12:45:00'),
(56, 101, 'View', '2026-02-01 12:50:00'),
(57, 102, 'Login', '2026-02-01 12:55:00'),
(58, 103, 'View', '2026-02-01 13:00:00'),
(59, 104, 'Update', '2026-02-01 13:05:00'),
(60, 105, 'Delete', '2026-02-01 13:10:00'),
(61, 101, 'Login', '2026-02-01 13:15:00'),
(62, 102, 'Update', '2026-02-01 13:20:00'),
(63, 103, 'Logout', '2026-02-01 13:25:00'),
(64, 104, 'View', '2026-02-01 13:30:00'),
(65, 105, 'Login', '2026-02-01 13:35:00'),
(66, 101, 'Update', '2026-02-01 13:40:00'),
(67, 102, 'View', '2026-02-01 13:45:00'),
(68, 103, 'Login', '2026-02-01 13:50:00'),
(69, 104, 'Delete', '2026-02-01 13:55:00'),
(70, 105, 'Update', '2026-02-01 14:00:00'),
(71, 101, 'View', '2026-02-01 14:05:00'),
(72, 102, 'Login', '2026-02-01 14:10:00'),
(73, 103, 'Update', '2026-02-01 14:15:00'),
(74, 104, 'View', '2026-02-01 14:20:00'),
(75, 105, 'Logout', '2026-02-01 14:25:00'),
(76, 101, 'Update', '2026-02-01 14:30:00'),
(77, 102, 'View', '2026-02-01 14:35:00'),
(78, 103, 'Delete', '2026-02-01 14:40:00'),
(79, 104, 'Login', '2026-02-01 14:45:00'),
(80, 105, 'Update', '2026-02-01 14:50:00'),
(81, 101, 'Logout', '2026-02-01 14:55:00'),
(82, 102, 'Login', '2026-02-01 15:00:00'),
(83, 103, 'View', '2026-02-01 15:05:00'),
(84, 104, 'Update', '2026-02-01 15:10:00'),
(85, 105, 'Delete', '2026-02-01 15:15:00'),
(86, 101, 'Login', '2026-02-01 15:20:00'),
(87, 102, 'Update', '2026-02-01 15:25:00'),
(88, 103, 'View', '2026-02-01 15:30:00'),
(89, 104, 'Login', '2026-02-01 15:35:00'),
(90, 105, 'Logout', '2026-02-01 15:40:00'),
(91, 101, 'View', '2026-02-01 15:45:00'),
(92, 102, 'Delete', '2026-02-01 15:50:00'),
(93, 103, 'Update', '2026-02-01 15:55:00'),
(94, 104, 'View', '2026-02-01 16:00:00'),
(95, 105, 'Login', '2026-02-01 16:05:00'),
(96, 101, 'Update', '2026-02-01 16:10:00'),
(97, 102, 'View', '2026-02-01 16:15:00'),
(98, 103, 'Login', '2026-02-01 16:20:00'),
(99, 104, 'Delete', '2026-02-01 16:25:00'),
(100, 105, 'Update', '2026-02-01 16:30:00'),

(101, 101, 'Login', '2026-02-01 16:35:00'),
(102, 102, 'View', '2026-02-01 16:40:00'),
(103, 103, 'Update', '2026-02-01 16:45:00'),
(104, 104, 'Delete', '2026-02-01 16:50:00'),
(105, 105, 'Logout', '2026-02-01 16:55:00'),
(106, 101, 'View', '2026-02-01 17:00:00'),
(107, 102, 'Login', '2026-02-01 17:05:00'),
(108, 103, 'View', '2026-02-01 17:10:00'),
(109, 104, 'Update', '2026-02-01 17:15:00'),
(110, 105, 'Delete', '2026-02-01 17:20:00'),
(111, 101, 'Login', '2026-02-01 17:25:00'),
(112, 102, 'Update', '2026-02-01 17:30:00'),
(113, 103, 'Logout', '2026-02-01 17:35:00'),
(114, 104, 'View', '2026-02-01 17:40:00'),
(115, 105, 'Login', '2026-02-01 17:45:00'),
(116, 101, 'Update', '2026-02-01 17:50:00'),
(117, 102, 'View', '2026-02-01 17:55:00'),
(118, 103, 'Login', '2026-02-01 18:00:00'),
(119, 104, 'Delete', '2026-02-01 18:05:00'),
(120, 105, 'Update', '2026-02-01 18:10:00'),
(121, 101, 'View', '2026-02-01 18:15:00'),
(122, 102, 'Login', '2026-02-01 18:20:00'),
(123, 103, 'Update', '2026-02-01 18:25:00'),
(124, 104, 'View', '2026-02-01 18:30:00'),
(125, 105, 'Logout', '2026-02-01 18:35:00'),
(126, 101, 'Update', '2026-02-01 18:40:00'),
(127, 102, 'View', '2026-02-01 18:45:00'),
(128, 103, 'Delete', '2026-02-01 18:50:00'),
(129, 104, 'Login', '2026-02-01 18:55:00'),
(130, 105, 'Update', '2026-02-01 19:00:00'),
(131, 101, 'Logout', '2026-02-01 19:05:00'),
(132, 102, 'Login', '2026-02-01 19:10:00'),
(133, 103, 'View', '2026-02-01 19:15:00'),
(134, 104, 'Update', '2026-02-01 19:20:00'),
(135, 105, 'Delete', '2026-02-01 19:25:00'),
(136, 101, 'Login', '2026-02-01 19:30:00'),
(137, 102, 'Update', '2026-02-01 19:35:00'),
(138, 103, 'View', '2026-02-01 19:40:00'),
(139, 104, 'Login', '2026-02-01 19:45:00'),
(140, 105, 'Logout', '2026-02-01 19:50:00'),
(141, 101, 'View', '2026-02-01 19:55:00'),
(142, 102, 'Delete', '2026-02-01 20:00:00'),
(143, 103, 'Update', '2026-02-01 20:05:00'),
(144, 104, 'View', '2026-02-01 20:10:00'),
(145, 105, 'Login', '2026-02-01 20:15:00'),
(146, 101, 'Update', '2026-02-01 20:20:00'),
(147, 102, 'View', '2026-02-01 20:25:00'),
(148, 103, 'Login', '2026-02-01 20:30:00'),
(149, 104, 'Delete', '2026-02-01 20:35:00'),
(150, 105, 'Update', '2026-02-01 20:40:00'),
(151, 101, 'View', '2026-02-01 20:45:00'),
(152, 102, 'Login', '2026-02-01 20:50:00'),
(153, 103, 'Update', '2026-02-01 20:55:00'),
(154, 104, 'View', '2026-02-01 21:00:00'),
(155, 105, 'Logout', '2026-02-01 21:05:00'),
(156, 101, 'Update', '2026-02-01 21:10:00'),
(157, 102, 'View', '2026-02-01 21:15:00'),
(158, 103, 'Delete', '2026-02-01 21:20:00'),
(159, 104, 'Login', '2026-02-01 21:25:00'),
(160, 105, 'Update', '2026-02-01 21:30:00'),
(161, 101, 'Logout', '2026-02-01 21:35:00'),
(162, 102, 'Login', '2026-02-01 21:40:00'),
(163, 103, 'View', '2026-02-01 21:45:00'),
(164, 104, 'Update', '2026-02-01 21:50:00'),
(165, 105, 'Delete', '2026-02-01 21:55:00'),
(166, 101, 'Login', '2026-02-01 22:00:00'),
(167, 102, 'Update', '2026-02-01 22:05:00'),
(168, 103, 'View', '2026-02-01 22:10:00'),
(169, 104, 'Login', '2026-02-01 22:15:00'),
(170, 105, 'Logout', '2026-02-01 22:20:00'),
(171, 101, 'View', '2026-02-01 22:25:00'),
(172, 102, 'Delete', '2026-02-01 22:30:00'),
(173, 103, 'Update', '2026-02-01 22:35:00'),
(174, 104, 'View', '2026-02-01 22:40:00'),
(175, 105, 'Login', '2026-02-01 22:45:00'),
(176, 101, 'Update', '2026-02-01 22:50:00'),
(177, 102, 'View', '2026-02-01 22:55:00'),
(178, 103, 'Login', '2026-02-01 23:00:00'),
(179, 104, 'Delete', '2026-02-01 23:05:00'),
(180, 105, 'Update', '2026-02-01 23:10:00'),
(181, 101, 'View', '2026-02-01 23:15:00'),
(182, 102, 'Login', '2026-02-01 23:20:00'),
(183, 103, 'Update', '2026-02-01 23:25:00'),
(184, 104, 'View', '2026-02-01 23:30:00'),
(185, 105, 'Logout', '2026-02-01 23:35:00'),
(186, 101, 'Update', '2026-02-01 23:40:00'),
(187, 102, 'View', '2026-02-01 23:45:00'),
(188, 103, 'Delete', '2026-02-01 23:50:00'),
(189, 104, 'Login', '2026-02-01 23:55:00'),
(190, 105, 'Update', '2026-02-02 00:00:00'),
(191, 101, 'Logout', '2026-02-02 00:05:00'),
(192, 102, 'Login', '2026-02-02 00:10:00'),
(193, 103, 'View', '2026-02-02 00:15:00'),
(194, 104, 'Update', '2026-02-02 00:20:00'),
(195, 105, 'Delete', '2026-02-02 00:25:00'),
(196, 101, 'Login', '2026-02-02 00:30:00'),
(197, 102, 'Update', '2026-02-02 00:35:00'),
(198, 103, 'View', '2026-02-02 00:40:00'),
(199, 104, 'Login', '2026-02-02 00:45:00'),
(200, 105, 'Logout', '2026-02-02 00:50:00'),

(201, 101, 'Login', '2026-02-02 00:55:00'),
(202, 102, 'View', '2026-02-02 01:00:00'),
(203, 103, 'Update', '2026-02-02 01:05:00'),
(204, 104, 'Delete', '2026-02-02 01:10:00'),
(205, 105, 'Logout', '2026-02-02 01:15:00'),
(206, 101, 'View', '2026-02-02 01:20:00'),
(207, 102, 'Login', '2026-02-02 01:25:00'),
(208, 103, 'View', '2026-02-02 01:30:00'),
(209, 104, 'Update', '2026-02-02 01:35:00'),
(210, 105, 'Delete', '2026-02-02 01:40:00'),
(211, 101, 'Login', '2026-02-02 01:45:00'),
(212, 102, 'Update', '2026-02-02 01:50:00'),
(213, 103, 'Logout', '2026-02-02 01:55:00'),
(214, 104, 'View', '2026-02-02 02:00:00'),
(215, 105, 'Login', '2026-02-02 02:05:00'),
(216, 101, 'Update', '2026-02-02 02:10:00'),
(217, 102, 'View', '2026-02-02 02:15:00'),
(218, 103, 'Login', '2026-02-02 02:20:00'),
(219, 104, 'Delete', '2026-02-02 02:25:00'),
(220, 105, 'Update', '2026-02-02 02:30:00'),
(221, 101, 'View', '2026-02-02 02:35:00'),
(222, 102, 'Login', '2026-02-02 02:40:00'),
(223, 103, 'Update', '2026-02-02 02:45:00'),
(224, 104, 'View', '2026-02-02 02:50:00'),
(225, 105, 'Logout', '2026-02-02 02:55:00'),
(226, 101, 'Update', '2026-02-02 03:00:00'),
(227, 102, 'View', '2026-02-02 03:05:00'),
(228, 103, 'Delete', '2026-02-02 03:10:00'),
(229, 104, 'Login', '2026-02-02 03:15:00'),
(230, 105, 'Update', '2026-02-02 03:20:00'),
(231, 101, 'Logout', '2026-02-02 03:25:00'),
(232, 102, 'Login', '2026-02-02 03:30:00'),
(233, 103, 'View', '2026-02-02 03:35:00'),
(234, 104, 'Update', '2026-02-02 03:40:00'),
(235, 105, 'Delete', '2026-02-02 03:45:00'),
(236, 101, 'Login', '2026-02-02 03:50:00'),
(237, 102, 'Update', '2026-02-02 03:55:00'),
(238, 103, 'View', '2026-02-02 04:00:00'),
(239, 104, 'Login', '2026-02-02 04:05:00'),
(240, 105, 'Logout', '2026-02-02 04:10:00'),
(241, 101, 'View', '2026-02-02 04:15:00'),
(242, 102, 'Delete', '2026-02-02 04:20:00'),
(243, 103, 'Update', '2026-02-02 04:25:00'),
(244, 104, 'View', '2026-02-02 04:30:00'),
(245, 105, 'Login', '2026-02-02 04:35:00'),
(246, 101, 'Update', '2026-02-02 04:40:00'),
(247, 102, 'View', '2026-02-02 04:45:00'),
(248, 103, 'Login', '2026-02-02 04:50:00'),
(249, 104, 'Delete', '2026-02-02 04:55:00'),
(250, 105, 'Update', '2026-02-02 05:00:00'),
(251, 101, 'View', '2026-02-02 05:05:00'),
(252, 102, 'Login', '2026-02-02 05:10:00'),
(253, 103, 'Update', '2026-02-02 05:15:00'),
(254, 104, 'View', '2026-02-02 05:20:00'),
(255, 105, 'Logout', '2026-02-02 05:25:00'),
(256, 101, 'Update', '2026-02-02 05:30:00'),
(257, 102, 'View', '2026-02-02 05:35:00'),
(258, 103, 'Delete', '2026-02-02 05:40:00'),
(259, 104, 'Login', '2026-02-02 05:45:00'),
(260, 105, 'Update', '2026-02-02 05:50:00'),
(261, 101, 'Logout', '2026-02-02 05:55:00'),
(262, 102, 'Login', '2026-02-02 06:00:00'),
(263, 103, 'View', '2026-02-02 06:05:00'),
(264, 104, 'Update', '2026-02-02 06:10:00'),
(265, 105, 'Delete', '2026-02-02 06:15:00'),
(266, 101, 'Login', '2026-02-02 06:20:00'),
(267, 102, 'Update', '2026-02-02 06:25:00'),
(268, 103, 'View', '2026-02-02 06:30:00'),
(269, 104, 'Login', '2026-02-02 06:35:00'),
(270, 105, 'Logout', '2026-02-02 06:40:00'),
(271, 101, 'View', '2026-02-02 06:45:00'),
(272, 102, 'Delete', '2026-02-02 06:50:00'),
(273, 103, 'Update', '2026-02-02 06:55:00'),
(274, 104, 'View', '2026-02-02 07:00:00'),
(275, 105, 'Login', '2026-02-02 07:05:00'),
(276, 101, 'Update', '2026-02-02 07:10:00'),
(277, 102, 'View', '2026-02-02 07:15:00'),
(278, 103, 'Login', '2026-02-02 07:20:00'),
(279, 104, 'Delete', '2026-02-02 07:25:00'),
(280, 105, 'Update', '2026-02-02 07:30:00'),
(281, 101, 'View', '2026-02-02 07:35:00'),
(282, 102, 'Login', '2026-02-02 07:40:00'),
(283, 103, 'Update', '2026-02-02 07:45:00'),
(284, 104, 'View', '2026-02-02 07:50:00'),
(285, 105, 'Logout', '2026-02-02 07:55:00'),
(286, 101, 'Update', '2026-02-02 08:00:00'),
(287, 102, 'View', '2026-02-02 08:05:00'),
(288, 103, 'Delete', '2026-02-02 08:10:00'),
(289, 104, 'Login', '2026-02-02 08:15:00'),
(290, 105, 'Update', '2026-02-02 08:20:00'),
(291, 101, 'Logout', '2026-02-02 08:25:00'),
(292, 102, 'Login', '2026-02-02 08:30:00'),
(293, 103, 'View', '2026-02-02 08:35:00'),
(294, 104, 'Update', '2026-02-02 08:40:00'),
(295, 105, 'Delete', '2026-02-02 08:45:00'),
(296, 101, 'Login', '2026-02-02 08:50:00'),
(297, 102, 'Update', '2026-02-02 08:55:00'),
(298, 103, 'View', '2026-02-02 09:00:00'),
(299, 104, 'Login', '2026-02-02 09:05:00'),
(300, 105, 'Logout', '2026-02-02 09:10:00'),
(301, 101, 'View', '2026-02-02 09:15:00'),
(302, 102, 'Delete', '2026-02-02 09:20:00'),
(303, 103, 'Update', '2026-02-02 09:25:00'),
(304, 104, 'View', '2026-02-02 09:30:00'),
(305, 105, 'Login', '2026-02-02 09:35:00'),
(306, 101, 'Update', '2026-02-02 09:40:00'),
(307, 102, 'View', '2026-02-02 09:45:00'),
(308, 103, 'Login', '2026-02-02 09:50:00'),
(309, 104, 'Delete', '2026-02-02 09:55:00'),
(310, 105, 'Update', '2026-02-02 10:00:00'),
(311, 101, 'View', '2026-02-02 10:05:00'),
(312, 102, 'Login', '2026-02-02 10:10:00'),
(313, 103, 'Update', '2026-02-02 10:15:00'),
(314, 104, 'View', '2026-02-02 10:20:00'),
(315, 105, 'Logout', '2026-02-02 10:25:00'),
(316, 101, 'Update', '2026-02-02 10:30:00'),
(317, 102, 'View', '2026-02-02 10:35:00'),
(318, 103, 'Delete', '2026-02-02 10:40:00'),
(319, 104, 'Login', '2026-02-02 10:45:00'),
(320, 105, 'Update', '2026-02-02 10:50:00'),
(321, 101, 'Logout', '2026-02-02 10:55:00'),
(322, 102, 'Login', '2026-02-02 11:00:00'),
(323, 103, 'View', '2026-02-02 11:05:00'),
(324, 104, 'Update', '2026-02-02 11:10:00'),
(325, 105, 'Delete', '2026-02-02 11:15:00'),
(326, 101, 'Login', '2026-02-02 11:20:00'),
(327, 102, 'Update', '2026-02-02 11:25:00'),
(328, 103, 'View', '2026-02-02 11:30:00'),
(329, 104, 'Login', '2026-02-02 11:35:00'),
(330, 105, 'Logout', '2026-02-02 11:40:00'),
(331, 101, 'View', '2026-02-02 11:45:00'),
(332, 102, 'Delete', '2026-02-02 11:50:00'),
(333, 103, 'Update', '2026-02-02 11:55:00'),
(334, 104, 'View', '2026-02-02 12:00:00'),
(335, 105, 'Login', '2026-02-02 12:05:00'),
(336, 101, 'Update', '2026-02-02 12:10:00'),
(337, 102, 'View', '2026-02-02 12:15:00'),
(338, 103, 'Login', '2026-02-02 12:20:00'),
(339, 104, 'Delete', '2026-02-02 12:25:00'),
(340, 105, 'Update', '2026-02-02 12:30:00'),
(341, 101, 'View', '2026-02-02 12:35:00'),
(342, 102, 'Login', '2026-02-02 12:40:00'),
(343, 103, 'Update', '2026-02-02 12:45:00'),
(344, 104, 'View', '2026-02-02 12:50:00'),
(345, 105, 'Logout', '2026-02-02 12:55:00'),
(346, 101, 'Update', '2026-02-02 13:00:00'),
(347, 102, 'View', '2026-02-02 13:05:00'),
(348, 103, 'Delete', '2026-02-02 13:10:00'),
(349, 104, 'Login', '2026-02-02 13:15:00'),
(350, 105, 'Update', '2026-02-02 13:20:00');


drop table if exists CyberSecurityIncidents

CREATE TABLE CyberSecurityIncidents (
    IncidentID INT PRIMARY KEY,
    AffectedSystem VARCHAR(50),
    ReportedDate DATETIME,
    ResolutionStatus VARCHAR(20));


INSERT INTO CyberSecurityIncidents VALUES
(1, 'Online Banking', '2024-01-02 09:15:00', 'Resolved'),
(2, 'ATM System', '2024-01-03 14:30:00', 'Investigating'),
(3, 'Mobile Banking', '2024-01-04 11:45:00', 'Open'),
(4, 'Core Banking', '2024-01-05 16:00:00', 'Resolved'),
(5, 'Online Banking', '2024-01-06 10:20:00', 'Open'),

(6, 'ATM System', '2024-01-07 13:10:00', 'Resolved'),
(7, 'Mobile Banking', '2024-01-08 15:25:00', 'Investigating'),
(8, 'Core Banking', '2024-01-09 09:50:00', 'Open'),
(9, 'Online Banking', '2024-01-10 12:35:00', 'Resolved'),
(10, 'ATM System', '2024-01-11 14:45:00', 'Open'),

(11, 'Mobile Banking', '2024-01-12 10:10:00', 'Resolved'),
(12, 'Core Banking', '2024-01-13 11:20:00', 'Investigating'),
(13, 'Online Banking', '2024-01-14 16:30:00', 'Open'),
(14, 'ATM System', '2024-01-15 09:40:00', 'Resolved'),
(15, 'Mobile Banking', '2024-01-16 13:55:00', 'Open'),

(16, 'Core Banking', '2024-01-17 15:05:00', 'Resolved'),
(17, 'Online Banking', '2024-01-18 10:15:00', 'Investigating'),
(18, 'ATM System', '2024-01-19 12:25:00', 'Open'),
(19, 'Mobile Banking', '2024-01-20 14:35:00', 'Resolved'),
(20, 'Core Banking', '2024-01-21 16:45:00', 'Open'),

(21, 'Online Banking', '2024-01-22 09:10:00', 'Resolved'),
(22, 'ATM System', '2024-01-23 11:20:00', 'Open'),
(23, 'Mobile Banking', '2024-01-24 13:30:00', 'Investigating'),
(24, 'Core Banking', '2024-01-25 15:40:00', 'Resolved'),
(25, 'Online Banking', '2024-01-26 10:50:00', 'Open'),

(26, 'ATM System', '2024-01-27 12:00:00', 'Resolved'),
(27, 'Mobile Banking', '2024-01-28 14:10:00', 'Investigating'),
(28, 'Core Banking', '2024-01-29 16:20:00', 'Open'),
(29, 'Online Banking', '2024-01-30 09:30:00', 'Resolved'),
(30, 'ATM System', '2024-01-31 11:40:00', 'Open'),

(31, 'Mobile Banking', '2024-02-01 13:50:00', 'Resolved'),
(32, 'Core Banking', '2024-02-02 16:00:00', 'Investigating'),
(33, 'Online Banking', '2024-02-03 09:15:00', 'Open'),
(34, 'ATM System', '2024-02-04 11:25:00', 'Resolved'),
(35, 'Mobile Banking', '2024-02-05 13:35:00', 'Open'),

(36, 'Core Banking', '2024-02-06 15:45:00', 'Resolved'),
(37, 'Online Banking', '2024-02-07 10:05:00', 'Investigating'),
(38, 'ATM System', '2024-02-08 12:15:00', 'Open'),
(39, 'Mobile Banking', '2024-02-09 14:25:00', 'Resolved'),
(40, 'Core Banking', '2024-02-10 16:35:00', 'Open'),

(41, 'Online Banking', '2024-02-11 09:45:00', 'Resolved'),
(42, 'ATM System', '2024-02-12 11:55:00', 'Open'),
(43, 'Mobile Banking', '2024-02-13 14:05:00', 'Investigating'),
(44, 'Core Banking', '2024-02-14 16:15:00', 'Resolved'),
(45, 'Online Banking', '2024-02-15 10:25:00', 'Open'),

(46, 'ATM System', '2024-02-16 12:35:00', 'Resolved'),
(47, 'Mobile Banking', '2024-02-17 14:45:00', 'Investigating'),
(48, 'Core Banking', '2024-02-18 16:55:00', 'Open'),
(49, 'Online Banking', '2024-02-19 09:05:00', 'Resolved'),
(50, 'ATM System', '2024-02-20 11:15:00', 'Open'),

(51, 'Mobile Banking', '2024-02-21 13:25:00', 'Resolved'),
(52, 'Core Banking', '2024-02-22 15:35:00', 'Investigating'),
(53, 'Online Banking', '2024-02-23 10:45:00', 'Open'),
(54, 'ATM System', '2024-02-24 12:55:00', 'Resolved'),
(55, 'Mobile Banking', '2024-02-25 14:05:00', 'Open'),

(56, 'Core Banking', '2024-02-26 16:15:00', 'Resolved'),
(57, 'Online Banking', '2024-02-27 09:25:00', 'Investigating'),
(58, 'ATM System', '2024-02-28 11:35:00', 'Open'),
(59, 'Mobile Banking', '2024-02-29 13:45:00', 'Resolved'),
(60, 'Core Banking', '2024-03-01 15:55:00', 'Open'),

(61, 'Online Banking', '2024-03-02 10:05:00', 'Resolved'),
(62, 'ATM System', '2024-03-03 12:15:00', 'Open'),
(63, 'Mobile Banking', '2024-03-04 14:25:00', 'Investigating'),
(64, 'Core Banking', '2024-03-05 16:35:00', 'Resolved'),
(65, 'Online Banking', '2024-03-06 09:45:00', 'Open'),

(66, 'ATM System', '2024-03-07 11:55:00', 'Resolved'),
(67, 'Mobile Banking', '2024-03-08 14:05:00', 'Investigating'),
(68, 'Core Banking', '2024-03-09 16:15:00', 'Open'),
(69, 'Online Banking', '2024-03-10 10:25:00', 'Resolved'),
(70, 'ATM System', '2024-03-11 12:35:00', 'Open'),

(71, 'Mobile Banking', '2024-03-12 14:45:00', 'Resolved'),
(72, 'Core Banking', '2024-03-13 16:55:00', 'Investigating'),
(73, 'Online Banking', '2024-03-14 09:05:00', 'Open'),
(74, 'ATM System', '2024-03-15 11:15:00', 'Resolved'),
(75, 'Mobile Banking', '2024-03-16 13:25:00', 'Open'),

(76, 'Core Banking', '2024-03-17 15:35:00', 'Resolved'),
(77, 'Online Banking', '2024-03-18 10:45:00', 'Investigating'),
(78, 'ATM System', '2024-03-19 12:55:00', 'Open'),
(79, 'Mobile Banking', '2024-03-20 14:05:00', 'Resolved'),
(80, 'Core Banking', '2024-03-21 16:15:00', 'Open'),

(81, 'Online Banking', '2024-03-22 09:25:00', 'Resolved'),
(82, 'ATM System', '2024-03-23 11:35:00', 'Open'),
(83, 'Mobile Banking', '2024-03-24 13:45:00', 'Investigating'),
(84, 'Core Banking', '2024-03-25 15:55:00', 'Resolved'),
(85, 'Online Banking', '2024-03-26 10:05:00', 'Open'),

(86, 'ATM System', '2024-03-27 12:15:00', 'Resolved'),
(87, 'Mobile Banking', '2024-03-28 14:25:00', 'Investigating'),
(88, 'Core Banking', '2024-03-29 16:35:00', 'Open'),
(89, 'Online Banking', '2024-03-30 09:45:00', 'Resolved'),
(90, 'ATM System', '2024-03-31 11:55:00', 'Open'),

(91, 'Mobile Banking', '2024-04-01 13:05:00', 'Resolved'),
(92, 'Core Banking', '2024-04-02 15:15:00', 'Investigating'),
(93, 'Online Banking', '2024-04-03 10:25:00', 'Open'),
(94, 'ATM System', '2024-04-04 12:35:00', 'Resolved'),
(95, 'Mobile Banking', '2024-04-05 14:45:00', 'Open'),

(96, 'Core Banking', '2024-04-06 16:55:00', 'Resolved'),
(97, 'Online Banking', '2024-04-07 09:05:00', 'Investigating'),
(98, 'ATM System', '2024-04-08 11:15:00', 'Open'),
(99, 'Mobile Banking', '2024-04-09 13:25:00', 'Resolved'),
(100, 'Core Banking', '2024-04-10 15:35:00', 'Open'),

(101, 'Online Banking', '2024-04-11 09:45:00', 'Resolved'),
(102, 'ATM System', '2024-04-12 11:55:00', 'Open'),
(103, 'Mobile Banking', '2024-04-13 14:05:00', 'Investigating'),
(104, 'Core Banking', '2024-04-14 16:15:00', 'Resolved'),
(105, 'Online Banking', '2024-04-15 10:25:00', 'Open'),

(106, 'ATM System', '2024-04-16 12:35:00', 'Resolved'),
(107, 'Mobile Banking', '2024-04-17 14:45:00', 'Investigating'),
(108, 'Core Banking', '2024-04-18 16:55:00', 'Open'),
(109, 'Online Banking', '2024-04-19 09:05:00', 'Resolved'),
(110, 'ATM System', '2024-04-20 11:15:00', 'Open'),

(111, 'Mobile Banking', '2024-04-21 13:25:00', 'Resolved'),
(112, 'Core Banking', '2024-04-22 15:35:00', 'Investigating'),
(113, 'Online Banking', '2024-04-23 10:45:00', 'Open'),
(114, 'ATM System', '2024-04-24 12:55:00', 'Resolved'),
(115, 'Mobile Banking', '2024-04-25 14:05:00', 'Open'),

(116, 'Core Banking', '2024-04-26 16:15:00', 'Resolved'),
(117, 'Online Banking', '2024-04-27 09:25:00', 'Investigating'),
(118, 'ATM System', '2024-04-28 11:35:00', 'Open'),
(119, 'Mobile Banking', '2024-04-29 13:45:00', 'Resolved'),
(120, 'Core Banking', '2024-04-30 15:55:00', 'Open'),

(121, 'Online Banking', '2024-05-01 10:05:00', 'Resolved'),
(122, 'ATM System', '2024-05-02 12:15:00', 'Open'),
(123, 'Mobile Banking', '2024-05-03 14:25:00', 'Investigating'),
(124, 'Core Banking', '2024-05-04 16:35:00', 'Resolved'),
(125, 'Online Banking', '2024-05-05 09:45:00', 'Open'),

(126, 'ATM System', '2024-05-06 11:55:00', 'Resolved'),
(127, 'Mobile Banking', '2024-05-07 14:05:00', 'Investigating'),
(128, 'Core Banking', '2024-05-08 16:15:00', 'Open'),
(129, 'Online Banking', '2024-05-09 10:25:00', 'Resolved'),
(130, 'ATM System', '2024-05-10 12:35:00', 'Open'),

(131, 'Mobile Banking', '2024-05-11 14:45:00', 'Resolved'),
(132, 'Core Banking', '2024-05-12 16:55:00', 'Investigating'),
(133, 'Online Banking', '2024-05-13 09:05:00', 'Open'),
(134, 'ATM System', '2024-05-14 11:15:00', 'Resolved'),
(135, 'Mobile Banking', '2024-05-15 13:25:00', 'Open'),

(136, 'Core Banking', '2024-05-16 15:35:00', 'Resolved'),
(137, 'Online Banking', '2024-05-17 10:45:00', 'Investigating'),
(138, 'ATM System', '2024-05-18 12:55:00', 'Open'),
(139, 'Mobile Banking', '2024-05-19 14:05:00', 'Resolved'),
(140, 'Core Banking', '2024-05-20 16:15:00', 'Open'),

(141, 'Online Banking', '2024-05-21 09:25:00', 'Resolved'),
(142, 'ATM System', '2024-05-22 11:35:00', 'Open'),
(143, 'Mobile Banking', '2024-05-23 13:45:00', 'Investigating'),
(144, 'Core Banking', '2024-05-24 15:55:00', 'Resolved'),
(145, 'Online Banking', '2024-05-25 10:05:00', 'Open'),

(146, 'ATM System', '2024-05-26 12:15:00', 'Resolved'),
(147, 'Mobile Banking', '2024-05-27 14:25:00', 'Investigating'),
(148, 'Core Banking', '2024-05-28 16:35:00', 'Open'),
(149, 'Online Banking', '2024-05-29 09:45:00', 'Resolved'),
(150, 'ATM System', '2024-05-30 11:55:00', 'Open'),

(151, 'Mobile Banking', '2024-05-31 13:05:00', 'Resolved'),
(152, 'Core Banking', '2024-06-01 15:15:00', 'Investigating'),
(153, 'Online Banking', '2024-06-02 10:25:00', 'Open'),
(154, 'ATM System', '2024-06-03 12:35:00', 'Resolved'),
(155, 'Mobile Banking', '2024-06-04 14:45:00', 'Open'),

(156, 'Core Banking', '2024-06-05 16:55:00', 'Resolved'),
(157, 'Online Banking', '2024-06-06 09:05:00', 'Investigating'),
(158, 'ATM System', '2024-06-07 11:15:00', 'Open'),
(159, 'Mobile Banking', '2024-06-08 13:25:00', 'Resolved'),
(160, 'Core Banking', '2024-06-09 15:35:00', 'Open'),

(161, 'Online Banking', '2024-06-10 10:45:00', 'Resolved'),
(162, 'ATM System', '2024-06-11 12:55:00', 'Open'),
(163, 'Mobile Banking', '2024-06-12 14:05:00', 'Investigating'),
(164, 'Core Banking', '2024-06-13 16:15:00', 'Resolved'),
(165, 'Online Banking', '2024-06-14 09:25:00', 'Open'),

(166, 'ATM System', '2024-06-15 11:35:00', 'Resolved'),
(167, 'Mobile Banking', '2024-06-16 13:45:00', 'Investigating'),
(168, 'Core Banking', '2024-06-17 15:55:00', 'Open'),
(169, 'Online Banking', '2024-06-18 10:05:00', 'Resolved'),
(170, 'ATM System', '2024-06-19 12:15:00', 'Open'),

(171, 'Mobile Banking', '2024-06-20 14:25:00', 'Resolved'),
(172, 'Core Banking', '2024-06-21 16:35:00', 'Investigating'),
(173, 'Online Banking', '2024-06-22 09:45:00', 'Open'),
(174, 'ATM System', '2024-06-23 11:55:00', 'Resolved'),
(175, 'Mobile Banking', '2024-06-24 13:05:00', 'Open'),

(176, 'Core Banking', '2024-06-25 15:15:00', 'Resolved'),
(177, 'Online Banking', '2024-06-26 10:25:00', 'Investigating'),
(178, 'ATM System', '2024-06-27 12:35:00', 'Open'),
(179, 'Mobile Banking', '2024-06-28 14:45:00', 'Resolved'),
(180, 'Core Banking', '2024-06-29 16:55:00', 'Open'),

(181, 'Online Banking', '2024-06-30 09:05:00', 'Resolved'),
(182, 'ATM System', '2024-07-01 11:15:00', 'Open'),
(183, 'Mobile Banking', '2024-07-02 13:25:00', 'Investigating'),
(184, 'Core Banking', '2024-07-03 15:35:00', 'Resolved'),
(185, 'Online Banking', '2024-07-04 10:45:00', 'Open'),

(186, 'ATM System', '2024-07-05 12:55:00', 'Resolved'),
(187, 'Mobile Banking', '2024-07-06 14:05:00', 'Investigating'),
(188, 'Core Banking', '2024-07-07 16:15:00', 'Open'),
(189, 'Online Banking', '2024-07-08 09:25:00', 'Resolved'),
(190, 'ATM System', '2024-07-09 11:35:00', 'Open'),

(191, 'Mobile Banking', '2024-07-10 13:45:00', 'Resolved'),
(192, 'Core Banking', '2024-07-11 15:55:00', 'Investigating'),
(193, 'Online Banking', '2024-07-12 10:05:00', 'Open'),
(194, 'ATM System', '2024-07-13 12:15:00', 'Resolved'),
(195, 'Mobile Banking', '2024-07-14 14:25:00', 'Open'),

(196, 'Core Banking', '2024-07-15 16:35:00', 'Resolved'),
(197, 'Online Banking', '2024-07-16 09:45:00', 'Investigating'),
(198, 'ATM System', '2024-07-17 11:55:00', 'Open'),
(199, 'Mobile Banking', '2024-07-18 13:05:00', 'Resolved'),
(200, 'Core Banking', '2024-07-19 15:15:00', 'Open'),

(201, 'Online Banking', '2024-07-20 10:25:00', 'Resolved'),
(202, 'ATM System', '2024-07-21 12:35:00', 'Open'),
(203, 'Mobile Banking', '2024-07-22 14:45:00', 'Investigating'),
(204, 'Core Banking', '2024-07-23 16:55:00', 'Resolved'),
(205, 'Online Banking', '2024-07-24 09:05:00', 'Open'),

(206, 'ATM System', '2024-07-25 11:15:00', 'Resolved'),
(207, 'Mobile Banking', '2024-07-26 13:25:00', 'Investigating'),
(208, 'Core Banking', '2024-07-27 15:35:00', 'Open'),
(209, 'Online Banking', '2024-07-28 10:45:00', 'Resolved'),
(210, 'ATM System', '2024-07-29 12:55:00', 'Open'),

(211, 'Mobile Banking', '2024-07-30 14:05:00', 'Resolved'),
(212, 'Core Banking', '2024-07-31 16:15:00', 'Investigating'),
(213, 'Online Banking', '2024-08-01 09:25:00', 'Open'),
(214, 'ATM System', '2024-08-02 11:35:00', 'Resolved'),
(215, 'Mobile Banking', '2024-08-03 13:45:00', 'Open'),

(216, 'Core Banking', '2024-08-04 15:55:00', 'Resolved'),
(217, 'Online Banking', '2024-08-05 10:05:00', 'Investigating'),
(218, 'ATM System', '2024-08-06 12:15:00', 'Open'),
(219, 'Mobile Banking', '2024-08-07 14:25:00', 'Resolved'),
(220, 'Core Banking', '2024-08-08 16:35:00', 'Open'),

(221, 'Online Banking', '2024-08-09 09:45:00', 'Resolved'),
(222, 'ATM System', '2024-08-10 11:55:00', 'Open'),
(223, 'Mobile Banking', '2024-08-11 14:05:00', 'Investigating'),
(224, 'Core Banking', '2024-08-12 16:15:00', 'Resolved'),
(225, 'Online Banking', '2024-08-13 10:25:00', 'Open'),

(226, 'ATM System', '2024-08-14 12:35:00', 'Resolved'),
(227, 'Mobile Banking', '2024-08-15 14:45:00', 'Investigating'),
(228, 'Core Banking', '2024-08-16 16:55:00', 'Open'),
(229, 'Online Banking', '2024-08-17 09:05:00', 'Resolved'),
(230, 'ATM System', '2024-08-18 11:15:00', 'Open'),

(231, 'Mobile Banking', '2024-08-19 13:25:00', 'Resolved'),
(232, 'Core Banking', '2024-08-20 15:35:00', 'Investigating'),
(233, 'Online Banking', '2024-08-21 10:45:00', 'Open'),
(234, 'ATM System', '2024-08-22 12:55:00', 'Resolved'),
(235, 'Mobile Banking', '2024-08-23 14:05:00', 'Open'),

(236, 'Core Banking', '2024-08-24 16:15:00', 'Resolved'),
(237, 'Online Banking', '2024-08-25 09:25:00', 'Investigating'),
(238, 'ATM System', '2024-08-26 11:35:00', 'Open'),
(239, 'Mobile Banking', '2024-08-27 13:45:00', 'Resolved'),
(240, 'Core Banking', '2024-08-28 15:55:00', 'Open'),

(241, 'Online Banking', '2024-08-29 10:05:00', 'Resolved'),
(242, 'ATM System', '2024-08-30 12:15:00', 'Open'),
(243, 'Mobile Banking', '2024-08-31 14:25:00', 'Investigating'),
(244, 'Core Banking', '2024-09-01 16:35:00', 'Resolved'),
(245, 'Online Banking', '2024-09-02 09:45:00', 'Open'),

(246, 'ATM System', '2024-09-03 11:55:00', 'Resolved'),
(247, 'Mobile Banking', '2024-09-04 14:05:00', 'Investigating'),
(248, 'Core Banking', '2024-09-05 16:15:00', 'Open'),
(249, 'Online Banking', '2024-09-06 10:25:00', 'Resolved'),
(250, 'ATM System', '2024-09-07 12:35:00', 'Open'),

(251, 'Mobile Banking', '2024-09-08 14:45:00', 'Resolved'),
(252, 'Core Banking', '2024-09-09 16:55:00', 'Investigating'),
(253, 'Online Banking', '2024-09-10 09:05:00', 'Open'),
(254, 'ATM System', '2024-09-11 11:15:00', 'Resolved'),
(255, 'Mobile Banking', '2024-09-12 13:25:00', 'Open'),

(256, 'Core Banking', '2024-09-13 15:35:00', 'Resolved'),
(257, 'Online Banking', '2024-09-14 10:45:00', 'Investigating'),
(258, 'ATM System', '2024-09-15 12:55:00', 'Open'),
(259, 'Mobile Banking', '2024-09-16 14:05:00', 'Resolved'),
(260, 'Core Banking', '2024-09-17 16:15:00', 'Open'),

(261, 'Online Banking', '2024-09-18 09:25:00', 'Resolved'),
(262, 'ATM System', '2024-09-19 11:35:00', 'Open'),
(263, 'Mobile Banking', '2024-09-20 13:45:00', 'Investigating'),
(264, 'Core Banking', '2024-09-21 15:55:00', 'Resolved'),
(265, 'Online Banking', '2024-09-22 10:05:00', 'Open'),

(266, 'ATM System', '2024-09-23 12:15:00', 'Resolved'),
(267, 'Mobile Banking', '2024-09-24 14:25:00', 'Investigating'),
(268, 'Core Banking', '2024-09-25 16:35:00', 'Open'),
(269, 'Online Banking', '2024-09-26 09:45:00', 'Resolved'),
(270, 'ATM System', '2024-09-27 11:55:00', 'Open'),

(271, 'Mobile Banking', '2024-09-28 13:05:00', 'Resolved'),
(272, 'Core Banking', '2024-09-29 15:15:00', 'Investigating'),
(273, 'Online Banking', '2024-09-30 10:25:00', 'Open'),
(274, 'ATM System', '2024-10-01 12:35:00', 'Resolved'),
(275, 'Mobile Banking', '2024-10-02 14:45:00', 'Open'),

(276, 'Core Banking', '2024-10-03 16:55:00', 'Resolved'),
(277, 'Online Banking', '2024-10-04 09:05:00', 'Investigating'),
(278, 'ATM System', '2024-10-05 11:15:00', 'Open'),
(279, 'Mobile Banking', '2024-10-06 13:25:00', 'Resolved'),
(280, 'Core Banking', '2024-10-07 15:35:00', 'Open'),

(281, 'Online Banking', '2024-10-08 10:45:00', 'Resolved'),
(282, 'ATM System', '2024-10-09 12:55:00', 'Open'),
(283, 'Mobile Banking', '2024-10-10 14:05:00', 'Investigating'),
(284, 'Core Banking', '2024-10-11 16:15:00', 'Resolved'),
(285, 'Online Banking', '2024-10-12 09:25:00', 'Open'),

(286, 'ATM System', '2024-10-13 11:35:00', 'Resolved'),
(287, 'Mobile Banking', '2024-10-14 13:45:00', 'Investigating'),
(288, 'Core Banking', '2024-10-15 15:55:00', 'Open'),
(289, 'Online Banking', '2024-10-16 10:05:00', 'Resolved'),
(290, 'ATM System', '2024-10-17 12:15:00', 'Open'),

(291, 'Mobile Banking', '2024-10-18 14:25:00', 'Resolved'),
(292, 'Core Banking', '2024-10-19 16:35:00', 'Investigating'),
(293, 'Online Banking', '2024-10-20 09:45:00', 'Open'),
(294, 'ATM System', '2024-10-21 11:55:00', 'Resolved'),
(295, 'Mobile Banking', '2024-10-22 13:05:00', 'Open'),

(296, 'Core Banking', '2024-10-23 15:15:00', 'Resolved'),
(297, 'Online Banking', '2024-10-24 10:25:00', 'Investigating'),
(298, 'ATM System', '2024-10-25 12:35:00', 'Open'),
(299, 'Mobile Banking', '2024-10-26 14:45:00', 'Resolved'),
(300, 'Core Banking', '2024-10-27 16:55:00', 'Open'),

(301, 'Online Banking', '2024-10-28 09:05:00', 'Resolved'),
(302, 'ATM System', '2024-10-29 11:15:00', 'Open'),
(303, 'Mobile Banking', '2024-10-30 13:25:00', 'Investigating'),
(304, 'Core Banking', '2024-10-31 15:35:00', 'Resolved'),
(305, 'Online Banking', '2024-11-01 10:45:00', 'Open'),

(306, 'ATM System', '2024-11-02 12:55:00', 'Resolved'),
(307, 'Mobile Banking', '2024-11-03 14:05:00', 'Investigating'),
(308, 'Core Banking', '2024-11-04 16:15:00', 'Open'),
(309, 'Online Banking', '2024-11-05 09:25:00', 'Resolved'),
(310, 'ATM System', '2024-11-06 11:35:00', 'Open'),

(311, 'Mobile Banking', '2024-11-07 13:45:00', 'Resolved'),
(312, 'Core Banking', '2024-11-08 15:55:00', 'Investigating'),
(313, 'Online Banking', '2024-11-09 10:05:00', 'Open'),
(314, 'ATM System', '2024-11-10 12:15:00', 'Resolved'),
(315, 'Mobile Banking', '2024-11-11 14:25:00', 'Open'),

(316, 'Core Banking', '2024-11-12 16:35:00', 'Resolved'),
(317, 'Online Banking', '2024-11-13 09:45:00', 'Investigating'),
(318, 'ATM System', '2024-11-14 11:55:00', 'Open'),
(319, 'Mobile Banking', '2024-11-15 13:05:00', 'Resolved'),
(320, 'Core Banking', '2024-11-16 15:15:00', 'Open'),

(321, 'Online Banking', '2024-11-17 10:25:00', 'Resolved'),
(322, 'ATM System', '2024-11-18 12:35:00', 'Open'),
(323, 'Mobile Banking', '2024-11-19 14:45:00', 'Investigating'),
(324, 'Core Banking', '2024-11-20 16:55:00', 'Resolved'),
(325, 'Online Banking', '2024-11-21 09:05:00', 'Open'),

(326, 'ATM System', '2024-11-22 11:15:00', 'Resolved'),
(327, 'Mobile Banking', '2024-11-23 13:25:00', 'Investigating'),
(328, 'Core Banking', '2024-11-24 15:35:00', 'Open'),
(329, 'Online Banking', '2024-11-25 10:45:00', 'Resolved'),
(330, 'ATM System', '2024-11-26 12:55:00', 'Open'),

(331, 'Mobile Banking', '2024-11-27 14:05:00', 'Resolved'),
(332, 'Core Banking', '2024-11-28 16:15:00', 'Investigating'),
(333, 'Online Banking', '2024-11-29 09:25:00', 'Open'),
(334, 'ATM System', '2024-11-30 11:35:00', 'Resolved'),
(335, 'Mobile Banking', '2024-12-01 13:45:00', 'Open'),

(336, 'Core Banking', '2024-12-02 15:55:00', 'Resolved'),
(337, 'Online Banking', '2024-12-03 10:05:00', 'Investigating'),
(338, 'ATM System', '2024-12-04 12:15:00', 'Open'),
(339, 'Mobile Banking', '2024-12-05 14:25:00', 'Resolved'),
(340, 'Core Banking', '2024-12-06 16:35:00', 'Open'),

(341, 'Online Banking', '2024-12-07 09:45:00', 'Resolved'),
(342, 'ATM System', '2024-12-08 11:55:00', 'Open'),
(343, 'Mobile Banking', '2024-12-09 13:05:00', 'Investigating'),
(344, 'Core Banking', '2024-12-10 15:15:00', 'Resolved'),
(345, 'Online Banking', '2024-12-11 10:25:00', 'Open'),

(346, 'ATM System', '2024-12-12 12:35:00', 'Resolved'),
(347, 'Mobile Banking', '2024-12-13 14:45:00', 'Investigating'),
(348, 'Core Banking', '2024-12-14 16:55:00', 'Open'),
(349, 'Online Banking', '2024-12-15 09:05:00', 'Resolved'),
(350, 'ATM System', '2024-12-16 11:15:00', 'Open');




SELECT 
    fk.name AS FK_Name,
    OBJECT_NAME(fk.parent_object_id) AS ChildTable
FROM sys.foreign_keys fk
WHERE fk.referenced_object_id = OBJECT_ID('Merchants');

ALTER TABLE MerchantTransactions
DROP CONSTRAINT FK__MerchantT__Merch__06CD04F7;

drop table if exists Merchants

CREATE TABLE Merchants (
    MerchantID INT PRIMARY KEY,
    MerchantName VARCHAR(100),
    Industry VARCHAR(50),
    Location VARCHAR(100),
    CustomerID INT);

    --FOREIGN KEY (CustomerID) REFERENCES Customers(CustomerID)

INSERT INTO Merchants (MerchantID, MerchantName, Industry, Location, CustomerID)
VALUES
(1, 'BrightTech Solutions', 'Technology', 'New York, NY, US', 101),
(2, 'GreenGrocers', 'Retail', 'Los Angeles, CA, US', 102),
(3, 'SunnyCafe', 'Food & Beverage', 'Chicago, IL, US', 103),
(4, 'Urban Apparel', 'Fashion', 'Houston, TX, US', 104),
(5, 'TechWorld Electronics', 'Technology', 'San Francisco, CA, US', 105),
(6, 'FreshMart', 'Retail', 'Seattle, WA, US', 106),
(7, 'CoffeeCorner', 'Food & Beverage', 'Boston, MA, US', 107),
(8, 'StyleHub', 'Fashion', 'Miami, FL, US', 108),
(9, 'DigitalEdge', 'Technology', 'Austin, TX, US', 109),
(10, 'DailyNeeds', 'Retail', 'Denver, CO, US', 110),
(11, 'BeanStreet Cafe', 'Food & Beverage', 'Portland, OR, US', 111),
(12, 'TrendSetters', 'Fashion', 'Atlanta, GA, US', 112),
(13, 'Innovatech', 'Technology', 'Dallas, TX, US', 113),
(14, 'QuickShop', 'Retail', 'Philadelphia, PA, US', 114),
(15, 'TasteBuds', 'Food & Beverage', 'San Diego, CA, US', 115),
(16, 'ChicBoutique', 'Fashion', 'Phoenix, AZ, US', 116),
(17, 'NextGen Tech', 'Technology', 'New York, NY, US', 117),
(18, 'MarketPlace', 'Retail', 'Los Angeles, CA, US', 118),
(19, 'CafeDelight', 'Food & Beverage', 'Chicago, IL, US', 119),
(20, 'FashionForward', 'Fashion', 'Houston, TX, US', 120),
(21, 'AlphaTech', 'Technology', 'San Francisco, CA, US', 101),
(22, 'ShopEase', 'Retail', 'Seattle, WA, US', 102),
(23, 'MorningBrew', 'Food & Beverage', 'Boston, MA, US', 103),
(24, 'GlamourLine', 'Fashion', 'Miami, FL, US', 104),
(25, 'CyberCore', 'Technology', 'Austin, TX, US', 105),
(26, 'ValueMart', 'Retail', 'Denver, CO, US', 106),
(27, 'CafeMocha', 'Food & Beverage', 'Portland, OR, US', 107),
(28, 'UrbanChic', 'Fashion', 'Atlanta, GA, US', 108),
(29, 'TechSphere', 'Technology', 'Dallas, TX, US', 109),
(30, 'RetailHub', 'Retail', 'Philadelphia, PA, US', 110),
(31, 'CoffeeTime', 'Food & Beverage', 'San Diego, CA, US', 111),
(32, 'FashionPoint', 'Fashion', 'Phoenix, AZ, US', 112),
(33, 'Innovex', 'Technology', 'New York, NY, US', 113),
(34, 'ShopSmart', 'Retail', 'Los Angeles, CA, US', 114),
(35, 'CafeVibe', 'Food & Beverage', 'Chicago, IL, US', 115),
(36, 'TrendLine', 'Fashion', 'Houston, TX, US', 116),
(37, 'TechNova', 'Technology', 'San Francisco, CA, US', 117),
(38, 'QuickBuy', 'Retail', 'Seattle, WA, US', 118),
(39, 'BrewMasters', 'Food & Beverage', 'Boston, MA, US', 119),
(40, 'StyleWave', 'Fashion', 'Miami, FL, US', 120),
(41, 'CodeWorks', 'Technology', 'Austin, TX, US', 101),
(42, 'MegaMart', 'Retail', 'Denver, CO, US', 102),
(43, 'CafeLounge', 'Food & Beverage', 'Portland, OR, US', 103),
(44, 'FashionEra', 'Fashion', 'Atlanta, GA, US', 104),
(45, 'TechSolutions', 'Technology', 'Dallas, TX, US', 105),
(46, 'ShopCentral', 'Retail', 'Philadelphia, PA, US', 106),
(47, 'DailyBrew', 'Food & Beverage', 'San Diego, CA, US', 107),
(48, 'GlamLine', 'Fashion', 'Phoenix, AZ, US', 108),
(49, 'NextTech', 'Technology', 'New York, NY, US', 109),
(50, 'SmartShop', 'Retail', 'Los Angeles, CA, US', 110),

(51, 'TechPulse', 'Technology', 'Chicago, IL, US', 111),
(52, 'FreshChoice', 'Retail', 'Houston, TX, US', 112),
(53, 'CafeExpress', 'Food & Beverage', 'San Francisco, CA, US', 113),
(54, 'UrbanTrends', 'Fashion', 'Seattle, WA, US', 114),
(55, 'CyberLink', 'Technology', 'Boston, MA, US', 115),
(56, 'MarketMakers', 'Retail', 'Miami, FL, US', 116),
(57, 'BeanTown Cafe', 'Food & Beverage', 'Austin, TX, US', 117),
(58, 'StyleCraft', 'Fashion', 'Denver, CO, US', 118),
(59, 'InnovateIT', 'Technology', 'Portland, OR, US', 119),
(60, 'RetailPlus', 'Retail', 'Atlanta, GA, US', 120),
(61, 'CoffeeBlend', 'Food & Beverage', 'Dallas, TX, US', 101),
(62, 'ChicStreet', 'Fashion', 'Philadelphia, PA, US', 102),
(63, 'TechFusion', 'Technology', 'San Diego, CA, US', 103),
(64, 'QuickShopper', 'Retail', 'Phoenix, AZ, US', 104),
(65, 'CafeAura', 'Food & Beverage', 'New York, NY, US', 105),
(66, 'FashionLine', 'Fashion', 'Los Angeles, CA, US', 106),
(67, 'NextTech Solutions', 'Technology', 'Chicago, IL, US', 107),
(68, 'SmartMart', 'Retail', 'Houston, TX, US', 108),
(69, 'BrewHouse', 'Food & Beverage', 'San Francisco, CA, US', 109),
(70, 'StyleEdge', 'Fashion', 'Seattle, WA, US', 110),
(71, 'CyberWave', 'Technology', 'Boston, MA, US', 111),
(72, 'MegaRetail', 'Retail', 'Miami, FL, US', 112),
(73, 'CafeCulture', 'Food & Beverage', 'Austin, TX, US', 113),
(74, 'GlamourSpot', 'Fashion', 'Denver, CO, US', 114),
(75, 'TechCore', 'Technology', 'Portland, OR, US', 115),
(76, 'ValueShop', 'Retail', 'Atlanta, GA, US', 116),
(77, 'DailyCafe', 'Food & Beverage', 'Dallas, TX, US', 117),
(78, 'TrendChic', 'Fashion', 'Philadelphia, PA, US', 118),
(79, 'Innovatek', 'Technology', 'San Diego, CA, US', 119),
(80, 'ShopSmartly', 'Retail', 'Phoenix, AZ, US', 120),
(81, 'CoffeeNest', 'Food & Beverage', 'New York, NY, US', 101),
(82, 'StylePoint', 'Fashion', 'Los Angeles, CA, US', 102),
(83, 'TechMatrix', 'Technology', 'Chicago, IL, US', 103),
(84, 'RetailWorld', 'Retail', 'Houston, TX, US', 104),
(85, 'CafeCentral', 'Food & Beverage', 'San Francisco, CA, US', 105),
(86, 'FashionVista', 'Fashion', 'Seattle, WA, US', 106),
(87, 'NextGen IT', 'Technology', 'Boston, MA, US', 107),
(88, 'QuickBuyMart', 'Retail', 'Miami, FL, US', 108),
(89, 'BrewLab', 'Food & Beverage', 'Austin, TX, US', 109),
(90, 'UrbanStyle', 'Fashion', 'Denver, CO, US', 110),
(91, 'TechHub', 'Technology', 'Portland, OR, US', 111),
(92, 'SmartRetail', 'Retail', 'Atlanta, GA, US', 112),
(93, 'CafeHouse', 'Food & Beverage', 'Dallas, TX, US', 113),
(94, 'FashionLineX', 'Fashion', 'Philadelphia, PA, US', 114),
(95, 'CyberInnovate', 'Technology', 'San Diego, CA, US', 115),
(96, 'MarketMax', 'Retail', 'Phoenix, AZ, US', 116),
(97, 'CoffeeWorld', 'Food & Beverage', 'New York, NY, US', 117),
(98, 'ChicEdge', 'Fashion', 'Los Angeles, CA, US', 118),
(99, 'TechSphereX', 'Technology', 'Chicago, IL, US', 119),
(100, 'RetailKing', 'Retail', 'Houston, TX, US', 120),

(101, 'AlphaTech Solutions', 'Technology', 'San Francisco, CA, US', 101),
(102, 'GreenMarket', 'Retail', 'Seattle, WA, US', 102),
(103, 'CafeMocha House', 'Food & Beverage', 'Boston, MA, US', 103),
(104, 'UrbanTrendz', 'Fashion', 'Miami, FL, US', 104),
(105, 'CyberLink Systems', 'Technology', 'Austin, TX, US', 105),
(106, 'RetailWorld Plus', 'Retail', 'Denver, CO, US', 106),
(107, 'BeanStreet Coffee', 'Food & Beverage', 'Portland, OR, US', 107),
(108, 'ChicWear', 'Fashion', 'Atlanta, GA, US', 108),
(109, 'NextGen TechCorp', 'Technology', 'Dallas, TX, US', 109),
(110, 'ShopSmart Hub', 'Retail', 'Philadelphia, PA, US', 110),
(111, 'CoffeeExpress', 'Food & Beverage', 'San Diego, CA, US', 111),
(112, 'StyleHaven', 'Fashion', 'Phoenix, AZ, US', 112),
(113, 'Innovatek Solutions', 'Technology', 'New York, NY, US', 113),
(114, 'QuickMart', 'Retail', 'Los Angeles, CA, US', 114),
(115, 'CafeVibe', 'Food & Beverage', 'Chicago, IL, US', 115),
(116, 'FashionPoint', 'Fashion', 'Houston, TX, US', 116),
(117, 'TechNova', 'Technology', 'San Francisco, CA, US', 117),
(118, 'MegaShop', 'Retail', 'Seattle, WA, US', 118),
(119, 'BrewMasters', 'Food & Beverage', 'Boston, MA, US', 119),
(120, 'UrbanChic', 'Fashion', 'Miami, FL, US', 120),
(121, 'CyberCore', 'Technology', 'Austin, TX, US', 101),
(122, 'ValueMart', 'Retail', 'Denver, CO, US', 102),
(123, 'CafeDelight', 'Food & Beverage', 'Portland, OR, US', 103),
(124, 'TrendSetters', 'Fashion', 'Atlanta, GA, US', 104),
(125, 'TechFusion', 'Technology', 'Dallas, TX, US', 105),
(126, 'ShopEase', 'Retail', 'Philadelphia, PA, US', 106),
(127, 'MorningBrew', 'Food & Beverage', 'San Diego, CA, US', 107),
(128, 'GlamourLine', 'Fashion', 'Phoenix, AZ, US', 108),
(129, 'Innovex', 'Technology', 'New York, NY, US', 109),
(130, 'RetailHub', 'Retail', 'Los Angeles, CA, US', 110),
(131, 'CoffeeTime', 'Food & Beverage', 'Chicago, IL, US', 111),
(132, 'FashionEra', 'Fashion', 'Houston, TX, US', 112),
(133, 'NextTech Solutions', 'Technology', 'San Francisco, CA, US', 113),
(134, 'ShopCentral', 'Retail', 'Seattle, WA, US', 114),
(135, 'CafeLounge', 'Food & Beverage', 'Boston, MA, US', 115),
(136, 'StyleWave', 'Fashion', 'Miami, FL, US', 116),
(137, 'TechSphere', 'Technology', 'Austin, TX, US', 117),
(138, 'MarketMax', 'Retail', 'Denver, CO, US', 118),
(139, 'CafeNest', 'Food & Beverage', 'Portland, OR, US', 119),
(140, 'ChicEdge', 'Fashion', 'Atlanta, GA, US', 120),
(141, 'Innovatek', 'Technology', 'Dallas, TX, US', 101),
(142, 'SmartRetail', 'Retail', 'Philadelphia, PA, US', 102),
(143, 'CafeHouse', 'Food & Beverage', 'San Diego, CA, US', 103),
(144, 'FashionLineX', 'Fashion', 'Phoenix, AZ, US', 104),
(145, 'CyberInnovate', 'Technology', 'New York, NY, US', 105),
(146, 'MarketMakers', 'Retail', 'Los Angeles, CA, US', 106),
(147, 'CoffeeWorld', 'Food & Beverage', 'Chicago, IL, US', 107),
(148, 'GlamourSpot', 'Fashion', 'Houston, TX, US', 108),
(149, 'TechPulse', 'Technology', 'San Francisco, CA, US', 109),
(150, 'FreshChoice', 'Retail', 'Seattle, WA, US', 110),
(151, 'CafeExpress', 'Food & Beverage', 'Boston, MA, US', 111),
(152, 'UrbanStyle', 'Fashion', 'Miami, FL, US', 112),
(153, 'CyberWave', 'Technology', 'Austin, TX, US', 113),
(154, 'RetailPlus', 'Retail', 'Denver, CO, US', 114),
(155, 'DailyCafe', 'Food & Beverage', 'Portland, OR, US', 115),
(156, 'TrendChic', 'Fashion', 'Atlanta, GA, US', 116),
(157, 'TechHub', 'Technology', 'Dallas, TX, US', 117),
(158, 'SmartShop', 'Retail', 'Philadelphia, PA, US', 118),
(159, 'CafeCulture', 'Food & Beverage', 'San Diego, CA, US', 119),
(160, 'FashionVista', 'Fashion', 'Phoenix, AZ, US', 120),
(161, 'AlphaTech', 'Technology', 'New York, NY, US', 101),
(162, 'ShopSmartly', 'Retail', 'Los Angeles, CA, US', 102),
(163, 'BrewLab', 'Food & Beverage', 'Chicago, IL, US', 103),
(164, 'StylePoint', 'Fashion', 'Houston, TX, US', 104),
(165, 'Innovatek Solutions', 'Technology', 'San Francisco, CA, US', 105),
(166, 'QuickMart', 'Retail', 'Seattle, WA, US', 106),
(167, 'CafeVibe', 'Food & Beverage', 'Boston, MA, US', 107),
(168, 'StyleHaven', 'Fashion', 'Miami, FL, US', 108),
(169, 'NextGen TechCorp', 'Technology', 'Austin, TX, US', 109),
(170, 'MegaShop', 'Retail', 'Denver, CO, US', 110),
(171, 'UrbanChic', 'Fashion', 'Portland, OR, US', 111),
(172, 'CyberCore', 'Technology', 'Atlanta, GA, US', 112),
(173, 'ValueMart', 'Retail', 'Dallas, TX, US', 113),
(174, 'CafeDelight', 'Food & Beverage', 'Philadelphia, PA, US', 114),
(175, 'TrendSetters', 'Fashion', 'San Diego, CA, US', 115),
(176, 'TechFusion', 'Technology', 'Phoenix, AZ, US', 116),
(177, 'ShopEase', 'Retail', 'New York, NY, US', 117),
(178, 'MorningBrew', 'Food & Beverage', 'Los Angeles, CA, US', 118),
(179, 'GlamourLine', 'Fashion', 'Chicago, IL, US', 119),
(180, 'Innovex', 'Technology', 'Houston, TX, US', 120),
(181, 'RetailHub', 'Retail', 'San Francisco, CA, US', 101),
(182, 'CoffeeTime', 'Food & Beverage', 'Seattle, WA, US', 102),
(183, 'FashionEra', 'Fashion', 'Boston, MA, US', 103),
(184, 'NextTech Solutions', 'Technology', 'Miami, FL, US', 104),
(185, 'ShopCentral', 'Retail', 'Austin, TX, US', 105),
(186, 'CafeLounge', 'Food & Beverage', 'Denver, CO, US', 106),
(187, 'StyleWave', 'Fashion', 'Portland, OR, US', 107),
(188, 'TechSphere', 'Technology', 'Atlanta, GA, US', 108),
(189, 'MarketMax', 'Retail', 'Dallas, TX, US', 109),
(190, 'CafeNest', 'Food & Beverage', 'Philadelphia, PA, US', 110),
(191, 'ChicEdge', 'Fashion', 'San Diego, CA, US', 111),
(192, 'Innovatek', 'Technology', 'Phoenix, AZ, US', 112),
(193, 'SmartRetail', 'Retail', 'New York, NY, US', 113),
(194, 'CafeHouse', 'Food & Beverage', 'Los Angeles, CA, US', 114),
(195, 'FashionLineX', 'Fashion', 'Chicago, IL, US', 115),
(196, 'CyberInnovate', 'Technology', 'Houston, TX, US', 116),
(197, 'MarketMakers', 'Retail', 'San Francisco, CA, US', 117),
(198, 'CoffeeWorld', 'Food & Beverage', 'Seattle, WA, US', 118),
(199, 'GlamourSpot', 'Fashion', 'Boston, MA, US', 119),
(200, 'TechPulse', 'Technology', 'Miami, FL, US', 120),

(201, 'FreshMart Express', 'Retail', 'Dallas, TX, US', 101),
(202, 'CoffeeHub', 'Food & Beverage', 'Philadelphia, PA, US', 102),
(203, 'UrbanWear', 'Fashion', 'San Diego, CA, US', 103),
(204, 'TechWave', 'Technology', 'Phoenix, AZ, US', 104),
(205, 'QuickShop Hub', 'Retail', 'New York, NY, US', 105),
(206, 'CafeVibe Lounge', 'Food & Beverage', 'Los Angeles, CA, US', 106),
(207, 'StyleEdge Fashion', 'Fashion', 'Chicago, IL, US', 107),
(208, 'Innovatek Corp', 'Technology', 'Houston, TX, US', 108),
(209, 'RetailKing Plus', 'Retail', 'San Francisco, CA, US', 109),
(210, 'BeanStreet Cafe', 'Food & Beverage', 'Seattle, WA, US', 110),
(211, 'TrendLine Clothing', 'Fashion', 'Boston, MA, US', 111),
(212, 'NextGen Tech Solutions', 'Technology', 'Miami, FL, US', 112),
(213, 'MarketMax Hub', 'Retail', 'Austin, TX, US', 113),
(214, 'CafeNest Express', 'Food & Beverage', 'Denver, CO, US', 114),
(215, 'ChicEdge Boutique', 'Fashion', 'Portland, OR, US', 115),
(216, 'CyberCore Tech', 'Technology', 'Atlanta, GA, US', 116),
(217, 'ValueMart Retail', 'Retail', 'Dallas, TX, US', 117),
(218, 'DailyBrew Cafe', 'Food & Beverage', 'Philadelphia, PA, US', 118),
(219, 'TrendChic Apparel', 'Fashion', 'San Diego, CA, US', 119),
(220, 'TechHub Innovations', 'Technology', 'Phoenix, AZ, US', 120),
(221, 'SmartShop Hub', 'Retail', 'New York, NY, US', 101),
(222, 'CafeCulture Express', 'Food & Beverage', 'Los Angeles, CA, US', 102),
(223, 'FashionVista Line', 'Fashion', 'Chicago, IL, US', 103),
(224, 'AlphaTech Solutions', 'Technology', 'Houston, TX, US', 104),
(225, 'ShopSmartly Plus', 'Retail', 'San Francisco, CA, US', 105),
(226, 'BrewLab Cafe', 'Food & Beverage', 'Seattle, WA, US', 106),
(227, 'StylePoint Fashion', 'Fashion', 'Boston, MA, US', 107),
(228, 'Innovatek Solutions', 'Technology', 'Miami, FL, US', 108),
(229, 'QuickMart Retail', 'Retail', 'Austin, TX, US', 109),
(230, 'CafeVibe Lounge', 'Food & Beverage', 'Denver, CO, US', 110),
(231, 'StyleHaven Apparel', 'Fashion', 'Portland, OR, US', 111),
(232, 'NextGen TechCorp', 'Technology', 'Atlanta, GA, US', 112),
(233, 'MegaShop Retail', 'Retail', 'Dallas, TX, US', 113),
(234, 'UrbanChic Boutique', 'Fashion', 'Philadelphia, PA, US', 114),
(235, 'CyberCore Solutions', 'Technology', 'San Diego, CA, US', 115),
(236, 'ValueMart Plus', 'Retail', 'Phoenix, AZ, US', 116),
(237, 'CafeDelight Express', 'Food & Beverage', 'New York, NY, US', 117),
(238, 'TrendSetters Fashion', 'Fashion', 'Los Angeles, CA, US', 118),
(239, 'TechFusion Innovations', 'Technology', 'Chicago, IL, US', 119),
(240, 'ShopEase Hub', 'Retail', 'Houston, TX, US', 120),
(241, 'MorningBrew Cafe', 'Food & Beverage', 'San Francisco, CA, US', 101),
(242, 'GlamourLine Apparel', 'Fashion', 'Seattle, WA, US', 102),
(243, 'Innovex Tech', 'Technology', 'Boston, MA, US', 103),
(244, 'RetailHub Plus', 'Retail', 'Miami, FL, US', 104),
(245, 'CoffeeTime Cafe', 'Food & Beverage', 'Austin, TX, US', 105),
(246, 'FashionEra Line', 'Fashion', 'Denver, CO, US', 106),
(247, 'NextTech Solutions', 'Technology', 'Portland, OR, US', 107),
(248, 'ShopCentral Hub', 'Retail', 'Atlanta, GA, US', 108),
(249, 'CafeLounge Express', 'Food & Beverage', 'Dallas, TX, US', 109),
(250, 'StyleWave Apparel', 'Fashion', 'Philadelphia, PA, US', 110),
(251, 'TechSphere Innovations', 'Technology', 'San Diego, CA, US', 111),
(252, 'MarketMax Retail', 'Retail', 'Phoenix, AZ, US', 112),
(253, 'CafeNest Lounge', 'Food & Beverage', 'New York, NY, US', 113),
(254, 'ChicEdge Fashion', 'Fashion', 'Los Angeles, CA, US', 114),
(255, 'Innovatek Tech', 'Technology', 'Chicago, IL, US', 115),
(256, 'SmartRetail Hub', 'Retail', 'Houston, TX, US', 116),
(257, 'CafeHouse Express', 'Food & Beverage', 'San Francisco, CA, US', 117),
(258, 'FashionLineX Apparel', 'Fashion', 'Seattle, WA, US', 118),
(259, 'CyberInnovate Solutions', 'Technology', 'Boston, MA, US', 119),
(260, 'MarketMakers Retail', 'Retail', 'Miami, FL, US', 120),
(261, 'CoffeeWorld Cafe', 'Food & Beverage', 'Austin, TX, US', 101),
(262, 'GlamourSpot Fashion', 'Fashion', 'Denver, CO, US', 102),
(263, 'TechPulse Innovations', 'Technology', 'Portland, OR, US', 103),
(264, 'FreshMart Retail', 'Retail', 'Atlanta, GA, US', 104),
(265, 'CoffeeHub Express', 'Food & Beverage', 'Dallas, TX, US', 105),
(266, 'UrbanWear Apparel', 'Fashion', 'Philadelphia, PA, US', 106),
(267, 'TechWave Solutions', 'Technology', 'San Diego, CA, US', 107),
(268, 'QuickShop Hub', 'Retail', 'Phoenix, AZ, US', 108),
(269, 'CafeVibe Lounge', 'Food & Beverage', 'New York, NY, US', 109),
(270, 'StyleEdge Fashion', 'Fashion', 'Los Angeles, CA, US', 110),
(271, 'Innovatek Corp', 'Technology', 'Chicago, IL, US', 111),
(272, 'RetailKing Plus', 'Retail', 'Houston, TX, US', 112),
(273, 'BeanStreet Cafe', 'Food & Beverage', 'San Francisco, CA, US', 113),
(274, 'TrendLine Clothing', 'Fashion', 'Seattle, WA, US', 114),
(275, 'NextGen Tech Solutions', 'Technology', 'Boston, MA, US', 115),
(276, 'MarketMax Hub', 'Retail', 'Miami, FL, US', 116),
(277, 'CafeNest Express', 'Food & Beverage', 'Austin, TX, US', 117),
(278, 'ChicEdge Boutique', 'Fashion', 'Denver, CO, US', 118),
(279, 'CyberCore Tech', 'Technology', 'Portland, OR, US', 119),
(280, 'ValueMart Retail', 'Retail', 'Atlanta, GA, US', 120),
(281, 'DailyBrew Cafe', 'Food & Beverage', 'Dallas, TX, US', 101),
(282, 'TrendChic Apparel', 'Fashion', 'Philadelphia, PA, US', 102),
(283, 'TechHub Innovations', 'Technology', 'San Diego, CA, US', 103),
(284, 'SmartShop Hub', 'Retail', 'Phoenix, AZ, US', 104),
(285, 'CafeCulture Express', 'Food & Beverage', 'New York, NY, US', 105),
(286, 'FashionVista Line', 'Fashion', 'Los Angeles, CA, US', 106),
(287, 'AlphaTech Solutions', 'Technology', 'Chicago, IL, US', 107),
(288, 'ShopSmartly Plus', 'Retail', 'Houston, TX, US', 108),
(289, 'BrewLab Cafe', 'Food & Beverage', 'San Francisco, CA, US', 109),
(290, 'StylePoint Fashion', 'Fashion', 'Seattle, WA, US', 110),
(291, 'Innovatek Solutions', 'Technology', 'Boston, MA, US', 111),
(292, 'QuickMart Retail', 'Retail', 'Miami, FL, US', 112),
(293, 'CafeVibe Lounge', 'Food & Beverage', 'Austin, TX, US', 113),
(294, 'StyleHaven Apparel', 'Fashion', 'Denver, CO, US', 114),
(295, 'NextGen TechCorp', 'Technology', 'Portland, OR, US', 115),
(296, 'MegaShop Retail', 'Retail', 'Atlanta, GA, US', 116),
(297, 'UrbanChic Boutique', 'Fashion', 'Dallas, TX, US', 117),
(298, 'CyberCore Solutions', 'Technology', 'Philadelphia, PA, US', 118),
(299, 'ValueMart Plus', 'Retail', 'San Diego, CA, US', 119),
(300, 'CafeDelight Express', 'Food & Beverage', 'Phoenix, AZ, US', 120),
(301, 'TrendSetters Fashion', 'Fashion', 'New York, NY, US', 101),
(302, 'TechFusion Innovations', 'Technology', 'Los Angeles, CA, US', 102),
(303, 'ShopEase Hub', 'Retail', 'Chicago, IL, US', 103),
(304, 'MorningBrew Cafe', 'Food & Beverage', 'Houston, TX, US', 104),
(305, 'GlamourLine Apparel', 'Fashion', 'San Francisco, CA, US', 105),
(306, 'Innovex Tech', 'Technology', 'Seattle, WA, US', 106),
(307, 'RetailHub Plus', 'Retail', 'Boston, MA, US', 107),
(308, 'CoffeeTime Cafe', 'Food & Beverage', 'Miami, FL, US', 108),
(309, 'FashionEra Line', 'Fashion', 'Austin, TX, US', 109),
(310, 'NextTech Solutions', 'Technology', 'Denver, CO, US', 110),
(311, 'ShopCentral Hub', 'Retail', 'Portland, OR, US', 111),
(312, 'CafeLounge Express', 'Food & Beverage', 'Atlanta, GA, US', 112),
(313, 'StyleWave Apparel', 'Fashion', 'Dallas, TX, US', 113),
(314, 'TechSphere Innovations', 'Technology', 'Philadelphia, PA, US', 114),
(315, 'MarketMax Retail', 'Retail', 'San Diego, CA, US', 115),
(316, 'CafeNest Lounge', 'Food & Beverage', 'Phoenix, AZ, US', 116),
(317, 'ChicEdge Fashion', 'Fashion', 'New York, NY, US', 117),
(318, 'Innovatek Tech', 'Technology', 'Los Angeles, CA, US', 118),
(319, 'SmartRetail Hub', 'Retail', 'Chicago, IL, US', 119),
(320, 'CafeHouse Express', 'Food & Beverage', 'Houston, TX, US', 120),
(321, 'FashionLineX Apparel', 'Fashion', 'San Francisco, CA, US', 101),
(322, 'CyberInnovate Solutions', 'Technology', 'Seattle, WA, US', 102),
(323, 'MarketMakers Retail', 'Retail', 'Boston, MA, US', 103),
(324, 'CoffeeWorld Cafe', 'Food & Beverage', 'Miami, FL, US', 104),
(325, 'GlamourSpot Fashion', 'Fashion', 'Austin, TX, US', 105),
(326, 'TechPulse Innovations', 'Technology', 'Denver, CO, US', 106),
(327, 'FreshMart Retail', 'Retail', 'Portland, OR, US', 107),
(328, 'CoffeeHub Express', 'Food & Beverage', 'Atlanta, GA, US', 108),
(329, 'UrbanWear Apparel', 'Fashion', 'Dallas, TX, US', 109),
(330, 'TechWave Solutions', 'Technology', 'Philadelphia, PA, US', 110),
(331, 'QuickShop Hub', 'Retail', 'San Diego, CA, US', 111),
(332, 'CafeVibe Lounge', 'Food & Beverage', 'Phoenix, AZ, US', 112),
(333, 'StyleEdge Fashion', 'Fashion', 'New York, NY, US', 113),
(334, 'Innovatek Corp', 'Technology', 'Los Angeles, CA, US', 114),
(335, 'RetailKing Plus', 'Retail', 'Chicago, IL, US', 115),
(336, 'BeanStreet Cafe', 'Food & Beverage', 'Houston, TX, US', 116),
(337, 'TrendLine Clothing', 'Fashion', 'San Francisco, CA, US', 117),
(338, 'NextGen Tech Solutions', 'Technology', 'Seattle, WA, US', 118),
(339, 'MarketMax Hub', 'Retail', 'Boston, MA, US', 119),
(340, 'CafeNest Express', 'Food & Beverage', 'Miami, FL, US', 120),
(341, 'ChicEdge Boutique', 'Fashion', 'Austin, TX, US', 101),
(342, 'CyberCore Tech', 'Technology', 'Denver, CO, US', 102),
(343, 'ValueMart Retail', 'Retail', 'Portland, OR, US', 103),
(344, 'DailyBrew Cafe', 'Food & Beverage', 'Atlanta, GA, US', 104),
(345, 'TrendChic Apparel', 'Fashion', 'Dallas, TX, US', 105),
(346, 'TechHub Innovations', 'Technology', 'Philadelphia, PA, US', 106),
(347, 'SmartShop Hub', 'Retail', 'San Diego, CA, US', 107),
(348, 'CafeCulture Express', 'Food & Beverage', 'Phoenix, AZ, US', 108),
(349, 'FashionVista Line', 'Fashion', 'New York, NY, US', 109),
(350, 'AlphaTech Solutions', 'Technology', 'Los Angeles, CA, US', 110);



drop table if exists MerchantTransactions


CREATE TABLE MerchantTransactions (
    TransactionID INT PRIMARY KEY,
    MerchantID INT,
    Amount DECIMAL(15,2),
    PaymentMethod VARCHAR(50),
    Date DATETIME);

    --FOREIGN KEY (MerchantID) REFERENCES Merchants(MerchantID)


INSERT INTO MerchantTransactions VALUES
(1, 1, 150.50, 'Card', '2024-01-01 10:15:00'),
(2, 2, 230.75, 'Cash', '2024-01-02 11:20:00'),
(3, 3, 120.00, 'Card', '2024-01-03 12:25:00'),
(4, 4, 450.00, 'Online', '2024-01-04 13:30:00'),
(5, 5, 75.25, 'Card', '2024-01-05 14:35:00'),

(6, 6, 200.00, 'Cash', '2024-01-06 15:40:00'),
(7, 7, 310.10, 'Card', '2024-01-07 16:45:00'),
(8, 8, 80.50, 'Online', '2024-01-08 10:50:00'),
(9, 9, 140.00, 'Cash', '2024-01-09 11:55:00'),
(10, 10, 220.75, 'Card', '2024-01-10 12:00:00'),

(11, 11, 330.50, 'Online', '2024-01-11 13:05:00'),
(12, 12, 110.00, 'Cash', '2024-01-12 14:10:00'),
(13, 13, 95.75, 'Card', '2024-01-13 15:15:00'),
(14, 14, 275.25, 'Online', '2024-01-14 16:20:00'),
(15, 15, 180.00, 'Card', '2024-01-15 10:25:00'),

(16, 16, 145.50, 'Cash', '2024-01-16 11:30:00'),
(17, 17, 210.00, 'Card', '2024-01-17 12:35:00'),
(18, 18, 360.75, 'Online', '2024-01-18 13:40:00'),
(19, 19, 125.25, 'Card', '2024-01-19 14:45:00'),
(20, 20, 95.00, 'Cash', '2024-01-20 15:50:00'),

(21, 1, 180.50, 'Online', '2024-01-21 10:55:00'),
(22, 2, 250.00, 'Card', '2024-01-22 11:00:00'),
(23, 3, 175.25, 'Cash', '2024-01-23 12:05:00'),
(24, 4, 400.00, 'Card', '2024-01-24 13:10:00'),
(25, 5, 220.50, 'Online', '2024-01-25 14:15:00'),

(26, 6, 130.75, 'Card', '2024-01-26 15:20:00'),
(27, 7, 310.00, 'Cash', '2024-01-27 16:25:00'),
(28, 8, 190.50, 'Online', '2024-01-28 10:30:00'),
(29, 9, 145.75, 'Card', '2024-01-29 11:35:00'),
(30, 10, 200.00, 'Cash', '2024-01-30 12:40:00'),

(31, 11, 325.25, 'Online', '2024-01-31 13:45:00'),
(32, 12, 110.50, 'Card', '2024-02-01 14:50:00'),
(33, 13, 95.00, 'Cash', '2024-02-02 15:55:00'),
(34, 14, 275.75, 'Card', '2024-02-03 10:00:00'),
(35, 15, 180.50, 'Online', '2024-02-04 11:05:00'),

(36, 16, 150.00, 'Card', '2024-02-05 12:10:00'),
(37, 17, 210.25, 'Cash', '2024-02-06 13:15:00'),
(38, 18, 360.00, 'Card', '2024-02-07 14:20:00'),
(39, 19, 125.50, 'Online', '2024-02-08 15:25:00'),
(40, 20, 95.75, 'Card', '2024-02-09 16:30:00'),

(41, 1, 180.00, 'Cash', '2024-02-10 10:35:00'),
(42, 2, 250.25, 'Online', '2024-02-11 11:40:00'),
(43, 3, 175.50, 'Card', '2024-02-12 12:45:00'),
(44, 4, 400.75, 'Cash', '2024-02-13 13:50:00'),
(45, 5, 220.00, 'Online', '2024-02-14 14:55:00'),

(46, 6, 130.50, 'Card', '2024-02-15 15:00:00'),
(47, 7, 310.75, 'Cash', '2024-02-16 16:05:00'),
(48, 8, 190.00, 'Online', '2024-02-17 10:10:00'),
(49, 9, 145.25, 'Card', '2024-02-18 11:15:00'),
(50, 10, 200.50, 'Cash', '2024-02-19 12:20:00'),

(51, 11, 325.00, 'Online', '2024-02-20 13:25:00'),
(52, 12, 110.25, 'Card', '2024-02-21 14:30:00'),
(53, 13, 95.50, 'Cash', '2024-02-22 15:35:00'),
(54, 14, 275.00, 'Card', '2024-02-23 16:40:00'),
(55, 15, 180.75, 'Online', '2024-02-24 10:45:00'),

(56, 16, 150.25, 'Card', '2024-02-25 11:50:00'),
(57, 17, 210.50, 'Cash', '2024-02-26 12:55:00'),
(58, 18, 360.25, 'Card', '2024-02-27 14:00:00'),
(59, 19, 125.00, 'Online', '2024-02-28 15:05:00'),
(60, 20, 95.25, 'Card', '2024-02-29 16:10:00'),

(61, 1, 180.50, 'Cash', '2024-03-01 10:15:00'),
(62, 2, 250.50, 'Online', '2024-03-02 11:20:00'),
(63, 3, 175.75, 'Card', '2024-03-03 12:25:00'),
(64, 4, 400.50, 'Cash', '2024-03-04 13:30:00'),
(65, 5, 220.25, 'Online', '2024-03-05 14:35:00'),

(66, 6, 130.75, 'Card', '2024-03-06 15:40:00'),
(67, 7, 310.50, 'Cash', '2024-03-07 16:45:00'),
(68, 8, 190.25, 'Online', '2024-03-08 10:50:00'),
(69, 9, 145.50, 'Card', '2024-03-09 11:55:00'),
(70, 10, 200.75, 'Cash', '2024-03-10 12:00:00'),

(71, 11, 325.75, 'Online', '2024-03-11 13:05:00'),
(72, 12, 110.75, 'Card', '2024-03-12 14:10:00'),
(73, 13, 95.25, 'Cash', '2024-03-13 15:15:00'),
(74, 14, 275.50, 'Card', '2024-03-14 16:20:00'),
(75, 15, 180.25, 'Online', '2024-03-15 10:25:00'),

(76, 16, 150.50, 'Card', '2024-03-16 11:30:00'),
(77, 17, 210.75, 'Cash', '2024-03-17 12:35:00'),
(78, 18, 360.50, 'Card', '2024-03-18 13:40:00'),
(79, 19, 125.25, 'Online', '2024-03-19 14:45:00'),
(80, 20, 95.50, 'Card', '2024-03-20 15:50:00'),

(81, 1, 180.75, 'Cash', '2024-03-21 10:55:00'),
(82, 2, 250.75, 'Online', '2024-03-22 11:00:00'),
(83, 3, 175.50, 'Card', '2024-03-23 12:05:00'),
(84, 4, 400.25, 'Cash', '2024-03-24 13:10:00'),
(85, 5, 220.50, 'Online', '2024-03-25 14:15:00'),

(86, 6, 130.75, 'Card', '2024-03-26 15:20:00'),
(87, 7, 310.25, 'Cash', '2024-03-27 16:25:00'),
(88, 8, 190.50, 'Online', '2024-03-28 10:30:00'),
(89, 9, 145.75, 'Card', '2024-03-29 11:35:00'),
(90, 10, 200.25, 'Cash', '2024-03-30 12:40:00'),

(91, 11, 325.50, 'Online', '2024-03-31 13:45:00'),
(92, 12, 110.25, 'Card', '2024-04-01 14:50:00'),
(93, 13, 95.75, 'Cash', '2024-04-02 15:55:00'),
(94, 14, 275.25, 'Card', '2024-04-03 10:00:00'),
(95, 15, 180.50, 'Online', '2024-04-04 11:05:00'),

(96, 16, 150.75, 'Card', '2024-04-05 12:10:00'),
(97, 17, 210.25, 'Cash', '2024-04-06 13:15:00'),
(98, 18, 360.75, 'Card', '2024-04-07 14:20:00'),
(99, 19, 125.50, 'Online', '2024-04-08 15:25:00'),
(100, 20, 95.75, 'Card', '2024-04-09 16:30:00'),

(101, 1, 180.25, 'Cash', '2024-04-10 10:35:00'),
(102, 2, 250.50, 'Online', '2024-04-11 11:40:00'),
(103, 3, 175.75, 'Card', '2024-04-12 12:45:00'),
(104, 4, 400.50, 'Cash', '2024-04-13 13:50:00'),
(105, 5, 220.25, 'Online', '2024-04-14 14:55:00'),

(106, 6, 130.50, 'Card', '2024-04-15 15:00:00'),
(107, 7, 310.75, 'Cash', '2024-04-16 16:05:00'),
(108, 8, 190.25, 'Online', '2024-04-17 10:10:00'),
(109, 9, 145.50, 'Card', '2024-04-18 11:15:00'),
(110, 10, 200.75, 'Cash', '2024-04-19 12:20:00'),

(111, 11, 325.25, 'Online', '2024-04-20 13:25:00'),
(112, 12, 110.50, 'Card', '2024-04-21 14:30:00'),
(113, 13, 95.25, 'Cash', '2024-04-22 15:35:00'),
(114, 14, 275.50, 'Card', '2024-04-23 16:40:00'),
(115, 15, 180.75, 'Online', '2024-04-24 10:45:00'),

(116, 16, 150.25, 'Card', '2024-04-25 11:50:00'),
(117, 17, 210.50, 'Cash', '2024-04-26 12:55:00'),
(118, 18, 360.25, 'Card', '2024-04-27 14:00:00'),
(119, 19, 125.00, 'Online', '2024-04-28 15:05:00'),
(120, 20, 95.25, 'Card', '2024-04-29 16:10:00'),

(121, 1, 180.50, 'Cash', '2024-04-30 10:15:00'),
(122, 2, 250.25, 'Online', '2024-05-01 11:20:00'),
(123, 3, 175.50, 'Card', '2024-05-02 12:25:00'),
(124, 4, 400.75, 'Cash', '2024-05-03 13:30:00'),
(125, 5, 220.00, 'Online', '2024-05-04 14:35:00'),

(126, 6, 130.25, 'Card', '2024-05-05 15:40:00'),
(127, 7, 310.50, 'Cash', '2024-05-06 16:45:00'),
(128, 8, 190.75, 'Online', '2024-05-07 10:50:00'),
(129, 9, 145.25, 'Card', '2024-05-08 11:55:00'),
(130, 10, 200.50, 'Cash', '2024-05-09 12:00:00'),

(131, 11, 325.75, 'Online', '2024-05-10 13:05:00'),
(132, 12, 110.25, 'Card', '2024-05-11 14:10:00'),
(133, 13, 95.50, 'Cash', '2024-05-12 15:15:00'),
(134, 14, 275.25, 'Card', '2024-05-13 16:20:00'),
(135, 15, 180.50, 'Online', '2024-05-14 10:25:00'),

(136, 16, 150.75, 'Card', '2024-05-15 11:30:00'),
(137, 17, 210.25, 'Cash', '2024-05-16 12:35:00'),
(138, 18, 360.50, 'Card', '2024-05-17 13:40:00'),
(139, 19, 125.25, 'Online', '2024-05-18 14:45:00'),
(140, 20, 95.50, 'Card', '2024-05-19 15:50:00'),

(141, 1, 180.75, 'Cash', '2024-05-20 10:55:00'),
(142, 2, 250.50, 'Online', '2024-05-21 11:00:00'),
(143, 3, 175.25, 'Card', '2024-05-22 12:05:00'),
(144, 4, 400.75, 'Cash', '2024-05-23 13:10:00'),
(145, 5, 220.25, 'Online', '2024-05-24 14:15:00'),

(146, 6, 130.50, 'Card', '2024-05-25 15:20:00'),
(147, 7, 310.25, 'Cash', '2024-05-26 16:25:00'),
(148, 8, 190.50, 'Online', '2024-05-27 10:30:00'),
(149, 9, 145.75, 'Card', '2024-05-28 11:35:00'),
(150, 10, 200.25, 'Cash', '2024-05-29 12:40:00'),

(151, 11, 325.50, 'Online', '2024-05-30 13:45:00'),
(152, 12, 110.25, 'Card', '2024-05-31 14:50:00'),
(153, 13, 95.50, 'Cash', '2024-06-01 15:55:00'),
(154, 14, 275.25, 'Card', '2024-06-02 10:00:00'),
(155, 15, 180.50, 'Online', '2024-06-03 11:05:00'),

(156, 16, 150.75, 'Card', '2024-06-04 12:10:00'),
(157, 17, 210.25, 'Cash', '2024-06-05 13:15:00'),
(158, 18, 360.50, 'Card', '2024-06-06 14:20:00'),
(159, 19, 125.25, 'Online', '2024-06-07 15:25:00'),
(160, 20, 95.50, 'Card', '2024-06-08 16:30:00'),

(161, 1, 180.25, 'Cash', '2024-06-09 10:35:00'),
(162, 2, 250.75, 'Online', '2024-06-10 11:40:00'),
(163, 3, 175.50, 'Card', '2024-06-11 12:45:00'),
(164, 4, 400.50, 'Cash', '2024-06-12 13:50:00'),
(165, 5, 220.25, 'Online', '2024-06-13 14:55:00'),

(166, 6, 130.25, 'Card', '2024-06-14 15:00:00'),
(167, 7, 310.50, 'Cash', '2024-06-15 16:05:00'),
(168, 8, 190.75, 'Online', '2024-06-16 10:10:00'),
(169, 9, 145.25, 'Card', '2024-06-17 11:15:00'),
(170, 10, 200.50, 'Cash', '2024-06-18 12:20:00'),

(171, 11, 325.75, 'Online', '2024-06-19 13:25:00'),
(172, 12, 110.50, 'Card', '2024-06-20 14:30:00'),
(173, 13, 95.25, 'Cash', '2024-06-21 15:35:00'),
(174, 14, 275.50, 'Card', '2024-06-22 16:40:00'),
(175, 15, 180.75, 'Online', '2024-06-23 10:45:00'),

(176, 16, 150.25, 'Card', '2024-06-24 11:50:00'),
(177, 17, 210.50, 'Cash', '2024-06-25 12:55:00'),
(178, 18, 360.25, 'Card', '2024-06-26 14:00:00'),
(179, 19, 125.00, 'Online', '2024-06-27 15:05:00'),
(180, 20, 95.25, 'Card', '2024-06-28 16:10:00'),

(181, 1, 180.50, 'Cash', '2024-06-29 10:15:00'),
(182, 2, 250.25, 'Online', '2024-06-30 11:20:00'),
(183, 3, 175.50, 'Card', '2024-07-01 12:25:00'),
(184, 4, 400.75, 'Cash', '2024-07-02 13:30:00'),
(185, 5, 220.00, 'Online', '2024-07-03 14:35:00'),

(186, 6, 130.75, 'Card', '2024-07-04 15:40:00'),
(187, 7, 310.25, 'Cash', '2024-07-05 16:45:00'),
(188, 8, 190.50, 'Online', '2024-07-06 10:50:00'),
(189, 9, 145.75, 'Card', '2024-07-07 11:55:00'),
(190, 10, 200.25, 'Cash', '2024-07-08 12:00:00'),

(191, 11, 325.50, 'Online', '2024-07-09 13:05:00'),
(192, 12, 110.25, 'Card', '2024-07-10 14:10:00'),
(193, 13, 95.50, 'Cash', '2024-07-11 15:15:00'),
(194, 14, 275.25, 'Card', '2024-07-12 16:20:00'),
(195, 15, 180.50, 'Online', '2024-07-13 10:25:00'),

(196, 16, 150.75, 'Card', '2024-07-14 11:30:00'),
(197, 17, 210.25, 'Cash', '2024-07-15 12:35:00'),
(198, 18, 360.50, 'Card', '2024-07-16 13:40:00'),
(199, 19, 125.25, 'Online', '2024-07-17 14:45:00'),
(200, 20, 95.50, 'Card', '2024-07-18 15:50:00'),

(201, 1, 180.75, 'Cash', '2024-07-19 10:55:00'),
(202, 2, 250.50, 'Online', '2024-07-20 11:00:00'),
(203, 3, 175.25, 'Card', '2024-07-21 12:05:00'),
(204, 4, 400.75, 'Cash', '2024-07-22 13:10:00'),
(205, 5, 220.25, 'Online', '2024-07-23 14:15:00'),

(206, 6, 130.50, 'Card', '2024-07-24 15:20:00'),
(207, 7, 310.25, 'Cash', '2024-07-25 16:25:00'),
(208, 8, 190.50, 'Online', '2024-07-26 10:30:00'),
(209, 9, 145.75, 'Card', '2024-07-27 11:35:00'),
(210, 10, 200.25, 'Cash', '2024-07-28 12:40:00'),

(211, 11, 325.50, 'Online', '2024-07-29 13:45:00'),
(212, 12, 110.25, 'Card', '2024-07-30 14:50:00'),
(213, 13, 95.50, 'Cash', '2024-07-31 15:55:00'),
(214, 14, 275.25, 'Card', '2024-08-01 10:00:00'),
(215, 15, 180.50, 'Online', '2024-08-02 11:05:00'),

(216, 16, 150.75, 'Card', '2024-08-03 12:10:00'),
(217, 17, 210.25, 'Cash', '2024-08-04 13:15:00'),
(218, 18, 360.50, 'Card', '2024-08-05 14:20:00'),
(219, 19, 125.25, 'Online', '2024-08-06 15:25:00'),
(220, 20, 95.50, 'Card', '2024-08-07 16:30:00'),

(221, 1, 180.25, 'Cash', '2024-08-08 10:35:00'),
(222, 2, 250.75, 'Online', '2024-08-09 11:40:00'),
(223, 3, 175.50, 'Card', '2024-08-10 12:45:00'),
(224, 4, 400.50, 'Cash', '2024-08-11 13:50:00'),
(225, 5, 220.25, 'Online', '2024-08-12 14:55:00'),

(226, 6, 130.25, 'Card', '2024-08-13 15:00:00'),
(227, 7, 310.50, 'Cash', '2024-08-14 16:05:00'),
(228, 8, 190.75, 'Online', '2024-08-15 10:10:00'),
(229, 9, 145.25, 'Card', '2024-08-16 11:15:00'),
(230, 10, 200.50, 'Cash', '2024-08-17 12:20:00'),

(231, 11, 325.75, 'Online', '2024-08-18 13:25:00'),
(232, 12, 110.25, 'Card', '2024-08-19 14:30:00'),
(233, 13, 95.50, 'Cash', '2024-08-20 15:35:00'),
(234, 14, 275.25, 'Card', '2024-08-21 16:40:00'),
(235, 15, 180.50, 'Online', '2024-08-22 10:45:00'),

(236, 16, 150.75, 'Card', '2024-08-23 11:50:00'),
(237, 17, 210.25, 'Cash', '2024-08-24 12:55:00'),
(238, 18, 360.50, 'Card', '2024-08-25 14:00:00'),
(239, 19, 125.25, 'Online', '2024-08-26 15:05:00'),
(240, 20, 95.50, 'Card', '2024-08-27 16:10:00'),

(241, 1, 180.25, 'Cash', '2024-08-28 10:15:00'),
(242, 2, 250.75, 'Online', '2024-08-29 11:20:00'),
(243, 3, 175.50, 'Card', '2024-08-30 12:25:00'),
(244, 4, 400.50, 'Cash', '2024-08-31 13:30:00'),
(245, 5, 220.25, 'Online', '2024-09-01 14:35:00'),

(246, 6, 130.25, 'Card', '2024-09-02 15:40:00'),
(247, 7, 310.50, 'Cash', '2024-09-03 16:45:00'),
(248, 8, 190.75, 'Online', '2024-09-04 10:50:00'),
(249, 9, 145.25, 'Card', '2024-09-05 11:55:00'),
(250, 10, 200.50, 'Cash', '2024-09-06 12:00:00'),

(251, 11, 325.75, 'Online', '2024-09-07 13:05:00'),
(252, 12, 110.25, 'Card', '2024-09-08 14:10:00'),
(253, 13, 95.50, 'Cash', '2024-09-09 15:15:00'),
(254, 14, 275.25, 'Card', '2024-09-10 16:20:00'),
(255, 15, 180.50, 'Online', '2024-09-11 10:25:00'),

(256, 16, 150.75, 'Card', '2024-09-12 11:30:00'),
(257, 17, 210.25, 'Cash', '2024-09-13 12:35:00'),
(258, 18, 360.50, 'Card', '2024-09-14 13:40:00'),
(259, 19, 125.25, 'Online', '2024-09-15 14:45:00'),
(260, 20, 95.50, 'Card', '2024-09-16 15:50:00'),

(261, 1, 180.25, 'Cash', '2024-09-17 10:55:00'),
(262, 2, 250.75, 'Online', '2024-09-18 11:00:00'),
(263, 3, 175.50, 'Card', '2024-09-19 12:05:00'),
(264, 4, 400.50, 'Cash', '2024-09-20 13:10:00'),
(265, 5, 220.25, 'Online', '2024-09-21 14:15:00'),

(266, 6, 130.25, 'Card', '2024-09-22 15:20:00'),
(267, 7, 310.50, 'Cash', '2024-09-23 16:25:00'),
(268, 8, 190.75, 'Online', '2024-09-24 10:30:00'),
(269, 9, 145.25, 'Card', '2024-09-25 11:35:00'),
(270, 10, 200.50, 'Cash', '2024-09-26 12:40:00'),

(271, 11, 325.25, 'Online', '2024-09-27 13:45:00'),
(272, 12, 110.50, 'Card', '2024-09-28 14:50:00'),
(273, 13, 95.25, 'Cash', '2024-09-29 15:55:00'),
(274, 14, 275.50, 'Card', '2024-09-30 10:00:00'),
(275, 15, 180.75, 'Online', '2024-10-01 11:05:00'),

(276, 16, 150.25, 'Card', '2024-10-02 12:10:00'),
(277, 17, 210.50, 'Cash', '2024-10-03 13:15:00'),
(278, 18, 360.25, 'Card', '2024-10-04 14:20:00'),
(279, 19, 125.00, 'Online', '2024-10-05 15:25:00'),
(280, 20, 95.25, 'Card', '2024-10-06 16:30:00'),

(281, 1, 180.50, 'Cash', '2024-10-07 10:35:00'),
(282, 2, 250.25, 'Online', '2024-10-08 11:40:00'),
(283, 3, 175.50, 'Card', '2024-10-09 12:45:00'),
(284, 4, 400.75, 'Cash', '2024-10-10 13:50:00'),
(285, 5, 220.00, 'Online', '2024-10-11 14:55:00'),

(286, 6, 130.25, 'Card', '2024-10-12 15:00:00'),
(287, 7, 310.50, 'Cash', '2024-10-13 16:05:00'),
(288, 8, 190.75, 'Online', '2024-10-14 10:10:00'),
(289, 9, 145.25, 'Card', '2024-10-15 11:15:00'),
(290, 10, 200.50, 'Cash', '2024-10-16 12:20:00'),

(291, 11, 325.75, 'Online', '2024-10-17 13:25:00'),
(292, 12, 110.25, 'Card', '2024-10-18 14:30:00'),
(293, 13, 95.50, 'Cash', '2024-10-19 15:35:00'),
(294, 14, 275.25, 'Card', '2024-10-20 16:40:00'),
(295, 15, 180.50, 'Online', '2024-10-21 10:45:00'),

(296, 16, 150.75, 'Card', '2024-10-22 11:50:00'),
(297, 17, 210.25, 'Cash', '2024-10-23 12:55:00'),
(298, 18, 360.50, 'Card', '2024-10-24 14:00:00'),
(299, 19, 125.25, 'Online', '2024-10-25 15:05:00'),
(300, 20, 95.50, 'Card', '2024-10-26 16:10:00'),

(301, 1, 180.25, 'Cash', '2024-10-27 10:15:00'),
(302, 2, 250.75, 'Online', '2024-10-28 11:20:00'),
(303, 3, 175.50, 'Card', '2024-10-29 12:25:00'),
(304, 4, 400.50, 'Cash', '2024-10-30 13:30:00'),
(305, 5, 220.25, 'Online', '2024-10-31 14:35:00'),

(306, 6, 130.25, 'Card', '2024-11-01 15:40:00'),
(307, 7, 310.50, 'Cash', '2024-11-02 16:45:00'),
(308, 8, 190.75, 'Online', '2024-11-03 10:50:00'),
(309, 9, 145.25, 'Card', '2024-11-04 11:55:00'),
(310, 10, 200.50, 'Cash', '2024-11-05 12:00:00'),

(311, 11, 325.75, 'Online', '2024-11-06 13:05:00'),
(312, 12, 110.25, 'Card', '2024-11-07 14:10:00'),
(313, 13, 95.50, 'Cash', '2024-11-08 15:15:00'),
(314, 14, 275.25, 'Card', '2024-11-09 16:20:00'),
(315, 15, 180.50, 'Online', '2024-11-10 10:25:00'),

(316, 16, 150.75, 'Card', '2024-11-11 11:30:00'),
(317, 17, 210.25, 'Cash', '2024-11-12 12:35:00'),
(318, 18, 360.50, 'Card', '2024-11-13 13:40:00'),
(319, 19, 125.25, 'Online', '2024-11-14 14:45:00'),
(320, 20, 95.50, 'Card', '2024-11-15 15:50:00'),

(321, 1, 180.25, 'Cash', '2024-11-16 10:55:00'),
(322, 2, 250.75, 'Online', '2024-11-17 11:00:00'),
(323, 3, 175.50, 'Card', '2024-11-18 12:05:00'),
(324, 4, 400.50, 'Cash', '2024-11-19 13:10:00'),
(325, 5, 220.25, 'Online', '2024-11-20 14:15:00'),

(326, 6, 130.25, 'Card', '2024-11-21 15:20:00'),
(327, 7, 310.50, 'Cash', '2024-11-22 16:25:00'),
(328, 8, 190.75, 'Online', '2024-11-23 10:30:00'),
(329, 9, 145.25, 'Card', '2024-11-24 11:35:00'),
(330, 10, 200.50, 'Cash', '2024-11-25 12:40:00'),

(331, 11, 325.75, 'Online', '2024-11-26 13:45:00'),
(332, 12, 110.25, 'Card', '2024-11-27 14:50:00'),
(333, 13, 95.50, 'Cash', '2024-11-28 15:55:00'),
(334, 14, 275.25, 'Card', '2024-11-29 10:00:00'),
(335, 15, 180.50, 'Online', '2024-11-30 11:05:00'),

(336, 16, 150.75, 'Card', '2024-12-01 12:10:00'),
(337, 17, 210.25, 'Cash', '2024-12-02 13:15:00'),
(338, 18, 360.50, 'Card', '2024-12-03 14:20:00'),
(339, 19, 125.25, 'Online', '2024-12-04 15:25:00'),
(340, 20, 95.50, 'Card', '2024-12-05 16:30:00'),

(341, 1, 180.25, 'Cash', '2024-12-06 10:35:00'),
(342, 2, 250.75, 'Online', '2024-12-07 11:40:00'),
(343, 3, 175.50, 'Card', '2024-12-08 12:45:00'),
(344, 4, 400.50, 'Cash', '2024-12-09 13:50:00'),
(345, 5, 220.25, 'Online', '2024-12-10 14:55:00'),

(346, 6, 130.25, 'Card', '2024-12-11 15:00:00'),
(347, 7, 310.50, 'Cash', '2024-12-12 16:05:00'),
(348, 8, 190.75, 'Online', '2024-12-13 10:10:00'),
(349, 9, 145.25, 'Card', '2024-12-14 11:15:00'),
(350, 10, 200.50, 'Cash', '2024-12-15 12:20:00');








--1.Top 3 Customers with the Highest Total Balance Across All Accounts 

 select top 3
 c.customerid, c.fullname,
 sum (a.balance) as totalbalance
 from customers c
 inner join accounts a                 --har bir customerning akkauntini birlashtramz
 on c.customerid=a.customerid
 group by c.customerid, c.fullname     --har bir mijoz boyicha guruhladk
 order by sum(a.balance) desc;   --eng katta balans boyicha saraladk








--2.Customers Who Have More Than One Active Loan   qaysi mijozda bir nechta active kredit borligini aniqlayapmz
select*from customers
select*from loanss


select customerid,
count(*) as loancount        --nechta kredit borligini sanadk
from loans
where status='active'       --faqat aktivla
group by customerid
having count(*)>1;



--3.Transactions That Were Flagged as Fraudulent    
select*from customers
select*from transactionss
select*from accounts


update transactionss                      --transaction table dagi barcha statusla completed ekan shunchun update qb fraduelent qb kod ishlashini tekshrb kordm
set status= 'Fraudulent'
where transactionid in (57, 186);


select*from transactionss
where status = 'Fraudulent';



--4.Total Loan Amount Issued Per Branch    bank tarmoqlari bo‘yicha berilgan jami kredit summasini topish vazifasi

select*from loanss
select*from branches                  --loan jadvalida branchid yoq , customer va account orqali aniqladm
select*from accounts

                                            --loan-> customer-> acccount -> branch
select a.branchid,
sum (l.amount) as totalloan
from loanss l
join customers c                             --kreditni olgan mijozlani topsh uchun customers bn bogladm
on l.customerid=c.customerid
join accounts a                               --accountsda branch borligi uchun unga join qldm
on c.customerid=a.customerid
group by a.branchid;                            --har bir branch uchun alohida hsoblaymz shunchun group bu qlnadi



-- SQL Server uchun
SELECT COLUMN_NAME 
FROM INFORMATION_SCHEMA.COLUMNS 
WHERE TABLE_NAME = 'Loans';

SELECT COLUMN_NAME 
FROM INFORMATION_SCHEMA.COLUMNS 
WHERE TABLE_NAME = 'Branches';

SELECT COLUMN_NAME 
FROM INFORMATION_SCHEMA.COLUMNS 
WHERE TABLE_NAME = 'Accounts';


--5.Customers who made multiple large transactions (above $10,000) within a short time frame (less than 1 hour apart)
select * from customers
select*from transactionss
select *from accounts


select t1.accountid,
       t2.accountid,
       t1.transactionid,
	   t2.transactionid
from transactionss t1
join transactionss t2
on t1.accountid=t2.accountid                       --bir xil account ichidagi transactionlani solshtrdm         
where t1.transactionid<t2.transactionid             --1 ta transaction 2 marta hisoblanmasligi uchun solshtrdm, self join qlb
and t1.amount> 10000
and t2.amount> 10000
and datediff (minute, t1.date, t2.date) <=60;         --1 soatdan kam bolishi kk






                                                                                             

--6.Customers who have made transactions from different countries within 10 minutes, a common red flag for fraud.
--10 daqiqa ichida turli davlatladan qilingan transaction la fraud detectcion uchun

select * from customers
select*from transactionss
select*from branches                             --this query is soooo difficultt, that is why gpt helped me for writing correct 


select t1.accountid
from transactionss t1                             --self join , transactionsni oziga ozini bogladk
join transactionss t2                             --account qays branchga tegshli ekanini topdk va branch orqali country topdk
on t1.accountid=t2.accountid
join accounts a
on t1.accountid=a.accountid
join branches b1
on a.branchid=b1.branchid
join accounts a2
on t2.accountid=a2.accountid
join branches b2 
on a2.branchid=b2.branchid 
where t1.transactionid<t2.transactionid               --duplicate bop qomasligi uchun
and b1.country <> b2.country                           -- 2 ta transaction turli davlatlardan bolishi kk
and datediff(minute, t1.date, t2.date) <=10;





-------now ask yourself why you have typed that much query
--I wrote that many queries because in real banking systems data is stored in different tables. 
--To analyze customer balances, loans, and transactions, I had to connect related tables using joins. 
--Also, I tried to detect suspicious financial activities like large transactions, fraud transactions, 
--and cross-country operations within a short time. So, it was not about writing many queries, 
--but about solving real business and security problems.

